sensorId,date,timestampLocal,displacementMm,eastingM,northingM,elevationM,sourceRow,dailyReadingCount,rainLag2Date,rainLag2Mm,rainQuality,porePressureKpa,measurementType
22-1917,2013-12-29,2013-12-29T22:01:01,15.95681673,46671.6671,27441.8349,913.062,4,3,2013-12-27,0,N,,PRISM_3D_MAGNITUDE_REPORTED
22-1917,2013-12-30,2013-12-30T23:24:05,11.88865005,46671.6721,27441.8347,913.0668,8,4,2013-12-28,0,N,,PRISM_3D_MAGNITUDE_REPORTED
22-1917,2013-12-31,2013-12-31T18:35:54,19.77422565,46671.6823,27441.8378,913.0493,11,3,2013-12-29,,,,PRISM_3D_MAGNITUDE_REPORTED
22-1917,2014-01-01,2014-01-01T20:00:45,12.42376754,46671.6721,27441.8355,913.0637,15,4,2013-12-30,12,N,,PRISM_3D_MAGNITUDE_REPORTED
22-1917,2014-01-02,2014-01-02T23:05:56,13.28533025,46671.6713,27441.8344,913.0705,18,3,2013-12-31,3.6,N,,PRISM_3D_MAGNITUDE_REPORTED
22-1917,2014-01-03,2014-01-03T17:33:56,29.68316021,46671.677,27441.8375,913.0378,22,4,2014-01-01,0,N,,PRISM_3D_MAGNITUDE_REPORTED
22-1917,2014-01-04,2014-01-04T21:46:58,10.5394497,46671.676,27441.8348,913.0692,26,4,2014-01-02,0,N,,PRISM_3D_MAGNITUDE_REPORTED
22-1917,2014-01-05,2014-01-05T19:50:14,13.40186554,46671.6706,27441.8355,913.066,30,4,2014-01-03,0,N,,PRISM_3D_MAGNITUDE_REPORTED
22-1917,2014-01-06,2014-01-06T21:18:56,13.7047437,46671.6695,27441.8346,913.0669,34,4,2014-01-04,0,N,,PRISM_3D_MAGNITUDE_REPORTED
22-1917,2014-01-07,2014-01-07T18:41:21,11.34988986,46671.6753,27441.8363,913.0642,38,4,2014-01-05,0,N,,PRISM_3D_MAGNITUDE_REPORTED
22-1917,2014-01-08,2014-01-08T19:52:47,13.75536259,46671.6726,27441.8366,913.0603,42,4,2014-01-06,0,N,,PRISM_3D_MAGNITUDE_REPORTED
22-1917,2014-01-09,2014-01-09T20:56:33,11.74436035,46671.6745,27441.8352,913.0698,46,4,2014-01-07,0,N,,PRISM_3D_MAGNITUDE_REPORTED
22-1917,2014-01-10,2014-01-10T23:16:33,10.74197375,46671.6803,27441.8367,913.0641,49,3,2014-01-08,0,N,,PRISM_3D_MAGNITUDE_REPORTED
22-1917,2014-01-11,2014-01-11T12:58:30,13.33604139,46671.674,27441.8376,913.0623,50,1,2014-01-09,0.6,N,,PRISM_3D_MAGNITUDE_REPORTED
22-1917,2014-01-12,2014-01-12T21:17:42,15.74992063,46671.671,27441.8375,913.0591,53,3,2014-01-10,1.6,N,,PRISM_3D_MAGNITUDE_REPORTED
22-1917,2014-01-13,2014-01-13T21:14:57,14.54510227,46671.6736,27441.8388,913.0624,56,3,2014-01-11,29.2,N,,PRISM_3D_MAGNITUDE_REPORTED
22-1917,2014-01-14,2014-01-14T04:12:20,14.30838915,46671.6714,27441.8374,913.0659,57,1,2014-01-12,20,N,,PRISM_3D_MAGNITUDE_REPORTED
22-1917,2014-01-15,2014-01-15T17:00:36,13.45362405,46671.6746,27441.838,913.0622,59,2,2014-01-13,0.2,N,,PRISM_3D_MAGNITUDE_REPORTED
22-1917,2014-01-16,2014-01-16T17:07:15,13.40522286,46671.6712,27441.8361,913.0655,62,3,2014-01-14,0.8,N,,PRISM_3D_MAGNITUDE_REPORTED
22-1917,2014-01-17,2014-01-17T17:02:15,14.07870732,46671.6747,27441.8366,913.0726,65,3,2014-01-15,11,N,,PRISM_3D_MAGNITUDE_REPORTED
22-1917,2014-01-18,2014-01-18T16:52:51,17.95355118,46671.6731,27441.8416,913.0594,68,3,2014-01-16,15.4,N,,PRISM_3D_MAGNITUDE_REPORTED
22-1917,2014-01-19,2014-01-19T16:54:15,17.35453831,46671.6689,27441.8389,913.0616,71,3,2014-01-17,2,N,,PRISM_3D_MAGNITUDE_REPORTED
22-1917,2014-01-20,2014-01-20T20:58:09,19.43296169,46671.6714,27441.8408,913.0558,75,4,2014-01-18,0.2,N,,PRISM_3D_MAGNITUDE_REPORTED
22-1917,2014-01-21,2014-01-21T17:39:28,28.66740309,46671.655,27441.8381,913.0579,77,2,2014-01-19,17.6,N,,PRISM_3D_MAGNITUDE_REPORTED
22-1917,2014-01-22,2014-01-22T19:19:19,15.52546295,46671.6768,27441.8406,913.0608,78,1,2014-01-20,0,N,,PRISM_3D_MAGNITUDE_REPORTED
22-1917,2014-01-23,2014-01-23T19:45:43,15.45574327,46671.6792,27441.8392,913.073,81,3,2014-01-21,0,N,,PRISM_3D_MAGNITUDE_REPORTED
22-1917,2014-01-24,2014-01-24T22:47:54,14.86102284,46671.6768,27441.8405,913.0656,85,4,2014-01-22,10.4,N,,PRISM_3D_MAGNITUDE_REPORTED
22-1917,2014-01-25,2014-01-25T19:16:01,17.14467848,46671.6712,27441.8391,913.0717,88,3,2014-01-23,0.2,N,,PRISM_3D_MAGNITUDE_REPORTED
22-1917,2014-01-26,2014-01-26T17:04:50,15.37823137,46671.6768,27441.8405,913.069,90,2,2014-01-24,0,N,,PRISM_3D_MAGNITUDE_REPORTED
22-1917,2014-01-28,2014-01-28T16:21:27,22.28474815,46671.6866,27441.8441,913.0538,91,1,2014-01-26,35,N,,PRISM_3D_MAGNITUDE_REPORTED
22-1917,2014-01-29,2014-01-29T22:44:35,18.21071113,46671.6849,27441.8431,913.0611,93,2,2014-01-27,24.8,N,,PRISM_3D_MAGNITUDE_REPORTED
22-1917,2014-01-30,2014-01-30T19:00:24,20.89353967,46671.6914,27441.8433,913.0677,96,3,2014-01-28,0.8,N,,PRISM_3D_MAGNITUDE_REPORTED
22-1917,2014-01-31,2014-01-31T20:41:45,18.19615344,46671.683,27441.8439,913.0637,100,4,2014-01-29,0,N,,PRISM_3D_MAGNITUDE_REPORTED
22-1917,2014-02-01,2014-02-01T18:27:13,18.78856035,46671.6826,27441.842,913.0745,102,2,2014-01-30,0,N,,PRISM_3D_MAGNITUDE_REPORTED
22-1917,2014-02-02,2014-02-02T15:06:32,18.33493932,46671.6742,27441.8433,913.0668,104,2,2014-01-31,0,N,,PRISM_3D_MAGNITUDE_REPORTED
22-1917,2014-02-04,2014-02-04T14:16:48,17.78819833,46671.6787,27441.8428,913.0707,105,1,2014-02-02,0,N,,PRISM_3D_MAGNITUDE_REPORTED
22-1917,2014-02-06,2014-02-06T20:04:31,18.72538384,46671.6742,27441.8438,913.0646,107,2,2014-02-04,8.6,N,,PRISM_3D_MAGNITUDE_REPORTED
22-1917,2014-02-07,2014-02-07T19:56:18,18.4439692,46671.6777,27441.8443,913.065,110,3,2014-02-05,0,N,,PRISM_3D_MAGNITUDE_REPORTED
22-1917,2014-02-08,2014-02-08T18:10:50,18.42335474,46671.6753,27441.8438,913.0657,113,3,2014-02-06,0.4,N,,PRISM_3D_MAGNITUDE_REPORTED
22-1917,2014-02-09,2014-02-09T18:29:55,21.99568139,46671.6796,27441.8417,913.0804,116,3,2014-02-07,1.6,N,,PRISM_3D_MAGNITUDE_REPORTED
22-1917,2014-02-10,2014-02-10T17:23:28,20.3995098,46671.6795,27441.8443,913.074,118,2,2014-02-08,3.4,N,,PRISM_3D_MAGNITUDE_REPORTED
22-1917,2014-02-11,2014-02-11T23:59:49,20.09626831,46671.6744,27441.8441,913.0717,121,3,2014-02-09,0.8,N,,PRISM_3D_MAGNITUDE_REPORTED
22-1917,2014-02-12,2014-02-12T17:58:18,19.50897229,46671.6818,27441.8454,913.066,123,2,2014-02-10,29,N,,PRISM_3D_MAGNITUDE_REPORTED
22-1917,2014-02-13,2014-02-13T19:11:31,20.6618005,46671.6773,27441.8449,913.0729,126,3,2014-02-11,8.4,N,,PRISM_3D_MAGNITUDE_REPORTED
22-1917,2014-02-14,2014-02-14T18:50:26,20.14547096,46671.679,27441.846,913.0672,129,3,2014-02-12,20.6,N,,PRISM_3D_MAGNITUDE_REPORTED
22-1917,2014-02-15,2014-02-15T19:00:47,20.80264406,46671.6805,27441.8465,913.0685,132,3,2014-02-13,0.2,N,,PRISM_3D_MAGNITUDE_REPORTED
22-1917,2014-02-16,2014-02-16T23:20:54,23.33152374,46671.6788,27441.8456,913.0776,135,3,2014-02-14,0,N,,PRISM_3D_MAGNITUDE_REPORTED
22-1917,2014-02-17,2014-02-17T12:42:07,23.64529551,46671.675,27441.8491,913.0657,137,2,2014-02-15,0,N,,PRISM_3D_MAGNITUDE_REPORTED
22-1917,2014-02-18,2014-02-18T19:56:31,23.849109,46671.6803,27441.849,913.0713,139,2,2014-02-16,115,N,,PRISM_3D_MAGNITUDE_REPORTED
22-1917,2014-02-19,2014-02-19T22:14:29,25.67586415,46671.6838,27441.8501,913.073,142,3,2014-02-17,6,N,,PRISM_3D_MAGNITUDE_REPORTED
22-1917,2014-02-20,2014-02-20T04:30:39,24.3977458,46671.675,27441.8488,913.0721,143,1,2014-02-18,0,N,,PRISM_3D_MAGNITUDE_REPORTED
22-1918,2013-11-20,2013-11-20T23:41:50,14.62873884,46634.196,27452.729,912.724,145,2,2013-11-18,0,N,,PRISM_3D_MAGNITUDE_REPORTED
22-1918,2013-11-27,2013-11-27T12:39:29,8.774964389,46634.179,27452.728,912.735,146,1,2013-11-25,0,N,,PRISM_3D_MAGNITUDE_REPORTED
22-1918,2013-11-28,2013-11-28T20:25:28,6.708203931,46634.187,27452.73,912.729,148,2,2013-11-26,0,N,,PRISM_3D_MAGNITUDE_REPORTED
22-1918,2013-11-29,2013-11-29T17:13:36,14.62873884,46634.195,27452.732,912.724,151,3,2013-11-27,0,N,,PRISM_3D_MAGNITUDE_REPORTED
22-1918,2013-11-30,2013-11-30T23:11:46,6.445153219,46634.1855,27452.7308,912.7295,154,3,2013-11-28,0,N,,PRISM_3D_MAGNITUDE_REPORTED
22-1918,2013-12-01,2013-12-01T17:23:49,5.441507146,46634.1814,27452.7311,912.7252,157,3,2013-11-29,0,N,,PRISM_3D_MAGNITUDE_REPORTED
22-1918,2013-12-02,2013-12-02T14:30:21,5.994997916,46634.1803,27452.7316,912.7257,158,1,2013-11-30,0,N,,PRISM_3D_MAGNITUDE_REPORTED
22-1918,2013-12-03,2013-12-03T18:38:31,13.82244552,46634.1943,27452.7321,912.7254,161,3,2013-12-01,0,N,,PRISM_3D_MAGNITUDE_REPORTED
22-1918,2013-12-04,2013-12-04T20:20:29,8.882567195,46634.1873,27452.7319,912.731,164,3,2013-12-02,0,N,,PRISM_3D_MAGNITUDE_REPORTED
22-1918,2013-12-05,2013-12-05T20:16:52,6.754998149,46634.1837,27452.7325,912.7263,167,3,2013-12-03,20,N,,PRISM_3D_MAGNITUDE_REPORTED
22-1918,2013-12-06,2013-12-06T16:15:52,7.861933604,46634.177,27452.732,912.7261,168,1,2013-12-04,0.2,N,,PRISM_3D_MAGNITUDE_REPORTED
22-1918,2013-12-07,2013-12-07T19:41:26,14.11169727,46634.1933,27452.7336,912.7307,171,3,2013-12-05,0.6,N,,PRISM_3D_MAGNITUDE_REPORTED
22-1918,2013-12-08,2013-12-08T04:09:52,8.225569888,46634.1861,27452.7329,912.7252,172,1,2013-12-06,8.2,N,,PRISM_3D_MAGNITUDE_REPORTED
22-1918,2013-12-09,2013-12-09T18:00:33,6.86658576,46634.1855,27452.7319,912.7273,173,1,2013-12-07,0,N,,PRISM_3D_MAGNITUDE_REPORTED
22-1918,2013-12-10,2013-12-10T17:40:57,8.230431338,46634.1813,27452.7339,912.7248,175,2,2013-12-08,0,N,,PRISM_3D_MAGNITUDE_REPORTED
22-1918,2013-12-11,2013-12-11T17:17:54,10.71494284,46634.186,27452.734,912.7211,177,2,2013-12-09,0,N,,PRISM_3D_MAGNITUDE_REPORTED
22-1918,2013-12-13,2013-12-13T18:19:59,14.32270924,46634.1945,27452.7327,912.729,178,1,2013-12-11,0,N,,PRISM_3D_MAGNITUDE_REPORTED
22-1918,2013-12-14,2013-12-14T17:20:31,17.8879848,46634.1819,27452.7351,912.7116,180,2,2013-12-12,0,N,,PRISM_3D_MAGNITUDE_REPORTED
22-1918,2013-12-16,2013-12-16T18:03:25,20.90310982,46634.1927,27452.7354,912.7117,182,2,2013-12-14,0,N,,PRISM_3D_MAGNITUDE_REPORTED
22-1918,2013-12-17,2013-12-17T17:43:18,14.08687332,46634.1848,27452.7346,912.7162,184,2,2013-12-15,0,N,,PRISM_3D_MAGNITUDE_REPORTED
22-1918,2013-12-18,2013-12-18T18:47:48,7.080254236,46634.1837,27452.7328,912.728,185,1,2013-12-16,1.6,N,,PRISM_3D_MAGNITUDE_REPORTED
22-1918,2013-12-19,2013-12-19T21:57:56,13.51073647,46634.1895,27452.7358,912.7215,188,3,2013-12-17,0,N,,PRISM_3D_MAGNITUDE_REPORTED
22-1918,2013-12-20,2013-12-20T22:49:05,9.129074434,46634.1819,27452.7343,912.7232,192,4,2013-12-18,0,N,,PRISM_3D_MAGNITUDE_REPORTED
22-1918,2013-12-21,2013-12-21T20:16:58,10.26985881,46634.1871,27452.7349,912.7265,196,4,2013-12-19,0,N,,PRISM_3D_MAGNITUDE_REPORTED
22-1918,2013-12-22,2013-12-22T18:27:11,10.5763888,46634.186,27452.7341,912.7215,200,4,2013-12-20,0,N,,PRISM_3D_MAGNITUDE_REPORTED
22-1918,2013-12-23,2013-12-23T22:07:09,16.45843249,46634.196,27452.7332,912.7318,205,5,2013-12-21,0,N,,PRISM_3D_MAGNITUDE_REPORTED
22-1918,2013-12-24,2013-12-24T22:43:33,12.37861059,46634.1895,27452.7357,912.7253,209,4,2013-12-22,0,N,,PRISM_3D_MAGNITUDE_REPORTED
22-1918,2013-12-25,2013-12-25T23:17:40,9.26552751,46634.1869,27452.7338,912.728,213,4,2013-12-23,0,N,,PRISM_3D_MAGNITUDE_REPORTED
22-1918,2013-12-26,2013-12-26T23:55:44,13.12783303,46634.1868,27452.7367,912.7211,217,4,2013-12-24,0.2,N,,PRISM_3D_MAGNITUDE_REPORTED
22-1918,2013-12-27,2013-12-27T20:26:27,9.978476839,46634.186,27452.7346,912.7239,220,3,2013-12-25,0,N,,PRISM_3D_MAGNITUDE_REPORTED
22-1918,2013-12-28,2013-12-28T21:06:29,10.56929515,46634.1881,27452.7337,912.7309,224,4,2013-12-26,0,N,,PRISM_3D_MAGNITUDE_REPORTED
22-1918,2013-12-29,2013-12-29T22:01:01,8.591856611,46634.1807,27452.7343,912.7252,228,4,2013-12-27,0,N,,PRISM_3D_MAGNITUDE_REPORTED
22-1918,2013-12-30,2013-12-30T23:24:05,13.39925371,46634.1916,27452.7337,912.7323,232,4,2013-12-28,0,N,,PRISM_3D_MAGNITUDE_REPORTED
22-1918,2013-12-31,2013-12-31T18:51:56,10.95947079,46634.1831,27452.7349,912.7207,235,3,2013-12-29,,,,PRISM_3D_MAGNITUDE_REPORTED
22-1918,2014-01-01,2014-01-01T20:00:45,10.27277957,46634.188,27452.7343,912.7278,239,4,2013-12-30,12,N,,PRISM_3D_MAGNITUDE_REPORTED
22-1918,2014-01-02,2014-01-02T23:05:56,12.53156016,46634.1898,27452.7336,912.7332,242,3,2013-12-31,3.6,N,,PRISM_3D_MAGNITUDE_REPORTED
22-1918,2014-01-03,2014-01-03T17:33:56,25.52724035,46634.1894,27452.7362,912.7048,246,4,2014-01-01,0,N,,PRISM_3D_MAGNITUDE_REPORTED
22-1918,2014-01-04,2014-01-04T22:08:31,9.633794684,46634.1854,27452.7345,912.73,250,4,2014-01-02,0,N,,PRISM_3D_MAGNITUDE_REPORTED
22-1918,2014-01-05,2014-01-05T20:11:04,12.2294726,46634.1898,27452.7354,912.7276,254,4,2014-01-03,0,N,,PRISM_3D_MAGNITUDE_REPORTED
22-1918,2014-01-06,2014-01-06T21:38:08,9.803060749,46634.186,27452.7347,912.7291,258,4,2014-01-04,0,N,,PRISM_3D_MAGNITUDE_REPORTED
22-1918,2014-01-07,2014-01-07T18:41:21,9.671607936,46634.1848,27452.7351,912.7287,262,4,2014-01-05,0,N,,PRISM_3D_MAGNITUDE_REPORTED
22-1918,2014-01-08,2014-01-08T19:52:47,11.24899996,46634.1883,27452.7353,912.7276,266,4,2014-01-06,0,N,,PRISM_3D_MAGNITUDE_REPORTED
22-1918,2014-01-09,2014-01-09T21:17:57,12.11404144,46634.1883,27452.7345,912.7329,270,4,2014-01-07,0,N,,PRISM_3D_MAGNITUDE_REPORTED
22-1918,2014-01-10,2014-01-10T23:16:33,15.3352535,46634.193,27452.7351,912.7326,274,4,2014-01-08,0,N,,PRISM_3D_MAGNITUDE_REPORTED
22-1918,2014-01-11,2014-01-11T12:58:30,13.78150935,46634.1906,27452.7366,912.7251,275,1,2014-01-09,0.6,N,,PRISM_3D_MAGNITUDE_REPORTED
22-1918,2014-01-12,2014-01-12T21:17:42,13.38693393,46634.1906,27452.7361,912.7288,278,3,2014-01-10,1.6,N,,PRISM_3D_MAGNITUDE_REPORTED
22-1918,2014-01-13,2014-01-13T21:14:57,13.15180596,46634.1876,27452.7379,912.727,280,2,2014-01-11,29.2,N,,PRISM_3D_MAGNITUDE_REPORTED
22-1918,2014-01-14,2014-01-14T04:12:20,17.90921551,46634.1915,27452.7353,912.739,281,1,2014-01-12,20,N,,PRISM_3D_MAGNITUDE_REPORTED
22-1918,2014-01-15,2014-01-15T17:00:36,11.97455636,46634.1777,27452.7371,912.7283,283,2,2014-01-13,0.2,N,,PRISM_3D_MAGNITUDE_REPORTED
22-1918,2014-01-16,2014-01-16T17:28:04,11.62798349,46634.1806,27452.737,912.7305,286,3,2014-01-14,0.8,N,,PRISM_3D_MAGNITUDE_REPORTED
22-1918,2014-01-17,2014-01-17T17:23:38,12.37012531,46634.1795,27452.7374,912.7311,289,3,2014-01-15,11,N,,PRISM_3D_MAGNITUDE_REPORTED
22-1918,2014-01-18,2014-01-18T16:52:51,15.23876635,46634.1782,27452.7407,912.7257,292,3,2014-01-16,15.4,N,,PRISM_3D_MAGNITUDE_REPORTED
22-1918,2014-01-19,2014-01-19T16:54:15,14.61677119,46634.1788,27452.7395,912.7224,295,3,2014-01-17,2,N,,PRISM_3D_MAGNITUDE_REPORTED
22-1918,2014-01-20,2014-01-20T20:58:09,13.71896498,46634.18,27452.7395,912.7256,299,4,2014-01-18,0.2,N,,PRISM_3D_MAGNITUDE_REPORTED
22-1918,2014-01-21,2014-01-21T17:39:28,21.331901,46634.1648,27452.738,912.7231,300,1,2014-01-19,17.6,N,,PRISM_3D_MAGNITUDE_REPORTED
22-1918,2014-01-22,2014-01-22T19:19:19,13.97175723,46634.1852,27452.7396,912.7271,301,1,2014-01-20,0,N,,PRISM_3D_MAGNITUDE_REPORTED
22-1918,2014-01-23,2014-01-23T19:45:43,17.04963343,46634.1818,27452.7377,912.7394,304,3,2014-01-21,0,N,,PRISM_3D_MAGNITUDE_REPORTED
22-1918,2014-01-24,2014-01-24T22:47:54,14.3575764,46634.1805,27452.7402,912.7285,308,4,2014-01-22,10.4,N,,PRISM_3D_MAGNITUDE_REPORTED
22-1918,2014-01-25,2014-01-25T19:16:01,14.42324513,46634.1817,27452.7397,912.7315,311,3,2014-01-23,0.2,N,,PRISM_3D_MAGNITUDE_REPORTED
22-1918,2014-01-26,2014-01-26T23:32:14,15.18716564,46634.1843,27452.741,912.7264,314,3,2014-01-24,0,N,,PRISM_3D_MAGNITUDE_REPORTED
22-1918,2014-01-28,2014-01-28T22:55:52,21.40584032,46634.1954,27452.7423,912.7234,316,2,2014-01-26,35,N,,PRISM_3D_MAGNITUDE_REPORTED
22-1918,2014-01-29,2014-01-29T22:44:35,22.93054731,46634.1968,27452.7429,912.7224,318,2,2014-01-27,24.8,N,,PRISM_3D_MAGNITUDE_REPORTED
22-1918,2014-01-30,2014-01-30T19:10:40,20.47095503,46634.1904,27452.7417,912.7371,321,3,2014-01-28,0.8,N,,PRISM_3D_MAGNITUDE_REPORTED
22-1918,2014-01-31,2014-01-31T20:41:45,19.15045692,46634.1901,27452.7432,912.7293,325,4,2014-01-29,0,N,,PRISM_3D_MAGNITUDE_REPORTED
22-1918,2014-02-01,2014-02-01T18:27:13,18.21482913,46634.1877,27452.7425,912.7322,327,2,2014-01-30,0,N,,PRISM_3D_MAGNITUDE_REPORTED
22-1918,2014-02-02,2014-02-02T15:06:32,17.8742832,46634.1804,27452.7438,912.7273,329,2,2014-01-31,0,N,,PRISM_3D_MAGNITUDE_REPORTED
22-1918,2014-02-06,2014-02-06T20:04:31,18.60215041,46634.1854,27452.7438,912.7312,331,2,2014-02-04,8.6,N,,PRISM_3D_MAGNITUDE_REPORTED
22-1918,2014-02-07,2014-02-07T19:56:18,20.28915967,46634.185,27452.7456,912.7227,334,3,2014-02-05,0,N,,PRISM_3D_MAGNITUDE_REPORTED
22-1918,2014-02-08,2014-02-08T18:10:50,18.47863631,46634.1833,27452.7444,912.7281,337,3,2014-02-06,0.4,N,,PRISM_3D_MAGNITUDE_REPORTED
22-1918,2014-02-09,2014-02-09T18:29:55,29.19349243,46634.1852,27452.7409,912.7519,340,3,2014-02-07,1.6,N,,PRISM_3D_MAGNITUDE_REPORTED
22-1918,2014-02-10,2014-02-10T17:23:28,24.86966023,46634.19,27452.7439,912.7423,342,2,2014-02-08,3.4,N,,PRISM_3D_MAGNITUDE_REPORTED
22-1918,2014-02-11,2014-02-11T23:59:49,20.7487349,46634.1853,27452.7449,912.7349,345,3,2014-02-09,0.8,N,,PRISM_3D_MAGNITUDE_REPORTED
22-1918,2014-02-12,2014-02-12T17:58:18,21.32299229,46634.1891,27452.7461,912.7265,347,2,2014-02-10,29,N,,PRISM_3D_MAGNITUDE_REPORTED
22-1918,2014-02-13,2014-02-13T19:11:31,21.87624282,46634.1862,27452.7458,912.7353,350,3,2014-02-11,8.4,N,,PRISM_3D_MAGNITUDE_REPORTED
22-1918,2014-02-14,2014-02-14T18:50:26,21.01166343,46634.1838,27452.7464,912.7317,353,3,2014-02-12,20.6,N,,PRISM_3D_MAGNITUDE_REPORTED
22-1918,2014-02-15,2014-02-15T19:00:47,22.04041742,46634.1853,27452.7468,912.7335,356,3,2014-02-13,0.2,N,,PRISM_3D_MAGNITUDE_REPORTED
22-1918,2014-02-16,2014-02-16T23:20:54,22.81972831,46634.1832,27452.7473,912.7351,359,3,2014-02-14,0,N,,PRISM_3D_MAGNITUDE_REPORTED
22-1918,2014-02-17,2014-02-17T12:42:07,24.15056935,46634.1834,27452.75,912.7293,360,1,2014-02-15,0,N,,PRISM_3D_MAGNITUDE_REPORTED
22-1918,2014-02-18,2014-02-18T20:13:12,24.15988411,46634.1849,27452.7495,912.7318,362,2,2014-02-16,115,N,,PRISM_3D_MAGNITUDE_REPORTED
22-1918,2014-02-19,2014-02-19T22:33:41,24.75479752,46634.184,27452.7496,912.7342,365,3,2014-02-17,6,N,,PRISM_3D_MAGNITUDE_REPORTED
22-1918,2014-02-20,2014-02-20T04:30:39,25.46311057,46634.1772,27452.7502,912.7333,366,1,2014-02-18,0,N,,PRISM_3D_MAGNITUDE_REPORTED
22-2001,2013-11-20,2013-11-20T15:08:15,0,46665.141,27458.657,900.774,5603,1,2013-11-18,0,N,,PRISM_3D_MAGNITUDE_REPORTED
22-2001,2013-11-21,2013-11-21T00:02:20,11.35781669,46665.149,27458.656,900.782,5604,1,2013-11-19,4.2,N,,PRISM_3D_MAGNITUDE_REPORTED
22-2001,2013-11-27,2013-11-27T12:59:39,7.280109884,46665.147,27458.656,900.778,5605,1,2013-11-25,0,N,,PRISM_3D_MAGNITUDE_REPORTED
22-2001,2013-11-28,2013-11-28T20:25:28,8.124038399,46665.149,27458.658,900.775,5607,2,2013-11-26,0,N,,PRISM_3D_MAGNITUDE_REPORTED
22-2001,2013-11-29,2013-11-29T08:55:19,5.385164805,46665.143,27458.657,900.779,5608,1,2013-11-27,0,N,,PRISM_3D_MAGNITUDE_REPORTED
22-2001,2013-11-30,2013-11-30T23:32:24,4.997999599,46665.1431,27458.6581,900.7784,5611,3,2013-11-28,0,N,,PRISM_3D_MAGNITUDE_REPORTED
22-2001,2013-12-01,2013-12-01T17:45:05,10.1,46665.1494,27458.6591,900.7792,5614,3,2013-11-29,0,N,,PRISM_3D_MAGNITUDE_REPORTED
22-2001,2013-12-02,2013-12-02T14:54:05,5.383307535,46665.1394,27458.6601,900.7699,5615,1,2013-11-30,0,N,,PRISM_3D_MAGNITUDE_REPORTED
22-2001,2013-12-03,2013-12-03T18:47:13,16.31318485,46665.1562,27458.6628,900.7728,5618,3,2013-12-01,0,N,,PRISM_3D_MAGNITUDE_REPORTED
22-2001,2013-12-04,2013-12-04T20:31:13,12.20655561,46665.1518,27458.6626,900.773,5621,3,2013-12-02,0,N,,PRISM_3D_MAGNITUDE_REPORTED
22-2001,2013-12-05,2013-12-05T20:37:37,7.165193643,46665.1467,27458.6613,900.7746,5624,3,2013-12-03,20,N,,PRISM_3D_MAGNITUDE_REPORTED
22-2001,2013-12-06,2013-12-06T16:37:33,11.57410904,46665.1482,27458.6604,900.7824,5625,1,2013-12-04,0.2,N,,PRISM_3D_MAGNITUDE_REPORTED
22-2001,2013-12-07,2013-12-07T20:02:42,19.82447981,46665.1596,27458.6638,900.7731,5628,3,2013-12-05,0.6,N,,PRISM_3D_MAGNITUDE_REPORTED
22-2001,2013-12-08,2013-12-08T04:32:11,10.08811181,46665.1495,27458.6624,900.7746,5629,1,2013-12-06,8.2,N,,PRISM_3D_MAGNITUDE_REPORTED
22-2001,2013-12-09,2013-12-09T18:20:38,6.769047201,46665.1445,27458.6624,900.7719,5630,1,2013-12-07,0,N,,PRISM_3D_MAGNITUDE_REPORTED
22-2001,2013-12-10,2013-12-10T18:02:57,20.80721028,46665.1608,27458.6633,900.7751,5632,2,2013-12-08,0,N,,PRISM_3D_MAGNITUDE_REPORTED
22-2001,2013-12-11,2013-12-11T17:39:08,17.03202865,46665.1557,27458.6656,900.7738,5634,2,2013-12-09,0,N,,PRISM_3D_MAGNITUDE_REPORTED
22-2001,2013-12-13,2013-12-13T18:19:59,16.91183018,46665.1561,27458.6636,900.7778,5635,1,2013-12-11,0,N,,PRISM_3D_MAGNITUDE_REPORTED
22-2001,2013-12-14,2013-12-14T17:32:08,9.745255256,46665.1421,27458.6646,900.768,5637,2,2013-12-12,0,N,,PRISM_3D_MAGNITUDE_REPORTED
22-2001,2013-12-16,2013-12-16T18:03:25,14.08935768,46665.1481,27458.6653,900.7651,5639,2,2013-12-14,0,N,,PRISM_3D_MAGNITUDE_REPORTED
22-2001,2013-12-17,2013-12-17T17:43:18,12.74558747,46665.1491,27458.6648,900.768,5641,2,2013-12-15,0,N,,PRISM_3D_MAGNITUDE_REPORTED
22-2001,2013-12-18,2013-12-18T18:47:48,13.87443692,46665.1526,27458.6645,900.7753,5642,1,2013-12-16,1.6,N,,PRISM_3D_MAGNITUDE_REPORTED
22-2001,2013-12-19,2013-12-19T21:57:56,10.64189832,46665.1469,27458.6658,900.775,5645,3,2013-12-17,0,N,,PRISM_3D_MAGNITUDE_REPORTED
22-2001,2013-12-20,2013-12-20T22:49:05,7.988116173,46665.1432,27458.6646,900.7751,5649,4,2013-12-18,0,N,,PRISM_3D_MAGNITUDE_REPORTED
22-2001,2013-12-21,2013-12-21T20:16:58,12.14783931,46665.149,27458.6656,900.7771,5653,4,2013-12-19,0,N,,PRISM_3D_MAGNITUDE_REPORTED
22-2001,2013-12-22,2013-12-22T18:27:11,15.23614124,46665.1537,27458.6653,900.7726,5657,4,2013-12-20,0,N,,PRISM_3D_MAGNITUDE_REPORTED
22-2001,2013-12-23,2013-12-23T22:27:47,14.7529658,46665.1531,27458.6652,900.776,5662,5,2013-12-21,0,N,,PRISM_3D_MAGNITUDE_REPORTED
22-2001,2013-12-24,2013-12-24T22:43:33,14.81249472,46665.1521,27458.6668,900.7736,5666,4,2013-12-22,0,N,,PRISM_3D_MAGNITUDE_REPORTED
22-2001,2013-12-25,2013-12-25T23:17:40,9.339700208,46665.1447,27458.6643,900.7785,5670,4,2013-12-23,0,N,,PRISM_3D_MAGNITUDE_REPORTED
22-2001,2013-12-26,2013-12-26T23:55:44,16.5184745,46665.1509,27458.6684,900.7673,5674,4,2013-12-24,0.2,N,,PRISM_3D_MAGNITUDE_REPORTED
22-2001,2013-12-27,2013-12-27T20:35:17,8.936442244,46665.1438,27458.6649,900.7771,5677,3,2013-12-25,0,N,,PRISM_3D_MAGNITUDE_REPORTED
22-2001,2013-12-28,2013-12-28T21:06:29,18.02803373,46665.1554,27458.6659,900.7802,5681,4,2013-12-26,0,N,,PRISM_3D_MAGNITUDE_REPORTED
22-2001,2013-12-29,2013-12-29T22:01:01,8.6290208,46665.1444,27458.6649,900.7747,5685,4,2013-12-27,0,N,,PRISM_3D_MAGNITUDE_REPORTED
22-2001,2013-12-30,2013-12-30T23:24:05,13.27328143,46665.1499,27458.6651,900.7796,5689,4,2013-12-28,0,N,,PRISM_3D_MAGNITUDE_REPORTED
22-2001,2013-12-31,2013-12-31T18:56:12,10.68316432,46665.147,27458.6652,900.7773,5692,3,2013-12-29,,,,PRISM_3D_MAGNITUDE_REPORTED
22-2001,2014-01-01,2014-01-01T20:00:45,10.63672882,46665.1446,27458.6663,900.7777,5696,4,2013-12-30,12,N,,PRISM_3D_MAGNITUDE_REPORTED
22-2001,2014-01-02,2014-01-02T23:05:56,14.36453967,46665.1502,27458.6649,900.7817,5699,3,2013-12-31,3.6,N,,PRISM_3D_MAGNITUDE_REPORTED
22-2001,2014-01-03,2014-01-03T17:33:56,25.2247894,46665.141,27458.668,900.7513,5703,4,2014-01-01,0,N,,PRISM_3D_MAGNITUDE_REPORTED
22-2001,2014-01-04,2014-01-04T22:08:31,14.68162116,46665.1513,27458.6655,900.7801,5707,4,2014-01-02,0,N,,PRISM_3D_MAGNITUDE_REPORTED
22-2001,2014-01-05,2014-01-05T20:11:04,13.98034334,46665.1513,27458.6664,900.775,5711,4,2014-01-03,0,N,,PRISM_3D_MAGNITUDE_REPORTED
22-2001,2014-01-06,2014-01-06T21:38:08,12.57338459,46665.1482,27458.665,900.7805,5715,4,2014-01-04,0,N,,PRISM_3D_MAGNITUDE_REPORTED
22-2001,2014-01-07,2014-01-07T18:41:21,10.48093507,46665.1458,27458.6661,900.776,5719,4,2014-01-05,0,N,,PRISM_3D_MAGNITUDE_REPORTED
22-2001,2014-01-08,2014-01-08T19:52:47,18.37117307,46665.156,27458.6663,900.7791,5723,4,2014-01-06,0,N,,PRISM_3D_MAGNITUDE_REPORTED
22-2001,2014-01-09,2014-01-09T21:17:57,14.6342065,46665.1492,27458.6666,900.7814,5727,4,2014-01-07,0,N,,PRISM_3D_MAGNITUDE_REPORTED
22-2001,2014-01-10,2014-01-10T23:36:32,10.71587607,46665.1461,27458.6659,900.7771,5730,3,2014-01-08,0,N,,PRISM_3D_MAGNITUDE_REPORTED
22-2001,2014-01-11,2014-01-11T12:58:30,10.91924906,46665.1451,27458.6669,900.7761,5731,1,2014-01-09,0.6,N,,PRISM_3D_MAGNITUDE_REPORTED
22-2001,2014-01-12,2014-01-12T21:17:42,12.29552764,46665.1477,27458.6672,900.7755,5735,4,2014-01-10,1.6,N,,PRISM_3D_MAGNITUDE_REPORTED
22-2001,2014-01-13,2014-01-13T21:36:12,13.9028774,46665.1495,27458.6668,900.779,5738,3,2014-01-11,29.2,N,,PRISM_3D_MAGNITUDE_REPORTED
22-2001,2014-01-14,2014-01-14T04:12:20,18.8600106,46665.1502,27458.6655,900.7881,5739,1,2014-01-12,20,N,,PRISM_3D_MAGNITUDE_REPORTED
22-2001,2014-01-15,2014-01-15T17:21:58,10.31115901,46665.1378,27458.6668,900.7742,5741,2,2014-01-13,0.2,N,,PRISM_3D_MAGNITUDE_REPORTED
22-2001,2014-01-16,2014-01-16T17:28:04,10.15677114,46665.142,27458.666,900.7786,5744,3,2014-01-14,0.8,N,,PRISM_3D_MAGNITUDE_REPORTED
22-2001,2014-01-17,2014-01-17T17:23:38,11.75627492,46665.1421,27458.6682,900.7774,5747,3,2014-01-15,11,N,,PRISM_3D_MAGNITUDE_REPORTED
22-2001,2014-01-18,2014-01-18T16:52:51,19.22862449,46665.1533,27458.6712,900.7699,5750,3,2014-01-16,15.4,N,,PRISM_3D_MAGNITUDE_REPORTED
22-2001,2014-01-19,2014-01-19T16:54:15,15.84960567,46665.1431,27458.6704,900.7658,5753,3,2014-01-17,2,N,,PRISM_3D_MAGNITUDE_REPORTED
22-2001,2014-01-20,2014-01-20T21:19:41,14.87380247,46665.1481,27458.6699,900.7761,5757,4,2014-01-18,0.2,N,,PRISM_3D_MAGNITUDE_REPORTED
22-2001,2014-01-21,2014-01-21T04:36:26,11.82116746,46665.1384,27458.6677,900.7783,5758,1,2014-01-19,17.6,N,,PRISM_3D_MAGNITUDE_REPORTED
22-2001,2014-01-22,2014-01-22T19:19:19,17.38533865,46665.152,27458.6695,900.779,5760,2,2014-01-20,0,N,,PRISM_3D_MAGNITUDE_REPORTED
22-2001,2014-01-23,2014-01-23T19:45:43,20.74728898,46665.1486,27458.6675,900.7902,5763,3,2014-01-21,0,N,,PRISM_3D_MAGNITUDE_REPORTED
22-2001,2014-01-24,2014-01-24T23:09:12,15.79778465,46665.1478,27458.6712,900.7753,5767,4,2014-01-22,10.4,N,,PRISM_3D_MAGNITUDE_REPORTED
22-2001,2014-01-25,2014-01-25T19:16:01,17.06516921,46665.1459,27458.669,900.7851,5770,3,2014-01-23,0.2,N,,PRISM_3D_MAGNITUDE_REPORTED
22-2001,2014-01-26,2014-01-26T23:50:20,13.99071121,46665.1431,27458.6703,900.7778,5773,3,2014-01-24,0,N,,PRISM_3D_MAGNITUDE_REPORTED
22-2001,2014-01-28,2014-01-28T23:02:42,17.89664773,46665.1512,27458.6717,900.7744,5775,2,2014-01-26,35,N,,PRISM_3D_MAGNITUDE_REPORTED
22-2001,2014-01-29,2014-01-29T16:34:40,18.72271348,46665.1515,27458.6725,900.7742,5777,2,2014-01-27,24.8,N,,PRISM_3D_MAGNITUDE_REPORTED
22-2001,2014-01-30,2014-01-30T19:10:40,25.72372445,46665.1591,27458.6721,900.7843,5779,2,2014-01-28,0.8,N,,PRISM_3D_MAGNITUDE_REPORTED
22-2001,2014-01-31,2014-01-31T20:41:45,24.97138362,46665.1585,27458.6726,900.7826,5783,4,2014-01-29,0,N,,PRISM_3D_MAGNITUDE_REPORTED
22-2001,2014-02-01,2014-02-01T18:27:13,24.1024895,46665.1581,27458.6736,900.7776,5785,2,2014-01-30,0,N,,PRISM_3D_MAGNITUDE_REPORTED
22-2001,2014-02-02,2014-02-02T08:21:06,27.03201805,46665.161,27458.6737,900.7812,5787,2,2014-01-31,0,N,,PRISM_3D_MAGNITUDE_REPORTED
22-2001,2014-02-04,2014-02-04T20:41:39,26.11072576,46665.1599,27458.6736,900.781,5789,2,2014-02-02,0,N,,PRISM_3D_MAGNITUDE_REPORTED
22-2001,2014-02-06,2014-02-06T20:04:31,18.92590817,46665.1499,27458.6737,900.7743,5791,2,2014-02-04,8.6,N,,PRISM_3D_MAGNITUDE_REPORTED
22-2001,2014-02-07,2014-02-07T19:56:18,18.78669742,46665.1481,27458.6743,900.7722,5794,3,2014-02-05,0,N,,PRISM_3D_MAGNITUDE_REPORTED
22-2001,2014-02-08,2014-02-08T18:10:50,20.46729097,46665.1519,27458.6743,900.7749,5797,3,2014-02-06,0.4,N,,PRISM_3D_MAGNITUDE_REPORTED
22-2001,2014-02-09,2014-02-09T18:51:41,18.32402794,46665.1464,27458.6745,900.7734,5800,3,2014-02-07,1.6,N,,PRISM_3D_MAGNITUDE_REPORTED
22-2001,2014-02-10,2014-02-10T17:23:28,23.477223,46665.152,27458.6737,900.7863,5802,2,2014-02-08,3.4,N,,PRISM_3D_MAGNITUDE_REPORTED
22-2001,2014-02-11,2014-02-11T15:53:37,19.92084335,46665.1496,27458.6742,900.7792,5804,2,2014-02-09,0.8,N,,PRISM_3D_MAGNITUDE_REPORTED
22-2001,2014-02-12,2014-02-12T18:19:45,20.16060515,46665.149,27458.6747,900.7794,5807,3,2014-02-10,29,N,,PRISM_3D_MAGNITUDE_REPORTED
22-2001,2014-02-13,2014-02-13T19:11:31,25.34028413,46665.1548,27458.675,900.7853,5810,3,2014-02-11,8.4,N,,PRISM_3D_MAGNITUDE_REPORTED
22-2001,2014-02-14,2014-02-14T18:50:26,21.18206789,46665.1498,27458.676,900.7772,5813,3,2014-02-12,20.6,N,,PRISM_3D_MAGNITUDE_REPORTED
22-2001,2014-02-15,2014-02-15T19:21:28,20.13355408,46665.1454,27458.676,900.779,5816,3,2014-02-13,0.2,N,,PRISM_3D_MAGNITUDE_REPORTED
22-2001,2014-02-16,2014-02-16T23:20:54,22.01204216,46665.146,27458.6758,900.7843,5819,3,2014-02-14,0,N,,PRISM_3D_MAGNITUDE_REPORTED
22-2001,2014-02-17,2014-02-17T12:42:07,23.70105483,46665.1487,27458.6792,900.7709,5820,1,2014-02-15,0,N,,PRISM_3D_MAGNITUDE_REPORTED
22-2001,2014-02-18,2014-02-18T20:18:01,23.3893138,46665.1446,27458.6801,900.7747,5822,2,2014-02-16,115,N,,PRISM_3D_MAGNITUDE_REPORTED
22-2001,2014-02-19,2014-02-19T22:33:41,22.90261994,46665.147,27458.6787,900.7782,5825,3,2014-02-17,6,N,,PRISM_3D_MAGNITUDE_REPORTED
22-2001,2014-02-20,2014-02-20T04:51:06,22.05765173,46665.1427,27458.6776,900.7817,5826,1,2014-02-18,0,N,,PRISM_3D_MAGNITUDE_REPORTED
22-2059,2014-02-01,2014-02-01T18:27:13,6.174139615,46668.2753,27470.611,888.4801,7071,2,2014-01-30,0,N,,PRISM_3D_MAGNITUDE_REPORTED
22-2059,2014-02-02,2014-02-02T01:19:30,2.449489743,46668.2735,27470.612,888.4767,7072,1,2014-01-31,0,N,,PRISM_3D_MAGNITUDE_REPORTED
22-2059,2014-02-04,2014-02-04T14:37:57,12.80234354,46668.2604,27470.6108,888.4816,7073,1,2014-02-02,0,N,,PRISM_3D_MAGNITUDE_REPORTED
22-2059,2014-02-06,2014-02-06T20:25:56,9.764220403,46668.2642,27470.614,888.4692,7075,2,2014-02-04,8.6,N,,PRISM_3D_MAGNITUDE_REPORTED
22-2059,2014-02-07,2014-02-07T20:17:32,7.111258683,46668.2662,27470.614,888.4711,7078,3,2014-02-05,0,N,,PRISM_3D_MAGNITUDE_REPORTED
22-2059,2014-02-08,2014-02-08T18:31:29,4.786439181,46668.2682,27470.6137,888.4724,7081,3,2014-02-06,0.4,N,,PRISM_3D_MAGNITUDE_REPORTED
22-2059,2014-02-09,2014-02-09T18:51:41,8.70287309,46668.2629,27470.6121,888.4766,7084,3,2014-02-07,1.6,N,,PRISM_3D_MAGNITUDE_REPORTED
22-2059,2014-02-10,2014-02-10T17:43:41,6.334824392,46668.2654,27470.6134,888.4759,7087,3,2014-02-08,3.4,N,,PRISM_3D_MAGNITUDE_REPORTED
22-2059,2014-02-11,2014-02-11T15:53:37,11.85833041,46668.2601,27470.6143,888.4732,7089,2,2014-02-09,0.8,N,,PRISM_3D_MAGNITUDE_REPORTED
22-2059,2014-02-12,2014-02-12T18:19:45,3.254228018,46668.2728,27470.6141,888.4772,7092,3,2014-02-10,29,N,,PRISM_3D_MAGNITUDE_REPORTED
22-2059,2014-02-13,2014-02-13T19:32:47,14.41735066,46668.2679,27470.6191,888.4634,7095,3,2014-02-11,8.4,N,,PRISM_3D_MAGNITUDE_REPORTED
22-2059,2014-02-14,2014-02-14T19:10:51,6.28808397,46668.2672,27470.6162,888.4766,7098,3,2014-02-12,20.6,N,,PRISM_3D_MAGNITUDE_REPORTED
22-2059,2014-02-15,2014-02-15T19:21:28,5.110772939,46668.2687,27470.616,888.4745,7101,3,2014-02-13,0.2,N,,PRISM_3D_MAGNITUDE_REPORTED
22-2059,2014-02-16,2014-02-16T23:41:11,8.50529247,46668.264,27470.6158,888.4756,7104,3,2014-02-14,0,N,,PRISM_3D_MAGNITUDE_REPORTED
22-2059,2014-02-17,2014-02-17T13:02:54,5.921992908,46668.2692,27470.6171,888.474,7105,1,2014-02-15,0,N,,PRISM_3D_MAGNITUDE_REPORTED
22-2059,2014-02-18,2014-02-18T20:18:01,12.13301282,46668.2672,27470.6204,888.4679,7107,2,2014-02-16,115,N,,PRISM_3D_MAGNITUDE_REPORTED
22-2059,2014-02-19,2014-02-19T22:54:01,10.80647954,46668.2633,27470.6183,888.4726,7110,3,2014-02-17,6,N,,PRISM_3D_MAGNITUDE_REPORTED
22-2059,2014-02-20,2014-02-20T04:51:06,12.24499898,46668.2611,27470.6171,888.4716,7111,1,2014-02-18,0,N,,PRISM_3D_MAGNITUDE_REPORTED
22-2060,2014-02-01,2014-02-01T18:48:08,4.582575696,46634.2501,27479.41,888.5749,7113,2,2014-01-30,0,N,,PRISM_3D_MAGNITUDE_REPORTED
22-2060,2014-02-02,2014-02-02T15:47:21,3.525620512,46634.2506,27479.4119,888.5682,7114,1,2014-01-31,0,N,,PRISM_3D_MAGNITUDE_REPORTED
22-2060,2014-02-04,2014-02-04T14:58:08,5.668333088,46634.2503,27479.4102,888.5762,7115,1,2014-02-02,0,N,,PRISM_3D_MAGNITUDE_REPORTED
22-2060,2014-02-06,2014-02-06T20:25:56,8.713782189,46634.2449,27479.4105,888.5755,7117,2,2014-02-04,8.6,N,,PRISM_3D_MAGNITUDE_REPORTED
22-2060,2014-02-07,2014-02-07T20:17:32,8.114185112,46634.2449,27479.4122,888.5681,7120,3,2014-02-05,0,N,,PRISM_3D_MAGNITUDE_REPORTED
22-2060,2014-02-08,2014-02-08T18:31:29,7.794228633,46634.2488,27479.4129,888.5644,7123,3,2014-02-06,0.4,N,,PRISM_3D_MAGNITUDE_REPORTED
22-2060,2014-02-09,2014-02-09T18:51:41,8.415461962,46634.2446,27479.4112,888.5676,7126,3,2014-02-07,1.6,N,,PRISM_3D_MAGNITUDE_REPORTED
22-2060,2014-02-10,2014-02-10T17:43:41,9.027735043,46634.2434,27479.4119,888.5711,7129,3,2014-02-08,3.4,N,,PRISM_3D_MAGNITUDE_REPORTED
22-2060,2014-02-11,2014-02-11T15:53:37,10.77636302,46634.2417,27479.4123,888.5705,7131,2,2014-02-09,0.8,N,,PRISM_3D_MAGNITUDE_REPORTED
22-2060,2014-02-12,2014-02-12T18:19:45,3.524202038,46634.2542,27479.4129,888.5693,7134,3,2014-02-10,29,N,,PRISM_3D_MAGNITUDE_REPORTED
22-2060,2014-02-13,2014-02-13T19:32:47,19.08638258,46634.2483,27479.4181,888.5539,7137,3,2014-02-11,8.4,N,,PRISM_3D_MAGNITUDE_REPORTED
22-2060,2014-02-14,2014-02-14T19:10:51,4.993996396,46634.2508,27479.4141,888.5739,7140,3,2014-02-12,20.6,N,,PRISM_3D_MAGNITUDE_REPORTED
22-2060,2014-02-15,2014-02-15T19:21:28,9.77854795,46634.2431,27479.4137,888.5706,7143,3,2014-02-13,0.2,N,,PRISM_3D_MAGNITUDE_REPORTED
22-2060,2014-02-16,2014-02-16T23:41:11,8.144937078,46634.2451,27479.4141,888.5718,7146,3,2014-02-14,0,N,,PRISM_3D_MAGNITUDE_REPORTED
22-2060,2014-02-17,2014-02-17T13:02:54,7.228416149,46634.2487,27479.4156,888.5674,7147,1,2014-02-15,0,N,,PRISM_3D_MAGNITUDE_REPORTED
22-2060,2014-02-18,2014-02-18T20:18:01,9.66333276,46634.2492,27479.418,888.5658,7149,2,2014-02-16,115,N,,PRISM_3D_MAGNITUDE_REPORTED
22-2060,2014-02-19,2014-02-19T22:54:01,8.823264704,46634.2458,27479.4162,888.5695,7152,3,2014-02-17,6,N,,PRISM_3D_MAGNITUDE_REPORTED
22-2060,2014-02-20,2014-02-20T04:51:06,9.445104551,46634.2439,27479.4147,888.5705,7153,1,2014-02-18,0,N,,PRISM_3D_MAGNITUDE_REPORTED
22-2061,2014-02-01,2014-02-01T18:48:08,8.593020422,46603.6697,27494.5483,888.8335,7155,2,2014-01-30,0,N,,PRISM_3D_MAGNITUDE_REPORTED
22-2061,2014-02-02,2014-02-02T01:19:30,9.071934742,46603.6745,27494.5502,888.8252,7156,1,2014-01-31,0,N,,PRISM_3D_MAGNITUDE_REPORTED
22-2061,2014-02-04,2014-02-04T14:58:08,5.393514621,46603.6683,27494.554,888.8271,7157,1,2014-02-02,0,N,,PRISM_3D_MAGNITUDE_REPORTED
22-2061,2014-02-06,2014-02-06T20:25:56,8.339064698,46603.659,27494.5547,888.8256,7159,2,2014-02-04,8.6,N,,PRISM_3D_MAGNITUDE_REPORTED
22-2061,2014-02-07,2014-02-07T20:17:32,9.176055798,46603.6587,27494.5545,888.8225,7161,2,2014-02-05,0,N,,PRISM_3D_MAGNITUDE_REPORTED
22-2061,2014-02-08,2014-02-08T18:31:29,11.79618582,46603.661,27494.5568,888.818,7163,2,2014-02-06,0.4,N,,PRISM_3D_MAGNITUDE_REPORTED
22-2061,2014-02-09,2014-02-09T18:51:41,15.68119893,46603.6678,27494.5501,888.8416,7164,1,2014-02-07,1.6,N,,PRISM_3D_MAGNITUDE_REPORTED
22-2061,2014-02-10,2014-02-10T17:43:41,11.19330157,46603.6557,27494.5525,888.8306,7166,2,2014-02-08,3.4,N,,PRISM_3D_MAGNITUDE_REPORTED
22-2061,2014-02-12,2014-02-12T18:19:45,9.216289924,46603.6685,27494.5582,888.8256,7167,1,2014-02-10,29,N,,PRISM_3D_MAGNITUDE_REPORTED
22-2061,2014-02-13,2014-02-13T19:32:47,22.06377121,46603.6617,27494.5641,888.81,7169,2,2014-02-11,8.4,N,,PRISM_3D_MAGNITUDE_REPORTED
22-2061,2014-02-14,2014-02-14T19:10:51,12.10826164,46603.6688,27494.5609,888.8237,7172,3,2014-02-12,20.6,N,,PRISM_3D_MAGNITUDE_REPORTED
22-2061,2014-02-15,2014-02-15T03:12:11,11.30176977,46603.6651,27494.5601,888.8222,7173,1,2014-02-13,0.2,N,,PRISM_3D_MAGNITUDE_REPORTED
22-2061,2014-02-16,2014-02-16T23:41:11,36.58059595,46603.666,27494.557,888.8619,7174,1,2014-02-14,0,N,,PRISM_3D_MAGNITUDE_REPORTED
22-2061,2014-02-18,2014-02-18T20:39:02,20.26474772,46603.6684,27494.5695,888.8246,7176,2,2014-02-16,115,N,,PRISM_3D_MAGNITUDE_REPORTED
22-2061,2014-02-19,2014-02-19T22:54:01,15.80980708,46603.6676,27494.565,888.8238,7179,3,2014-02-17,6,N,,PRISM_3D_MAGNITUDE_REPORTED
28-1939,2013-11-20,2013-11-20T16:52:31,0,46459.613,27824.957,901.001,1798,1,2013-11-18,0,N,,PRISM_3D_MAGNITUDE_REPORTED
28-1939,2013-11-21,2013-11-21T09:02:04,7.681145746,46459.614,27824.95,901.004,1799,1,2013-11-19,4.2,N,,PRISM_3D_MAGNITUDE_REPORTED
28-1939,2013-11-22,2013-11-22T15:49:39,7.549834434,46459.615,27824.955,900.994,1801,2,2013-11-20,0.2,N,,PRISM_3D_MAGNITUDE_REPORTED
28-1939,2013-11-23,2013-11-23T16:22:56,7.348469226,46459.612,27824.95,900.999,1803,2,2013-11-21,0,N,,PRISM_3D_MAGNITUDE_REPORTED
28-1939,2013-11-24,2013-11-24T08:10:31,9.273618494,46459.612,27824.955,901.01,1804,1,2013-11-22,0,N,,PRISM_3D_MAGNITUDE_REPORTED
28-1939,2013-11-25,2013-11-25T18:14:06,4.123105625,46459.612,27824.957,901.005,1805,1,2013-11-23,0,N,,PRISM_3D_MAGNITUDE_REPORTED
28-1939,2013-11-26,2013-11-26T10:54:39,9.486832979,46459.613,27824.948,901.004,1806,1,2013-11-24,1.8,N,,PRISM_3D_MAGNITUDE_REPORTED
28-1939,2013-11-27,2013-11-27T11:32:48,17.20465053,46459.611,27824.951,901.017,1808,2,2013-11-25,0,N,,PRISM_3D_MAGNITUDE_REPORTED
28-1939,2013-11-28,2013-11-28T01:11:08,11.3137085,46459.613,27824.949,901.009,1809,1,2013-11-26,0,N,,PRISM_3D_MAGNITUDE_REPORTED
28-1939,2013-11-29,2013-11-29T17:10:38,4.472135954,46459.613,27824.955,901.005,1810,1,2013-11-27,0,N,,PRISM_3D_MAGNITUDE_REPORTED
28-1939,2013-11-30,2013-11-30T12:43:35,10.34408043,46459.612,27824.952,901.01,1811,1,2013-11-28,0,N,,PRISM_3D_MAGNITUDE_REPORTED
28-1939,2013-12-01,2013-12-01T13:09:11,9.123047735,46459.6139,27824.9489,901.0051,1812,1,2013-11-29,0,N,,PRISM_3D_MAGNITUDE_REPORTED
28-1939,2013-12-02,2013-12-02T20:15:42,6.108191221,46459.6135,27824.9525,901.0051,1813,1,2013-11-30,0,N,,PRISM_3D_MAGNITUDE_REPORTED
28-1939,2013-12-03,2013-12-03T15:16:40,8.581375181,46459.6122,27824.9524,901.0082,1814,1,2013-12-01,0,N,,PRISM_3D_MAGNITUDE_REPORTED
28-1939,2013-12-06,2013-12-06T22:40:14,14.52756001,46459.6146,27824.9427,901.003,1816,2,2013-12-04,0.2,N,,PRISM_3D_MAGNITUDE_REPORTED
28-1939,2013-12-07,2013-12-07T11:21:19,7.187489129,46459.6156,27824.9503,901.0011,1817,1,2013-12-05,0.6,N,,PRISM_3D_MAGNITUDE_REPORTED
28-1939,2013-12-08,2013-12-08T00:03:02,7.505997603,46459.6142,27824.9501,901.0037,1818,1,2013-12-06,8.2,N,,PRISM_3D_MAGNITUDE_REPORTED
28-1939,2013-12-10,2013-12-10T22:47:58,9.586448768,46459.6151,27824.9477,901,1820,2,2013-12-08,0,N,,PRISM_3D_MAGNITUDE_REPORTED
28-1939,2013-12-12,2013-12-12T22:17:37,7.385120173,46459.6156,27824.9503,900.9993,1821,1,2013-12-10,0,N,,PRISM_3D_MAGNITUDE_REPORTED
28-1939,2013-12-13,2013-12-13T18:38:43,15.64033248,46459.614,27824.9451,901.0111,1822,1,2013-12-11,0,N,,PRISM_3D_MAGNITUDE_REPORTED
28-1939,2013-12-14,2013-12-14T10:40:02,8.637708028,46459.6144,27824.9526,901.0083,1823,1,2013-12-12,0,N,,PRISM_3D_MAGNITUDE_REPORTED
28-1939,2013-12-16,2013-12-16T10:25:22,18.43637708,46459.6123,27824.9499,901.018,1824,1,2013-12-14,0,N,,PRISM_3D_MAGNITUDE_REPORTED
28-1939,2013-12-17,2013-12-17T16:32:41,7.89240141,46459.6158,27824.9603,900.9944,1825,1,2013-12-15,0,N,,PRISM_3D_MAGNITUDE_REPORTED
28-1939,2013-12-18,2013-12-18T22:15:59,9.692264958,46459.6142,27824.9501,901.0077,1826,1,2013-12-16,1.6,N,,PRISM_3D_MAGNITUDE_REPORTED
28-1939,2013-12-19,2013-12-19T20:02:41,8.741853349,46459.6139,27824.9526,901.0085,1827,1,2013-12-17,0,N,,PRISM_3D_MAGNITUDE_REPORTED
28-1939,2013-12-21,2013-12-21T18:17:52,16.89674525,46459.612,27824.9499,901.0163,1828,1,2013-12-19,0,N,,PRISM_3D_MAGNITUDE_REPORTED
28-1939,2013-12-22,2013-12-22T19:09:08,10.96767979,46459.6132,27824.9525,901.011,1830,2,2013-12-20,0,N,,PRISM_3D_MAGNITUDE_REPORTED
28-1939,2013-12-23,2013-12-23T14:44:45,17.85665142,46459.6136,27824.9451,901.0143,1832,2,2013-12-21,0,N,,PRISM_3D_MAGNITUDE_REPORTED
28-1939,2013-12-24,2013-12-24T06:23:44,6.641535967,46459.6139,27824.9551,901.0073,1833,1,2013-12-22,0,N,,PRISM_3D_MAGNITUDE_REPORTED
28-1939,2013-12-25,2013-12-25T05:30:51,4.205948169,46459.6147,27824.9552,901.0044,1834,1,2013-12-23,0,N,,PRISM_3D_MAGNITUDE_REPORTED
28-1939,2013-12-27,2013-12-27T15:31:21,6.664082834,46459.6166,27824.9541,900.9962,1835,1,2013-12-25,0,N,,PRISM_3D_MAGNITUDE_REPORTED
28-1939,2013-12-28,2013-12-28T13:50:31,4.473253849,46459.6144,27824.9551,901.0048,1837,2,2013-12-26,0,N,,PRISM_3D_MAGNITUDE_REPORTED
28-1939,2013-12-29,2013-12-29T07:46:22,14.64547712,46459.6173,27824.943,901.001,1838,1,2013-12-27,0,N,,PRISM_3D_MAGNITUDE_REPORTED
28-1939,2013-12-30,2013-12-30T12:18:34,8.655634003,46459.615,27824.9564,901.0094,1840,2,2013-12-28,0,N,,PRISM_3D_MAGNITUDE_REPORTED
28-1939,2013-12-31,2013-12-31T12:52:43,14.98732798,46459.616,27824.9429,901.0051,1841,1,2013-12-29,,,,PRISM_3D_MAGNITUDE_REPORTED
28-1939,2014-01-01,2014-01-01T14:31:36,9.872183139,46459.6159,27824.9478,901.0031,1842,1,2013-12-30,12,N,,PRISM_3D_MAGNITUDE_REPORTED
28-1939,2014-01-02,2014-01-02T15:46:05,9.289241089,46459.6172,27824.9529,900.9938,1843,1,2013-12-31,3.6,N,,PRISM_3D_MAGNITUDE_REPORTED
28-1939,2014-01-03,2014-01-03T19:27:39,8.471127432,46459.6144,27824.9514,901.0072,1845,2,2014-01-01,0,N,,PRISM_3D_MAGNITUDE_REPORTED
28-1939,2014-01-04,2014-01-04T11:27:39,11.77200068,46459.6153,27824.9465,901.0058,1846,1,2014-01-02,0,N,,PRISM_3D_MAGNITUDE_REPORTED
28-1939,2014-01-06,2014-01-06T17:52:14,14.32689778,46459.6131,27824.95,901.0135,1847,1,2014-01-04,0,N,,PRISM_3D_MAGNITUDE_REPORTED
28-1939,2014-01-07,2014-01-07T14:31:25,11.6952982,46459.6139,27824.9501,901.0104,1849,2,2014-01-05,0,N,,PRISM_3D_MAGNITUDE_REPORTED
28-1939,2014-01-08,2014-01-08T14:35:42,9.555103347,46459.6145,27824.9477,901.0026,1851,2,2014-01-06,0,N,,PRISM_3D_MAGNITUDE_REPORTED
28-1939,2014-01-09,2014-01-09T14:39:02,8.623804263,46459.6156,27824.949,901.0029,1853,2,2014-01-07,0,N,,PRISM_3D_MAGNITUDE_REPORTED
28-1939,2014-01-10,2014-01-10T13:42:14,13.51628647,46459.6152,27824.9453,901.0074,1855,2,2014-01-08,0,N,,PRISM_3D_MAGNITUDE_REPORTED
28-1939,2014-01-11,2014-01-11T14:29:14,17.82750684,46459.6143,27824.9452,901.0143,1857,2,2014-01-09,0.6,N,,PRISM_3D_MAGNITUDE_REPORTED
28-1939,2014-01-12,2014-01-12T19:05:59,18.02165364,46459.6132,27824.9463,901.0155,1858,1,2014-01-10,1.6,N,,PRISM_3D_MAGNITUDE_REPORTED
28-1939,2014-01-13,2014-01-13T18:22:21,8.098147936,46459.6155,27824.9503,901.0048,1860,2,2014-01-11,29.2,N,,PRISM_3D_MAGNITUDE_REPORTED
28-1939,2014-01-14,2014-01-14T17:03:19,5.453439284,46459.6148,27824.9577,901.0061,1862,2,2014-01-12,20,N,,PRISM_3D_MAGNITUDE_REPORTED
28-1939,2014-01-15,2014-01-15T15:55:23,16.04805284,46459.6177,27824.9418,900.9989,1863,1,2014-01-13,0.2,N,,PRISM_3D_MAGNITUDE_REPORTED
28-1939,2014-01-17,2014-01-17T18:18:02,10.62544117,46459.6145,27824.9527,901.0106,1864,1,2014-01-15,11,N,,PRISM_3D_MAGNITUDE_REPORTED
28-1939,2014-01-18,2014-01-18T06:06:55,10.13558089,46459.6148,27824.9527,901.01,1865,1,2014-01-16,15.4,N,,PRISM_3D_MAGNITUDE_REPORTED
28-1939,2014-01-19,2014-01-19T18:49:15,19.00210515,46459.6164,27824.9404,901.0096,1867,2,2014-01-17,2,N,,PRISM_3D_MAGNITUDE_REPORTED
28-1939,2014-01-20,2014-01-20T06:52:47,19.32071427,46459.6122,27824.9574,901.0203,1868,1,2014-01-18,0.2,N,,PRISM_3D_MAGNITUDE_REPORTED
28-1939,2014-01-22,2014-01-22T20:26:55,15.18519015,46459.6163,27824.9479,901.0127,1870,2,2014-01-20,0,N,,PRISM_3D_MAGNITUDE_REPORTED
28-1939,2014-01-23,2014-01-23T08:24:45,23.58580081,46459.6128,27824.955,901.0245,1871,1,2014-01-21,0,N,,PRISM_3D_MAGNITUDE_REPORTED
28-1939,2014-01-24,2014-01-24T21:15:37,16.88934576,46459.616,27824.9429,901.0098,1873,2,2014-01-22,10.4,N,,PRISM_3D_MAGNITUDE_REPORTED
28-1939,2014-01-25,2014-01-25T09:15:02,10.75778788,46459.616,27824.9478,901.0057,1874,1,2014-01-23,0.2,N,,PRISM_3D_MAGNITUDE_REPORTED
28-1939,2014-01-26,2014-01-26T09:46:17,6.031583541,46459.6141,27824.9576,901.0069,1875,1,2014-01-24,0,N,,PRISM_3D_MAGNITUDE_REPORTED
28-1939,2014-01-28,2014-01-28T21:03:03,18.20412041,46459.6193,27824.9407,900.9959,1876,1,2014-01-26,35,N,,PRISM_3D_MAGNITUDE_REPORTED
28-1939,2014-01-29,2014-01-29T14:11:04,21.80756749,46459.6142,27824.9452,901.0193,1877,1,2014-01-27,24.8,N,,PRISM_3D_MAGNITUDE_REPORTED
28-1939,2014-01-30,2014-01-30T15:39:28,23.24413904,46459.6178,27824.9356,901.0087,1879,2,2014-01-28,0.8,N,,PRISM_3D_MAGNITUDE_REPORTED
28-1939,2014-01-31,2014-01-31T15:30:05,26.59210409,46459.6149,27824.9378,901.0193,1881,2,2014-01-29,0,N,,PRISM_3D_MAGNITUDE_REPORTED
28-1939,2014-02-01,2014-02-01T17:50:01,17.16537212,46459.6164,27824.9417,901.008,1883,2,2014-01-30,0,N,,PRISM_3D_MAGNITUDE_REPORTED
28-1939,2014-02-02,2014-02-02T06:09:38,19.6471372,46459.6161,27824.9416,901.0128,1884,1,2014-01-31,0,N,,PRISM_3D_MAGNITUDE_REPORTED
28-1939,2014-02-03,2014-02-03T14:35:40,15.5980768,46459.6143,27824.9514,901.0155,1886,2,2014-02-01,0,N,,PRISM_3D_MAGNITUDE_REPORTED
28-1939,2014-02-04,2014-02-04T14:53:11,21.5288179,46459.617,27824.938,901.0103,1888,2,2014-02-02,0,N,,PRISM_3D_MAGNITUDE_REPORTED
28-1939,2014-02-05,2014-02-05T15:29:13,11.55941175,46459.6186,27824.9469,901.0015,1890,2,2014-02-03,19.2,N,,PRISM_3D_MAGNITUDE_REPORTED
28-1939,2014-02-06,2014-02-06T16:05:43,6.777167548,46459.6182,27824.953,900.9993,1892,2,2014-02-04,8.6,N,,PRISM_3D_MAGNITUDE_REPORTED
28-1939,2014-02-07,2014-02-07T21:01:46,23.30622234,46459.6159,27824.9404,901.0171,1894,2,2014-02-05,0,N,,PRISM_3D_MAGNITUDE_REPORTED
28-1939,2014-02-08,2014-02-08T14:58:05,21.83208648,46459.6158,27824.9478,901.0206,1895,1,2014-02-06,0.4,N,,PRISM_3D_MAGNITUDE_REPORTED
28-1939,2014-02-09,2014-02-09T14:32:20,13.55986726,46459.6177,27824.9443,901.0017,1897,2,2014-02-07,1.6,N,,PRISM_3D_MAGNITUDE_REPORTED
28-1939,2014-02-10,2014-02-10T11:46:41,26.22422544,46459.6149,27824.9427,901.0229,1899,2,2014-02-08,3.4,N,,PRISM_3D_MAGNITUDE_REPORTED
28-1939,2014-02-11,2014-02-11T18:39:13,34.22659784,46459.6149,27824.9353,901.0274,1901,2,2014-02-09,0.8,N,,PRISM_3D_MAGNITUDE_REPORTED
28-1939,2014-02-12,2014-02-12T19:03:43,21.79632996,46459.6176,27824.9406,901.0146,1903,2,2014-02-10,29,N,,PRISM_3D_MAGNITUDE_REPORTED
28-1939,2014-02-13,2014-02-13T22:23:18,25.3938969,46459.6148,27824.9489,901.025,1905,2,2014-02-11,8.4,N,,PRISM_3D_MAGNITUDE_REPORTED
28-1939,2014-02-14,2014-02-14T11:47:12,28.36846841,46459.6154,27824.944,901.0261,1906,1,2014-02-12,20.6,N,,PRISM_3D_MAGNITUDE_REPORTED
28-1939,2014-02-15,2014-02-15T15:11:45,18.69652374,46459.6196,27824.9408,901.0076,1908,2,2014-02-13,0.2,N,,PRISM_3D_MAGNITUDE_REPORTED
28-1939,2014-02-16,2014-02-16T04:54:31,25.87411834,46459.6159,27824.9429,901.0225,1909,1,2014-02-14,0,N,,PRISM_3D_MAGNITUDE_REPORTED
28-1939,2014-02-17,2014-02-17T13:51:54,35.59339826,46459.6186,27824.9382,901.0307,1911,2,2014-02-15,0,N,,PRISM_3D_MAGNITUDE_REPORTED
28-1939,2014-02-18,2014-02-18T23:52:04,22.84513077,46459.6216,27824.9435,901.0173,1913,2,2014-02-16,115,N,,PRISM_3D_MAGNITUDE_REPORTED
28-1939,2014-02-19,2014-02-19T15:55:27,36.50835521,46459.6248,27824.9239,901.0109,1914,1,2014-02-17,6,N,,PRISM_3D_MAGNITUDE_REPORTED
28-1940,2013-11-20,2013-11-20T16:52:31,0,46481.641,27870.874,901.002,1915,1,2013-11-18,0,N,,PRISM_3D_MAGNITUDE_REPORTED
28-1940,2013-11-21,2013-11-21T09:02:04,11.04536102,46481.64,27870.874,901.013,1916,1,2013-11-19,4.2,N,,PRISM_3D_MAGNITUDE_REPORTED
28-1940,2013-11-22,2013-11-22T15:49:39,4,46481.641,27870.874,901.006,1918,2,2013-11-20,0.2,N,,PRISM_3D_MAGNITUDE_REPORTED
28-1940,2013-11-23,2013-11-23T16:22:56,8.774964389,46481.638,27870.876,901.01,1920,2,2013-11-21,0,N,,PRISM_3D_MAGNITUDE_REPORTED
28-1940,2013-11-24,2013-11-24T08:10:31,11.44552314,46481.64,27870.871,901.013,1921,1,2013-11-22,0,N,,PRISM_3D_MAGNITUDE_REPORTED
28-1940,2013-11-25,2013-11-25T18:14:06,9.695359716,46481.638,27870.876,901.011,1922,1,2013-11-23,0,N,,PRISM_3D_MAGNITUDE_REPORTED
28-1940,2013-11-26,2013-11-26T10:54:39,5.099019515,46481.64,27870.871,901.006,1923,1,2013-11-24,1.8,N,,PRISM_3D_MAGNITUDE_REPORTED
28-1940,2013-11-27,2013-11-27T11:32:48,20.49390153,46481.637,27870.876,901.022,1925,2,2013-11-25,0,N,,PRISM_3D_MAGNITUDE_REPORTED
28-1940,2013-11-28,2013-11-28T20:40:41,8.944271908,46481.641,27870.866,901.006,1927,2,2013-11-26,0,N,,PRISM_3D_MAGNITUDE_REPORTED
28-1940,2013-11-29,2013-11-29T17:10:38,15.39480432,46481.639,27870.866,901.015,1928,1,2013-11-27,0,N,,PRISM_3D_MAGNITUDE_REPORTED
28-1940,2013-11-30,2013-11-30T21:49:34,10.53138167,46481.6399,27870.8663,901.0091,1930,2,2013-11-28,0,N,,PRISM_3D_MAGNITUDE_REPORTED
28-1940,2013-12-01,2013-12-01T13:09:11,10.98590005,46481.6435,27870.8702,900.992,1931,1,2013-11-29,0,N,,PRISM_3D_MAGNITUDE_REPORTED
28-1940,2013-12-02,2013-12-02T20:15:42,9.166242415,46481.6405,27870.8664,901.0071,1932,1,2013-11-30,0,N,,PRISM_3D_MAGNITUDE_REPORTED
28-1940,2013-12-03,2013-12-03T15:16:40,5.4277067,46481.6397,27870.8784,901.0049,1933,1,2013-12-01,0,N,,PRISM_3D_MAGNITUDE_REPORTED
28-1940,2013-12-06,2013-12-06T22:40:14,8.986100377,46481.6399,27870.8663,901.0065,1935,2,2013-12-04,0.2,N,,PRISM_3D_MAGNITUDE_REPORTED
28-1940,2013-12-07,2013-12-07T11:21:19,2.130727574,46481.6417,27870.8749,901.0002,1936,1,2013-12-05,0.6,N,,PRISM_3D_MAGNITUDE_REPORTED
28-1940,2013-12-08,2013-12-08T00:03:02,0.360555127,46481.641,27870.8737,901.0022,1937,1,2013-12-06,8.2,N,,PRISM_3D_MAGNITUDE_REPORTED
28-1940,2013-12-10,2013-12-10T22:47:58,5.250714238,46481.6411,27870.87,901.0054,1939,2,2013-12-08,0,N,,PRISM_3D_MAGNITUDE_REPORTED
28-1940,2013-12-12,2013-12-12T22:17:37,2.11187121,46481.6408,27870.8761,901.0021,1940,1,2013-12-10,0,N,,PRISM_3D_MAGNITUDE_REPORTED
28-1940,2013-12-13,2013-12-13T18:38:43,14.76279106,46481.6398,27870.8639,901.0127,1941,1,2013-12-11,0,N,,PRISM_3D_MAGNITUDE_REPORTED
28-1940,2013-12-14,2013-12-14T10:40:02,8.668333174,46481.6395,27870.876,901.0103,1942,1,2013-12-12,0,N,,PRISM_3D_MAGNITUDE_REPORTED
28-1940,2013-12-16,2013-12-16T10:25:22,18.1747077,46481.6378,27870.8722,901.0198,1943,1,2013-12-14,0,N,,PRISM_3D_MAGNITUDE_REPORTED
28-1940,2013-12-17,2013-12-17T16:32:41,9.454099641,46481.6402,27870.8833,901.0035,1944,1,2013-12-15,0,N,,PRISM_3D_MAGNITUDE_REPORTED
28-1940,2013-12-18,2013-12-18T22:15:59,1.135781672,46481.6403,27870.8736,901.0012,1945,1,2013-12-16,1.6,N,,PRISM_3D_MAGNITUDE_REPORTED
28-1940,2013-12-19,2013-12-19T20:02:41,5.808614293,46481.6411,27870.8737,901.0078,1946,1,2013-12-17,0,N,,PRISM_3D_MAGNITUDE_REPORTED
28-1940,2013-12-21,2013-12-21T18:17:52,8.109253974,46481.6406,27870.8664,901.0048,1947,1,2013-12-19,0,N,,PRISM_3D_MAGNITUDE_REPORTED
28-1940,2013-12-22,2013-12-22T19:09:08,8.025584091,46481.6405,27870.8736,901.01,1949,2,2013-12-20,0,N,,PRISM_3D_MAGNITUDE_REPORTED
28-1940,2013-12-23,2013-12-23T14:44:45,16.79672587,46481.6379,27870.8686,901.0176,1951,2,2013-12-21,0,N,,PRISM_3D_MAGNITUDE_REPORTED
28-1940,2013-12-24,2013-12-24T06:23:44,8.297590012,46481.6396,27870.8723,901.01,1952,1,2013-12-22,0,N,,PRISM_3D_MAGNITUDE_REPORTED
28-1940,2013-12-25,2013-12-25T05:30:51,6.952697318,46481.6401,27870.8712,901.0083,1953,1,2013-12-23,0,N,,PRISM_3D_MAGNITUDE_REPORTED
28-1940,2013-12-27,2013-12-27T15:31:21,3.374907406,46481.6411,27870.8773,901.0013,1954,1,2013-12-25,0,N,,PRISM_3D_MAGNITUDE_REPORTED
28-1940,2013-12-28,2013-12-28T13:50:31,8.800568164,46481.639,27870.8723,901.0104,1956,2,2013-12-26,0,N,,PRISM_3D_MAGNITUDE_REPORTED
28-1940,2013-12-29,2013-12-29T07:46:22,3.894868417,46481.6412,27870.8712,901.0047,1957,1,2013-12-27,0,N,,PRISM_3D_MAGNITUDE_REPORTED
28-1940,2013-12-30,2013-12-30T12:18:34,11.35121139,46481.64,27870.8736,901.0133,1959,2,2013-12-28,0,N,,PRISM_3D_MAGNITUDE_REPORTED
28-1940,2013-12-31,2013-12-31T12:52:43,6.96706538,46481.6387,27870.8771,901.0078,1961,2,2013-12-29,,,,PRISM_3D_MAGNITUDE_REPORTED
28-1940,2014-01-01,2014-01-01T14:31:36,5.330103189,46481.6399,27870.8736,901.0072,1962,1,2013-12-30,12,N,,PRISM_3D_MAGNITUDE_REPORTED
28-1940,2014-01-02,2014-01-02T15:46:05,4.501110977,46481.6401,27870.8784,901.0023,1963,1,2013-12-31,3.6,N,,PRISM_3D_MAGNITUDE_REPORTED
28-1940,2014-01-03,2014-01-03T19:27:39,8.848728723,46481.6399,27870.8687,901.009,1965,2,2014-01-01,0,N,,PRISM_3D_MAGNITUDE_REPORTED
28-1940,2014-01-04,2014-01-04T11:27:39,9.41328848,46481.639,27870.8759,901.011,1966,1,2014-01-02,0,N,,PRISM_3D_MAGNITUDE_REPORTED
28-1940,2014-01-06,2014-01-06T17:52:14,13.16548518,46481.638,27870.8747,901.0148,1967,1,2014-01-04,0,N,,PRISM_3D_MAGNITUDE_REPORTED
28-1940,2014-01-07,2014-01-07T14:31:25,7.103520257,46481.6381,27870.8759,901.0082,1969,2,2014-01-05,0,N,,PRISM_3D_MAGNITUDE_REPORTED
28-1940,2014-01-08,2014-01-08T14:35:42,6.730527469,46481.6382,27870.8735,901.0081,1971,2,2014-01-06,0,N,,PRISM_3D_MAGNITUDE_REPORTED
28-1940,2014-01-09,2014-01-09T14:39:02,2.302172891,46481.6395,27870.8723,901.0024,1973,2,2014-01-07,0,N,,PRISM_3D_MAGNITUDE_REPORTED
28-1940,2014-01-10,2014-01-10T13:42:14,8.585452813,46481.6393,27870.8711,901.0099,1975,2,2014-01-08,0,N,,PRISM_3D_MAGNITUDE_REPORTED
28-1940,2014-01-11,2014-01-11T14:29:14,8.816461875,46481.64,27870.8712,901.0103,1977,2,2014-01-09,0.6,N,,PRISM_3D_MAGNITUDE_REPORTED
28-1940,2014-01-12,2014-01-12T19:05:59,13.921566,46481.6377,27870.8686,901.0144,1978,1,2014-01-10,1.6,N,,PRISM_3D_MAGNITUDE_REPORTED
28-1940,2014-01-13,2014-01-13T18:22:21,9.779059261,46481.6389,27870.8711,901.0111,1980,2,2014-01-11,29.2,N,,PRISM_3D_MAGNITUDE_REPORTED
28-1940,2014-01-14,2014-01-14T17:03:19,6.947661476,46481.6399,27870.8699,901.0075,1982,2,2014-01-12,20,N,,PRISM_3D_MAGNITUDE_REPORTED
28-1940,2014-01-15,2014-01-15T15:55:23,9.154780173,46481.6388,27870.8711,901.0104,1983,1,2014-01-13,0.2,N,,PRISM_3D_MAGNITUDE_REPORTED
28-1940,2014-01-16,2014-01-16T03:04:26,11.79872875,46481.6389,27870.8662,901.0106,1984,1,2014-01-14,0.8,N,,PRISM_3D_MAGNITUDE_REPORTED
28-1940,2014-01-17,2014-01-17T18:18:02,11.41753038,46481.638,27870.8734,901.013,1985,1,2014-01-15,11,N,,PRISM_3D_MAGNITUDE_REPORTED
28-1940,2014-01-18,2014-01-18T18:23:09,14.78512766,46481.637,27870.8782,901.0156,1987,2,2014-01-16,15.4,N,,PRISM_3D_MAGNITUDE_REPORTED
28-1940,2014-01-19,2014-01-19T18:49:15,9.144943959,46481.6389,27870.8699,901.0099,1989,2,2014-01-17,2,N,,PRISM_3D_MAGNITUDE_REPORTED
28-1940,2014-01-20,2014-01-20T06:52:47,11.87476316,46481.6386,27870.8686,901.0123,1990,1,2014-01-18,0.2,N,,PRISM_3D_MAGNITUDE_REPORTED
28-1940,2014-01-21,2014-01-21T19:20:27,1.640121948,46481.6396,27870.8748,901.0017,1992,2,2014-01-19,17.6,N,,PRISM_3D_MAGNITUDE_REPORTED
28-1940,2014-01-22,2014-01-22T20:26:55,13.52737964,46481.6391,27870.8687,901.0143,1994,2,2014-01-20,0,N,,PRISM_3D_MAGNITUDE_REPORTED
28-1940,2014-01-23,2014-01-23T08:24:45,14.70714112,46481.6385,27870.8711,901.0162,1995,1,2014-01-21,0,N,,PRISM_3D_MAGNITUDE_REPORTED
28-1940,2014-01-24,2014-01-24T21:15:37,9.44880945,46481.6406,27870.8664,901.0076,1997,2,2014-01-22,10.4,N,,PRISM_3D_MAGNITUDE_REPORTED
28-1940,2014-01-25,2014-01-25T09:15:02,12.7177042,46481.6389,27870.8638,901.0093,1998,1,2014-01-23,0.2,N,,PRISM_3D_MAGNITUDE_REPORTED
28-1940,2014-01-26,2014-01-26T09:46:17,17.38361297,46481.6373,27870.8625,901.0145,1999,1,2014-01-24,0,N,,PRISM_3D_MAGNITUDE_REPORTED
28-1940,2014-01-28,2014-01-28T21:03:03,6.044832505,46481.6397,27870.8687,901.0046,2000,1,2014-01-26,35,N,,PRISM_3D_MAGNITUDE_REPORTED
28-1940,2014-01-29,2014-01-29T14:11:04,13.39440181,46481.6385,27870.865,901.0116,2001,1,2014-01-27,24.8,N,,PRISM_3D_MAGNITUDE_REPORTED
28-1940,2014-01-30,2014-01-30T15:39:28,5.060632373,46481.6398,27870.8736,900.9971,2003,2,2014-01-28,0.8,N,,PRISM_3D_MAGNITUDE_REPORTED
28-1940,2014-01-31,2014-01-31T15:30:05,18.07816362,46481.637,27870.8649,901.0171,2005,2,2014-01-29,0,N,,PRISM_3D_MAGNITUDE_REPORTED
28-1940,2014-02-01,2014-02-01T17:50:01,7.837091297,46481.6385,27870.8686,901.0071,2007,2,2014-01-30,0,N,,PRISM_3D_MAGNITUDE_REPORTED
28-1940,2014-02-02,2014-02-02T15:58:34,19.93414157,46481.6364,27870.8685,901.0206,2009,2,2014-01-31,0,N,,PRISM_3D_MAGNITUDE_REPORTED
28-1940,2014-02-03,2014-02-03T14:35:40,7.946068213,46481.6381,27870.8723,901.0092,2011,2,2014-02-01,0,N,,PRISM_3D_MAGNITUDE_REPORTED
28-1940,2014-02-04,2014-02-04T14:53:11,15.58845727,46481.638,27870.8638,901.0134,2013,2,2014-02-02,0,N,,PRISM_3D_MAGNITUDE_REPORTED
28-1940,2014-02-05,2014-02-05T15:29:13,7.886063656,46481.6397,27870.8663,901.0031,2015,2,2014-02-03,19.2,N,,PRISM_3D_MAGNITUDE_REPORTED
28-1940,2014-02-06,2014-02-06T16:05:43,7.045565982,46481.6398,27870.8808,901.0006,2017,2,2014-02-04,8.6,N,,PRISM_3D_MAGNITUDE_REPORTED
28-1940,2014-02-07,2014-02-07T21:01:46,15.73817016,46481.6384,27870.8638,901.0137,2019,2,2014-02-05,0,N,,PRISM_3D_MAGNITUDE_REPORTED
28-1940,2014-02-08,2014-02-08T14:58:05,2.293468989,46481.6412,27870.8761,901.0029,2020,1,2014-02-06,0.4,N,,PRISM_3D_MAGNITUDE_REPORTED
28-1940,2014-02-09,2014-02-09T14:32:20,14.7529658,46481.6376,27870.8637,901.012,2022,2,2014-02-07,1.6,N,,PRISM_3D_MAGNITUDE_REPORTED
28-1940,2014-02-10,2014-02-10T11:46:41,17.48313473,46481.6381,27870.8638,901.0159,2023,1,2014-02-08,3.4,N,,PRISM_3D_MAGNITUDE_REPORTED
28-1940,2014-02-11,2014-02-11T18:39:13,26.21335538,46481.6359,27870.8612,901.0243,2025,2,2014-02-09,0.8,N,,PRISM_3D_MAGNITUDE_REPORTED
28-1940,2014-02-12,2014-02-12T19:03:43,18.44152922,46481.6388,27870.859,901.0125,2027,2,2014-02-10,29,N,,PRISM_3D_MAGNITUDE_REPORTED
28-1940,2014-02-13,2014-02-13T22:23:18,19.32821771,46481.6371,27870.8649,901.0186,2029,2,2014-02-11,8.4,N,,PRISM_3D_MAGNITUDE_REPORTED
28-1940,2014-02-14,2014-02-14T11:47:12,18.56044181,46481.6366,27870.8637,901.0168,2030,1,2014-02-12,20.6,N,,PRISM_3D_MAGNITUDE_REPORTED
28-1940,2014-02-15,2014-02-15T15:11:45,17.67088,46481.6363,27870.8649,901.0164,2032,2,2014-02-13,0.2,N,,PRISM_3D_MAGNITUDE_REPORTED
28-1940,2014-02-16,2014-02-16T04:54:31,15.46641523,46481.6374,27870.8661,901.0148,2033,1,2014-02-14,0,N,,PRISM_3D_MAGNITUDE_REPORTED
28-1940,2014-02-17,2014-02-17T13:51:54,20.95399723,46481.6375,27870.8589,901.0161,2035,2,2014-02-15,0,N,,PRISM_3D_MAGNITUDE_REPORTED
28-1940,2014-02-18,2014-02-18T23:52:04,19.0850727,46481.6402,27870.8566,901.0098,2037,2,2014-02-16,115,N,,PRISM_3D_MAGNITUDE_REPORTED
28-1940,2014-02-19,2014-02-19T15:55:27,24.62640859,46481.6407,27870.8494,901.0031,2038,1,2014-02-17,6,N,,PRISM_3D_MAGNITUDE_REPORTED
28-1941,2013-11-20,2013-11-20T16:52:31,0,46504.564,27922.322,900.19,2039,1,2013-11-18,0,N,,PRISM_3D_MAGNITUDE_REPORTED
28-1941,2013-11-21,2013-11-21T09:02:04,12.52996409,46504.567,27922.31,900.188,2040,1,2013-11-19,4.2,N,,PRISM_3D_MAGNITUDE_REPORTED
28-1941,2013-11-22,2013-11-22T15:49:39,8.246211253,46504.564,27922.314,900.192,2042,2,2013-11-20,0.2,N,,PRISM_3D_MAGNITUDE_REPORTED
28-1941,2013-11-23,2013-11-23T16:22:56,10.63014581,46504.561,27922.324,900.2,2044,2,2013-11-21,0,N,,PRISM_3D_MAGNITUDE_REPORTED
28-1941,2013-11-24,2013-11-24T08:10:31,11.66190379,46504.564,27922.312,900.196,2045,1,2013-11-22,0,N,,PRISM_3D_MAGNITUDE_REPORTED
28-1941,2013-11-25,2013-11-25T18:14:06,13,46504.561,27922.326,900.202,2046,1,2013-11-23,0,N,,PRISM_3D_MAGNITUDE_REPORTED
28-1941,2013-11-26,2013-11-26T10:54:39,3.741657386,46504.563,27922.319,900.192,2047,1,2013-11-24,1.8,N,,PRISM_3D_MAGNITUDE_REPORTED
28-1941,2013-11-27,2013-11-27T11:32:48,9.695359715,46504.562,27922.319,900.199,2049,2,2013-11-25,0,N,,PRISM_3D_MAGNITUDE_REPORTED
28-1941,2013-11-28,2013-11-28T20:40:41,12.24744871,46504.563,27922.312,900.197,2051,2,2013-11-26,0,N,,PRISM_3D_MAGNITUDE_REPORTED
28-1941,2013-11-29,2013-11-29T17:33:58,11.70469991,46504.565,27922.312,900.184,2052,1,2013-11-27,0,N,,PRISM_3D_MAGNITUDE_REPORTED
28-1941,2013-11-30,2013-11-30T21:49:34,9.615092302,46504.5624,27922.3145,900.1958,2054,2,2013-11-28,0,N,,PRISM_3D_MAGNITUDE_REPORTED
28-1941,2013-12-01,2013-12-01T13:29:49,17.23165691,46504.5643,27922.305,900.1872,2055,1,2013-11-29,0,N,,PRISM_3D_MAGNITUDE_REPORTED
28-1941,2013-12-02,2013-12-02T20:15:42,10.75639345,46504.5627,27922.3121,900.194,2056,1,2013-11-30,0,N,,PRISM_3D_MAGNITUDE_REPORTED
28-1941,2013-12-03,2013-12-03T15:16:40,5.316013543,46504.564,27922.3169,900.1885,2057,1,2013-12-01,0,N,,PRISM_3D_MAGNITUDE_REPORTED
28-1941,2013-12-06,2013-12-06T22:40:14,5.452522351,46504.5627,27922.3168,900.191,2059,2,2013-12-04,0.2,N,,PRISM_3D_MAGNITUDE_REPORTED
28-1941,2013-12-07,2013-12-07T11:43:00,9.013878189,46504.5626,27922.3145,900.1948,2060,1,2013-12-05,0.6,N,,PRISM_3D_MAGNITUDE_REPORTED
28-1941,2013-12-08,2013-12-08T00:03:02,3.488552707,46504.5628,27922.3192,900.1917,2061,1,2013-12-06,8.2,N,,PRISM_3D_MAGNITUDE_REPORTED
28-1941,2013-12-10,2013-12-10T23:09:31,8.40119039,46504.5621,27922.3156,900.1951,2063,2,2013-12-08,0,N,,PRISM_3D_MAGNITUDE_REPORTED
28-1941,2013-12-12,2013-12-12T22:17:37,5.909314681,46504.5638,27922.3168,900.1872,2064,1,2013-12-10,0,N,,PRISM_3D_MAGNITUDE_REPORTED
28-1941,2013-12-13,2013-12-13T18:38:43,10.34698024,46504.5629,27922.3121,900.1928,2065,1,2013-12-11,0,N,,PRISM_3D_MAGNITUDE_REPORTED
28-1941,2013-12-14,2013-12-14T10:40:02,4.311612228,46504.5637,27922.3263,900.1901,2066,1,2013-12-12,0,N,,PRISM_3D_MAGNITUDE_REPORTED
28-1941,2013-12-16,2013-12-16T10:25:22,10.94988584,46504.5613,27922.3215,900.2006,2067,1,2013-12-14,0,N,,PRISM_3D_MAGNITUDE_REPORTED
28-1941,2013-12-17,2013-12-17T16:32:41,5.209606509,46504.5621,27922.3227,900.1948,2068,1,2013-12-15,0,N,,PRISM_3D_MAGNITUDE_REPORTED
28-1941,2013-12-18,2013-12-18T22:15:59,13.62461009,46504.5623,27922.3085,900.1907,2069,1,2013-12-16,1.6,N,,PRISM_3D_MAGNITUDE_REPORTED
28-1941,2013-12-19,2013-12-19T20:02:41,5.595533932,46504.5639,27922.3169,900.1923,2070,1,2013-12-17,0,N,,PRISM_3D_MAGNITUDE_REPORTED
28-1941,2013-12-21,2013-12-21T18:17:52,10.25962962,46504.5633,27922.3121,900.1874,2071,1,2013-12-19,0,N,,PRISM_3D_MAGNITUDE_REPORTED
28-1941,2013-12-22,2013-12-22T19:09:08,6.972087205,46504.5628,27922.3239,900.1966,2073,2,2013-12-20,0,N,,PRISM_3D_MAGNITUDE_REPORTED
28-1941,2013-12-23,2013-12-23T14:49:22,10.90366911,46504.5622,27922.3121,900.1942,2075,2,2013-12-21,0,N,,PRISM_3D_MAGNITUDE_REPORTED
28-1941,2013-12-24,2013-12-24T06:23:44,7.181225521,46504.5617,27922.3192,900.1962,2076,1,2013-12-22,0,N,,PRISM_3D_MAGNITUDE_REPORTED
28-1941,2013-12-25,2013-12-25T05:30:51,8.540491789,46504.5625,27922.3145,900.1938,2077,1,2013-12-23,0,N,,PRISM_3D_MAGNITUDE_REPORTED
28-1941,2013-12-27,2013-12-27T15:31:21,3.871692136,46504.5633,27922.3239,900.1867,2078,1,2013-12-25,0,N,,PRISM_3D_MAGNITUDE_REPORTED
28-1941,2013-12-28,2013-12-28T13:50:31,3.663331816,46504.5631,27922.3239,900.187,2080,2,2013-12-26,0,N,,PRISM_3D_MAGNITUDE_REPORTED
28-1941,2013-12-29,2013-12-29T07:46:22,5.28109837,46504.5634,27922.3168,900.1907,2081,1,2013-12-27,0,N,,PRISM_3D_MAGNITUDE_REPORTED
28-1941,2013-12-30,2013-12-30T12:18:34,8.588946384,46504.5633,27922.3168,900.1968,2083,2,2013-12-28,0,N,,PRISM_3D_MAGNITUDE_REPORTED
28-1941,2013-12-31,2013-12-31T12:52:43,3.275667869,46504.5625,27922.3192,900.1892,2085,2,2013-12-29,,,,PRISM_3D_MAGNITUDE_REPORTED
28-1941,2014-01-01,2014-01-01T14:31:36,11.13597773,46504.5606,27922.3191,900.2002,2086,1,2013-12-30,12,N,,PRISM_3D_MAGNITUDE_REPORTED
28-1941,2014-01-02,2014-01-02T15:46:05,18.36028322,46504.5645,27922.3358,900.1779,2087,1,2013-12-31,3.6,N,,PRISM_3D_MAGNITUDE_REPORTED
28-1941,2014-01-03,2014-01-03T19:27:39,6.496922347,46504.5621,27922.3168,900.1934,2089,2,2014-01-01,0,N,,PRISM_3D_MAGNITUDE_REPORTED
28-1941,2014-01-04,2014-01-04T11:27:39,10.37593369,46504.561,27922.3191,900.1995,2090,1,2014-01-02,0,N,,PRISM_3D_MAGNITUDE_REPORTED
28-1941,2014-01-06,2014-01-06T17:52:14,9.408506789,46504.5616,27922.3144,900.195,2091,1,2014-01-04,0,N,,PRISM_3D_MAGNITUDE_REPORTED
28-1941,2014-01-07,2014-01-07T14:31:25,3.672873532,46504.5618,27922.3203,900.1876,2093,2,2014-01-05,0,N,,PRISM_3D_MAGNITUDE_REPORTED
28-1941,2014-01-08,2014-01-08T14:35:42,15.38148237,46504.5609,27922.3073,900.1933,2095,2,2014-01-06,0,N,,PRISM_3D_MAGNITUDE_REPORTED
28-1941,2014-01-09,2014-01-09T14:39:02,15.24139101,46504.5646,27922.3133,900.1775,2097,2,2014-01-07,0,N,,PRISM_3D_MAGNITUDE_REPORTED
28-1941,2014-01-10,2014-01-10T13:42:14,16.53057773,46504.5614,27922.3073,900.1971,2099,2,2014-01-08,0,N,,PRISM_3D_MAGNITUDE_REPORTED
28-1941,2014-01-11,2014-01-11T14:29:14,5.393514624,46504.5643,27922.324,900.185,2101,2,2014-01-09,0.6,N,,PRISM_3D_MAGNITUDE_REPORTED
28-1941,2014-01-12,2014-01-12T19:05:59,17.24673882,46504.5591,27922.3132,900.204,2102,1,2014-01-10,1.6,N,,PRISM_3D_MAGNITUDE_REPORTED
28-1941,2014-01-13,2014-01-13T18:22:21,4.294182107,46504.5618,27922.3192,900.1924,2104,2,2014-01-11,29.2,N,,PRISM_3D_MAGNITUDE_REPORTED
28-1941,2014-01-14,2014-01-14T17:03:19,2.570992025,46504.5622,27922.3204,900.1909,2106,2,2014-01-12,20,N,,PRISM_3D_MAGNITUDE_REPORTED
28-1941,2014-01-15,2014-01-15T15:55:23,9.235799911,46504.5613,27922.3144,900.1945,2107,1,2014-01-13,0.2,N,,PRISM_3D_MAGNITUDE_REPORTED
28-1941,2014-01-16,2014-01-16T03:04:26,12.72635061,46504.5604,27922.312,900.197,2108,1,2014-01-14,0.8,N,,PRISM_3D_MAGNITUDE_REPORTED
28-1941,2014-01-17,2014-01-17T18:18:02,13.36600165,46504.5596,27922.3168,900.2015,2109,1,2014-01-15,11,N,,PRISM_3D_MAGNITUDE_REPORTED
28-1941,2014-01-18,2014-01-18T18:23:09,7.870196946,46504.5601,27922.3227,900.1968,2111,2,2014-01-16,15.4,N,,PRISM_3D_MAGNITUDE_REPORTED
28-1941,2014-01-19,2014-01-19T18:49:15,12.04906635,46504.5614,27922.3109,900.1939,2113,2,2014-01-17,2,N,,PRISM_3D_MAGNITUDE_REPORTED
28-1941,2014-01-20,2014-01-20T19:17:45,15.79208663,46504.5587,27922.3167,900.2039,2115,2,2014-01-18,0.2,N,,PRISM_3D_MAGNITUDE_REPORTED
28-1941,2014-01-21,2014-01-21T19:20:27,11.58360911,46504.5633,27922.3145,900.1812,2117,2,2014-01-19,17.6,N,,PRISM_3D_MAGNITUDE_REPORTED
28-1941,2014-01-22,2014-01-22T20:26:55,12.16470304,46504.5621,27922.3109,900.1946,2119,2,2014-01-20,0,N,,PRISM_3D_MAGNITUDE_REPORTED
28-1941,2014-01-23,2014-01-23T08:46:09,19.24421991,46504.5583,27922.3167,900.2076,2120,1,2014-01-21,0,N,,PRISM_3D_MAGNITUDE_REPORTED
28-1941,2014-01-24,2014-01-24T21:15:37,12.98422119,46504.5621,27922.3097,900.1937,2122,2,2014-01-22,10.4,N,,PRISM_3D_MAGNITUDE_REPORTED
28-1941,2014-01-25,2014-01-25T09:15:02,12.98999615,46504.5609,27922.3097,900.1928,2123,1,2014-01-23,0.2,N,,PRISM_3D_MAGNITUDE_REPORTED
28-1941,2014-01-26,2014-01-26T09:46:17,10.57969754,46504.5596,27922.3144,900.1959,2124,1,2014-01-24,0,N,,PRISM_3D_MAGNITUDE_REPORTED
28-1941,2014-01-28,2014-01-28T21:03:03,9.274157643,46504.5611,27922.3132,900.1904,2125,1,2014-01-26,35,N,,PRISM_3D_MAGNITUDE_REPORTED
28-1941,2014-01-29,2014-01-29T14:11:04,15.72323122,46504.5597,27922.3097,900.1988,2126,1,2014-01-27,24.8,N,,PRISM_3D_MAGNITUDE_REPORTED
28-1941,2014-01-30,2014-01-30T15:39:28,15.18716563,46504.5618,27922.3085,900.1834,2128,2,2014-01-28,0.8,N,,PRISM_3D_MAGNITUDE_REPORTED
28-1941,2014-01-31,2014-01-31T15:30:05,19.04573443,46504.5597,27922.3049,900.1972,2130,2,2014-01-29,0,N,,PRISM_3D_MAGNITUDE_REPORTED
28-1941,2014-02-01,2014-02-01T17:50:01,18.49378274,46504.5596,27922.3049,900.1955,2132,2,2014-01-30,0,N,,PRISM_3D_MAGNITUDE_REPORTED
28-1941,2014-02-02,2014-02-02T15:58:34,17.15488269,46504.5617,27922.305,900.19,2134,2,2014-01-31,0,N,,PRISM_3D_MAGNITUDE_REPORTED
28-1941,2014-02-03,2014-02-03T14:35:40,14.04563989,46504.5584,27922.3144,900.2004,2136,2,2014-02-01,0,N,,PRISM_3D_MAGNITUDE_REPORTED
28-1941,2014-02-04,2014-02-04T14:53:11,14.66628787,46504.5601,27922.3085,900.1942,2138,2,2014-02-02,0,N,,PRISM_3D_MAGNITUDE_REPORTED
28-1941,2014-02-05,2014-02-05T15:29:13,20.1841522,46504.562,27922.3026,900.1848,2140,2,2014-02-03,19.2,N,,PRISM_3D_MAGNITUDE_REPORTED
28-1941,2014-02-06,2014-02-06T16:05:43,5.669215112,46504.5605,27922.3262,900.1915,2142,2,2014-02-04,8.6,N,,PRISM_3D_MAGNITUDE_REPORTED
28-1941,2014-02-07,2014-02-07T21:01:46,18.7898909,46504.5576,27922.3143,900.2059,2144,2,2014-02-05,0,N,,PRISM_3D_MAGNITUDE_REPORTED
28-1941,2014-02-08,2014-02-08T14:58:05,12.996538,46504.5601,27922.3179,900.2017,2145,1,2014-02-06,0.4,N,,PRISM_3D_MAGNITUDE_REPORTED
28-1941,2014-02-09,2014-02-09T14:32:20,18.01360597,46504.5598,27922.3049,900.1938,2147,2,2014-02-07,1.6,N,,PRISM_3D_MAGNITUDE_REPORTED
28-1941,2014-02-10,2014-02-10T11:46:41,19.63797342,46504.5585,27922.3096,900.2042,2149,2,2014-02-08,3.4,N,,PRISM_3D_MAGNITUDE_REPORTED
28-1941,2014-02-11,2014-02-11T18:39:13,16.98734823,46504.5581,27922.312,900.2024,2151,2,2014-02-09,0.8,N,,PRISM_3D_MAGNITUDE_REPORTED
28-1941,2014-02-12,2014-02-12T19:03:43,14.66628787,46504.5595,27922.3097,900.1966,2153,2,2014-02-10,29,N,,PRISM_3D_MAGNITUDE_REPORTED
28-1941,2014-02-13,2014-02-13T22:23:18,17.84740877,46504.5581,27922.3096,900.2014,2155,2,2014-02-11,8.4,N,,PRISM_3D_MAGNITUDE_REPORTED
28-1941,2014-02-14,2014-02-14T11:54:45,12.84912448,46504.5606,27922.3097,900.1915,2156,1,2014-02-12,20.6,N,,PRISM_3D_MAGNITUDE_REPORTED
28-1941,2014-02-15,2014-02-15T15:11:45,21.70115204,46504.5587,27922.3014,900.1943,2158,2,2014-02-13,0.2,N,,PRISM_3D_MAGNITUDE_REPORTED
28-1941,2014-02-16,2014-02-16T04:54:31,15.2973854,46504.558,27922.312,900.1999,2159,1,2014-02-14,0,N,,PRISM_3D_MAGNITUDE_REPORTED
28-1941,2014-02-17,2014-02-17T13:51:54,22.74972527,46504.5569,27922.3037,900.2015,2161,2,2014-02-15,0,N,,PRISM_3D_MAGNITUDE_REPORTED
28-1941,2014-02-18,2014-02-18T23:52:04,20.21509337,46504.559,27922.3026,900.1927,2163,2,2014-02-16,115,N,,PRISM_3D_MAGNITUDE_REPORTED
28-1941,2014-02-19,2014-02-19T15:55:27,38.84597791,46504.5582,27922.2836,900.1909,2164,1,2014-02-17,6,N,,PRISM_3D_MAGNITUDE_REPORTED
28-1982,2013-11-20,2013-11-20T16:52:31,0,46500.991,27806.431,876.866,4115,1,2013-11-18,0,N,,PRISM_3D_MAGNITUDE_REPORTED
28-1982,2013-11-21,2013-11-21T09:02:04,5.830951894,46500.994,27806.434,876.862,4116,1,2013-11-19,4.2,N,,PRISM_3D_MAGNITUDE_REPORTED
28-1982,2013-11-22,2013-11-22T15:49:39,11.18033989,46500.995,27806.434,876.856,4118,2,2013-11-20,0.2,N,,PRISM_3D_MAGNITUDE_REPORTED
28-1982,2013-11-23,2013-11-23T16:22:56,3.162277662,46500.99,27806.434,876.866,4119,1,2013-11-21,0,N,,PRISM_3D_MAGNITUDE_REPORTED
28-1982,2013-11-24,2013-11-24T08:10:31,2,46500.993,27806.431,876.866,4120,1,2013-11-22,0,N,,PRISM_3D_MAGNITUDE_REPORTED
28-1982,2013-11-25,2013-11-25T18:14:06,1,46500.991,27806.431,876.865,4121,1,2013-11-23,0,N,,PRISM_3D_MAGNITUDE_REPORTED
28-1982,2013-11-26,2013-11-26T10:54:39,4.242640686,46500.992,27806.43,876.862,4122,1,2013-11-24,1.8,N,,PRISM_3D_MAGNITUDE_REPORTED
28-1982,2013-11-27,2013-11-27T11:32:48,8.306623864,46500.993,27806.424,876.862,4124,2,2013-11-25,0,N,,PRISM_3D_MAGNITUDE_REPORTED
28-1982,2013-11-28,2013-11-28T20:40:41,4.123105626,46500.993,27806.429,876.863,4126,2,2013-11-26,0,N,,PRISM_3D_MAGNITUDE_REPORTED
28-1982,2013-11-29,2013-11-29T17:33:58,11.5758369,46500.994,27806.429,876.855,4127,1,2013-11-27,0,N,,PRISM_3D_MAGNITUDE_REPORTED
28-1982,2013-11-30,2013-11-30T21:49:34,8.686195943,46500.9938,27806.4291,876.858,4129,2,2013-11-28,0,N,,PRISM_3D_MAGNITUDE_REPORTED
28-1982,2013-12-01,2013-12-01T13:29:49,22.54440064,46500.9973,27806.4176,876.849,4130,1,2013-11-29,0,N,,PRISM_3D_MAGNITUDE_REPORTED
28-1982,2013-12-02,2013-12-02T20:24:32,1.612451549,46500.9922,27806.4314,876.865,4131,1,2013-11-30,0,N,,PRISM_3D_MAGNITUDE_REPORTED
28-1982,2013-12-03,2013-12-03T15:16:40,6.980687645,46500.9922,27806.4362,876.8615,4132,1,2013-12-01,0,N,,PRISM_3D_MAGNITUDE_REPORTED
28-1982,2013-12-06,2013-12-06T22:40:14,4.177319713,46500.9926,27806.429,876.8627,4134,2,2013-12-04,0.2,N,,PRISM_3D_MAGNITUDE_REPORTED
28-1982,2013-12-07,2013-12-07T11:43:00,8.060397012,46500.9915,27806.4264,876.8726,4135,1,2013-12-05,0.6,N,,PRISM_3D_MAGNITUDE_REPORTED
28-1982,2013-12-08,2013-12-08T00:03:02,1.711724276,46500.9918,27806.4325,876.8662,4136,1,2013-12-06,8.2,N,,PRISM_3D_MAGNITUDE_REPORTED
28-1982,2013-12-10,2013-12-10T23:09:31,2.946183972,46500.9928,27806.429,876.8648,4138,2,2013-12-08,0,N,,PRISM_3D_MAGNITUDE_REPORTED
28-1982,2013-12-12,2013-12-12T22:17:37,5.835237784,46500.9936,27806.4315,876.8608,4139,1,2013-12-10,0,N,,PRISM_3D_MAGNITUDE_REPORTED
28-1982,2013-12-13,2013-12-13T18:38:43,9.823950325,46500.9933,27806.4219,876.8689,4140,1,2013-12-11,0,N,,PRISM_3D_MAGNITUDE_REPORTED
28-1982,2013-12-14,2013-12-14T10:40:02,6.802940541,46500.9942,27806.434,876.8608,4141,1,2013-12-12,0,N,,PRISM_3D_MAGNITUDE_REPORTED
28-1982,2013-12-16,2013-12-16T10:25:22,4.101219329,46500.9923,27806.4338,876.8687,4142,1,2013-12-14,0,N,,PRISM_3D_MAGNITUDE_REPORTED
28-1982,2013-12-17,2013-12-17T16:32:41,13.47813043,46500.9949,27806.4389,876.8558,4143,1,2013-12-15,0,N,,PRISM_3D_MAGNITUDE_REPORTED
28-1982,2013-12-18,2013-12-18T22:15:59,8.921883207,46500.9946,27806.4268,876.859,4144,1,2013-12-16,1.6,N,,PRISM_3D_MAGNITUDE_REPORTED
28-1982,2013-12-19,2013-12-19T20:02:41,6.951978135,46500.9957,27806.427,876.8628,4145,1,2013-12-17,0,N,,PRISM_3D_MAGNITUDE_REPORTED
28-1982,2013-12-21,2013-12-21T18:17:52,10.03045363,46500.9931,27806.4218,876.8694,4146,1,2013-12-19,0,N,,PRISM_3D_MAGNITUDE_REPORTED
28-1982,2013-12-22,2013-12-22T19:09:08,5.487257965,46500.9935,27806.4291,876.8705,4148,2,2013-12-20,0,N,,PRISM_3D_MAGNITUDE_REPORTED
28-1982,2013-12-23,2013-12-23T14:49:22,7.598026058,46500.9946,27806.4244,876.8649,4150,2,2013-12-21,0,N,,PRISM_3D_MAGNITUDE_REPORTED
28-1982,2013-12-24,2013-12-24T06:23:44,2.973213744,46500.9938,27806.4304,876.8652,4151,1,2013-12-22,0,N,,PRISM_3D_MAGNITUDE_REPORTED
28-1982,2013-12-25,2013-12-25T05:30:51,6.884039509,46500.9935,27806.4255,876.8693,4152,1,2013-12-23,0,N,,PRISM_3D_MAGNITUDE_REPORTED
28-1982,2013-12-27,2013-12-27T15:31:21,18.3883115,46500.9974,27806.4344,876.8491,4153,1,2013-12-25,0,N,,PRISM_3D_MAGNITUDE_REPORTED
28-1982,2013-12-28,2013-12-28T13:50:31,7.467261881,46500.9942,27806.4244,876.8646,4155,2,2013-12-26,0,N,,PRISM_3D_MAGNITUDE_REPORTED
28-1982,2013-12-29,2013-12-29T07:46:22,4.985980342,46500.9949,27806.4293,876.8634,4156,1,2013-12-27,0,N,,PRISM_3D_MAGNITUDE_REPORTED
28-1982,2013-12-30,2013-12-30T12:18:34,5.595533934,46500.9953,27806.4281,876.8681,4158,2,2013-12-28,0,N,,PRISM_3D_MAGNITUDE_REPORTED
28-1982,2013-12-31,2013-12-31T12:52:43,4.573838648,46500.994,27806.4316,876.8626,4160,2,2013-12-29,,,,PRISM_3D_MAGNITUDE_REPORTED
28-1982,2014-01-01,2014-01-01T14:31:36,12.19262072,46500.9949,27806.4197,876.8684,4161,1,2013-12-30,12,N,,PRISM_3D_MAGNITUDE_REPORTED
28-1982,2014-01-02,2014-01-02T15:46:05,13.82967823,46500.9964,27806.4319,876.8533,4162,1,2013-12-31,3.6,N,,PRISM_3D_MAGNITUDE_REPORTED
28-1982,2014-01-03,2014-01-03T19:27:39,6.617401301,46500.9949,27806.4257,876.8653,4164,2,2014-01-01,0,N,,PRISM_3D_MAGNITUDE_REPORTED
28-1982,2014-01-04,2014-01-04T11:27:39,8.635971281,46500.9957,27806.4342,876.8595,4165,1,2014-01-02,0,N,,PRISM_3D_MAGNITUDE_REPORTED
28-1982,2014-01-06,2014-01-06T17:52:14,5.499999998,46500.994,27806.4268,876.8679,4166,1,2014-01-04,0,N,,PRISM_3D_MAGNITUDE_REPORTED
28-1982,2014-01-07,2014-01-07T14:31:25,11.83258214,46500.9959,27806.427,876.856,4168,2,2014-01-05,0,N,,PRISM_3D_MAGNITUDE_REPORTED
28-1982,2014-01-08,2014-01-08T14:35:42,7.96303962,46500.9924,27806.4242,876.8699,4170,2,2014-01-06,0,N,,PRISM_3D_MAGNITUDE_REPORTED
28-1982,2014-01-09,2014-01-09T14:39:02,9.623408957,46500.9938,27806.4219,876.8674,4172,2,2014-01-07,0,N,,PRISM_3D_MAGNITUDE_REPORTED
28-1982,2014-01-10,2014-01-10T13:42:14,14.62942241,46500.9953,27806.4173,876.8688,4174,2,2014-01-08,0,N,,PRISM_3D_MAGNITUDE_REPORTED
28-1982,2014-01-11,2014-01-11T14:29:14,8.725823745,46500.9964,27806.4247,876.8633,4176,2,2014-01-09,0.6,N,,PRISM_3D_MAGNITUDE_REPORTED
28-1982,2014-01-12,2014-01-12T19:05:59,13.321036,46500.9936,27806.4195,876.8722,4177,1,2014-01-10,1.6,N,,PRISM_3D_MAGNITUDE_REPORTED
28-1982,2014-01-13,2014-01-13T18:22:21,6.284106935,46500.9955,27806.427,876.8642,4179,2,2014-01-11,29.2,N,,PRISM_3D_MAGNITUDE_REPORTED
28-1982,2014-01-14,2014-01-14T17:03:19,4.442971979,46500.9933,27806.4327,876.8694,4181,2,2014-01-12,20,N,,PRISM_3D_MAGNITUDE_REPORTED
28-1982,2014-01-15,2014-01-15T15:55:23,15.91320207,46500.9941,27806.4171,876.8731,4182,1,2014-01-13,0.2,N,,PRISM_3D_MAGNITUDE_REPORTED
28-1982,2014-01-16,2014-01-16T03:04:26,6.502307282,46500.9946,27806.4256,876.8664,4183,1,2014-01-14,0.8,N,,PRISM_3D_MAGNITUDE_REPORTED
28-1982,2014-01-17,2014-01-17T18:18:02,4.739198243,46500.9937,27806.4291,876.8694,4184,1,2014-01-15,11,N,,PRISM_3D_MAGNITUDE_REPORTED
28-1982,2014-01-18,2014-01-18T18:23:09,11.38156404,46500.9938,27806.4231,876.8737,4186,2,2014-01-16,15.4,N,,PRISM_3D_MAGNITUDE_REPORTED
28-1982,2014-01-19,2014-01-19T18:49:15,14.74211654,46500.9968,27806.4175,876.8648,4188,2,2014-01-17,2,N,,PRISM_3D_MAGNITUDE_REPORTED
28-1982,2014-01-20,2014-01-20T06:52:47,10.5858396,46500.9952,27806.4221,876.8699,4189,1,2014-01-18,0.2,N,,PRISM_3D_MAGNITUDE_REPORTED
28-1982,2014-01-21,2014-01-21T19:20:27,10.21077862,46500.9966,27806.4283,876.8579,4191,2,2014-01-19,17.6,N,,PRISM_3D_MAGNITUDE_REPORTED
28-1982,2014-01-22,2014-01-22T20:26:55,10.69859804,46500.9964,27806.4223,876.8691,4193,2,2014-01-20,0,N,,PRISM_3D_MAGNITUDE_REPORTED
28-1982,2014-01-23,2014-01-23T08:46:09,15.8533908,46500.9952,27806.4185,876.8748,4194,1,2014-01-21,0,N,,PRISM_3D_MAGNITUDE_REPORTED
28-1982,2014-01-24,2014-01-24T21:15:37,10.68877917,46500.997,27806.4223,876.8676,4196,2,2014-01-22,10.4,N,,PRISM_3D_MAGNITUDE_REPORTED
28-1982,2014-01-25,2014-01-25T09:15:02,17.58323065,46500.9959,27806.415,876.8714,4197,1,2014-01-23,0.2,N,,PRISM_3D_MAGNITUDE_REPORTED
28-1982,2014-01-26,2014-01-26T09:46:17,12.95839496,46500.9946,27806.4196,876.871,4198,1,2014-01-24,0,N,,PRISM_3D_MAGNITUDE_REPORTED
28-1982,2014-01-28,2014-01-28T21:03:03,12.51878588,46500.9978,27806.4212,876.8622,4199,1,2014-01-26,35,N,,PRISM_3D_MAGNITUDE_REPORTED
28-1982,2014-01-29,2014-01-29T14:11:04,15.81518258,46500.9964,27806.4174,876.872,4200,1,2014-01-27,24.8,N,,PRISM_3D_MAGNITUDE_REPORTED
28-1982,2014-01-30,2014-01-30T15:39:28,16.01030918,46500.9979,27806.4176,876.8606,4202,2,2014-01-28,0.8,N,,PRISM_3D_MAGNITUDE_REPORTED
28-1982,2014-01-31,2014-01-31T15:30:05,22.09615351,46500.9978,27806.4104,876.8702,4204,2,2014-01-29,0,N,,PRISM_3D_MAGNITUDE_REPORTED
28-1982,2014-02-01,2014-02-01T17:50:01,17.05432497,46500.9974,27806.4152,876.8665,4206,2,2014-01-30,0,N,,PRISM_3D_MAGNITUDE_REPORTED
28-1982,2014-02-02,2014-02-02T06:09:38,19.95845686,46500.9965,27806.4138,876.8745,4207,1,2014-01-31,0,N,,PRISM_3D_MAGNITUDE_REPORTED
28-1982,2014-02-03,2014-02-03T14:35:40,10.58536726,46500.997,27806.4223,876.8666,4209,2,2014-02-01,0,N,,PRISM_3D_MAGNITUDE_REPORTED
28-1982,2014-02-04,2014-02-04T15:06:35,16.73827948,46500.995,27806.4221,876.8796,4211,2,2014-02-02,0,N,,PRISM_3D_MAGNITUDE_REPORTED
28-1982,2014-02-05,2014-02-05T15:29:13,17.83760074,46500.9965,27806.4162,876.8743,4213,2,2014-02-03,19.2,N,,PRISM_3D_MAGNITUDE_REPORTED
28-1982,2014-02-06,2014-02-06T16:05:43,14.63796434,46500.9969,27806.4199,876.8735,4215,2,2014-02-04,8.6,N,,PRISM_3D_MAGNITUDE_REPORTED
28-1982,2014-02-07,2014-02-07T21:01:46,20.30369425,46500.9982,27806.4128,876.8714,4217,2,2014-02-05,0,N,,PRISM_3D_MAGNITUDE_REPORTED
28-1982,2014-02-08,2014-02-08T14:58:05,10.28153685,46500.9985,27806.4249,876.8695,4218,1,2014-02-06,0.4,N,,PRISM_3D_MAGNITUDE_REPORTED
28-1982,2014-02-09,2014-02-09T14:32:20,19.65604233,46500.9976,27806.4128,876.8694,4220,2,2014-02-07,1.6,N,,PRISM_3D_MAGNITUDE_REPORTED
28-1982,2014-02-10,2014-02-10T11:46:41,22.3799017,46500.9947,27806.4196,876.8849,4221,1,2014-02-08,3.4,N,,PRISM_3D_MAGNITUDE_REPORTED
28-1982,2014-02-11,2014-02-11T18:39:13,21.02046622,46500.9959,27806.4162,876.8801,4223,2,2014-02-09,0.8,N,,PRISM_3D_MAGNITUDE_REPORTED
28-1982,2014-02-12,2014-02-12T19:13:17,18.37416665,46500.999,27806.4154,876.8715,4225,2,2014-02-10,29,N,,PRISM_3D_MAGNITUDE_REPORTED
28-1982,2014-02-13,2014-02-13T22:23:18,25.04775439,46500.9973,27806.4127,876.8819,4227,2,2014-02-11,8.4,N,,PRISM_3D_MAGNITUDE_REPORTED
28-1982,2014-02-14,2014-02-14T11:54:45,21.99318076,46500.9991,27806.413,876.8757,4228,1,2014-02-12,20.6,N,,PRISM_3D_MAGNITUDE_REPORTED
28-1982,2014-02-15,2014-02-15T15:21:05,18.50027027,46501.0014,27806.4157,876.8659,4230,2,2014-02-13,0.2,N,,PRISM_3D_MAGNITUDE_REPORTED
28-1982,2014-02-16,2014-02-16T05:15:15,25.66904751,46501.0027,27806.4086,876.8705,4231,1,2014-02-14,0,N,,PRISM_3D_MAGNITUDE_REPORTED
28-1982,2014-02-17,2014-02-17T14:01:46,36.46422905,46501.0096,27806.3998,876.8692,4233,2,2014-02-15,0,N,,PRISM_3D_MAGNITUDE_REPORTED
28-1982,2014-02-18,2014-02-18T23:52:04,36.11675512,46501.0085,27806.4009,876.8756,4235,2,2014-02-16,115,N,,PRISM_3D_MAGNITUDE_REPORTED
28-1982,2014-02-19,2014-02-19T15:55:27,43.54560828,46501.0069,27806.3935,876.8814,4236,1,2014-02-17,6,N,,PRISM_3D_MAGNITUDE_REPORTED
28-1983,2013-11-20,2013-11-20T16:52:31,0,46521.97,27845.086,877.16,4237,1,2013-11-18,0,N,,PRISM_3D_MAGNITUDE_REPORTED
28-1983,2013-11-21,2013-11-21T09:22:19,10.77032961,46521.974,27845.08,877.152,4238,1,2013-11-19,4.2,N,,PRISM_3D_MAGNITUDE_REPORTED
28-1983,2013-11-22,2013-11-22T15:49:39,5.196152423,46521.971,27845.091,877.161,4240,2,2013-11-20,0.2,N,,PRISM_3D_MAGNITUDE_REPORTED
28-1983,2013-11-23,2013-11-23T16:22:56,5.196152422,46521.971,27845.087,877.155,4242,2,2013-11-21,0,N,,PRISM_3D_MAGNITUDE_REPORTED
28-1983,2013-11-24,2013-11-24T08:10:31,5.477225575,46521.971,27845.088,877.165,4243,1,2013-11-22,0,N,,PRISM_3D_MAGNITUDE_REPORTED
28-1983,2013-11-25,2013-11-25T18:34:43,1.41421356,46521.971,27845.087,877.16,4244,1,2013-11-23,0,N,,PRISM_3D_MAGNITUDE_REPORTED
28-1983,2013-11-26,2013-11-26T10:54:39,5.477225575,46521.971,27845.084,877.155,4245,1,2013-11-24,1.8,N,,PRISM_3D_MAGNITUDE_REPORTED
28-1983,2013-11-27,2013-11-27T11:54:19,13.41640786,46521.97,27845.074,877.166,4247,2,2013-11-25,0,N,,PRISM_3D_MAGNITUDE_REPORTED
28-1983,2013-11-28,2013-11-28T20:40:41,12.40967364,46521.971,27845.074,877.163,4249,2,2013-11-26,0,N,,PRISM_3D_MAGNITUDE_REPORTED
28-1983,2013-11-29,2013-11-29T17:33:58,13.15294644,46521.973,27845.078,877.15,4250,1,2013-11-27,0,N,,PRISM_3D_MAGNITUDE_REPORTED
28-1983,2013-11-30,2013-11-30T21:49:34,13.52553141,46521.9711,27845.0727,877.1622,4252,2,2013-11-28,0,N,,PRISM_3D_MAGNITUDE_REPORTED
28-1983,2013-12-01,2013-12-01T13:29:49,18.19368022,46521.9724,27845.0681,877.1578,4253,1,2013-11-29,0,N,,PRISM_3D_MAGNITUDE_REPORTED
28-1983,2013-12-02,2013-12-02T20:24:32,8.697700845,46521.9702,27845.0785,877.1644,4254,1,2013-11-30,0,N,,PRISM_3D_MAGNITUDE_REPORTED
28-1983,2013-12-03,2013-12-03T15:16:40,11.10540409,46521.9716,27845.0751,877.1614,4255,1,2013-12-01,0,N,,PRISM_3D_MAGNITUDE_REPORTED
28-1983,2013-12-06,2013-12-06T22:40:14,9.349331527,46521.9716,27845.0774,877.1567,4257,2,2013-12-04,0.2,N,,PRISM_3D_MAGNITUDE_REPORTED
28-1983,2013-12-07,2013-12-07T11:43:00,13.2947358,46521.9685,27845.0807,877.1721,4258,1,2013-12-05,0.6,N,,PRISM_3D_MAGNITUDE_REPORTED
28-1983,2013-12-08,2013-12-08T00:23:36,8.816461877,46521.9711,27845.0774,877.1616,4259,1,2013-12-06,8.2,N,,PRISM_3D_MAGNITUDE_REPORTED
28-1983,2013-12-10,2013-12-10T23:09:31,11.02406459,46521.9716,27845.0751,877.1596,4261,2,2013-12-08,0,N,,PRISM_3D_MAGNITUDE_REPORTED
28-1983,2013-12-12,2013-12-12T22:17:37,4.818713521,46521.9715,27845.0821,877.1576,4262,1,2013-12-10,0,N,,PRISM_3D_MAGNITUDE_REPORTED
28-1983,2013-12-13,2013-12-13T18:38:43,16.52422464,46521.9688,27845.076,877.1731,4263,1,2013-12-11,0,N,,PRISM_3D_MAGNITUDE_REPORTED
28-1983,2013-12-14,2013-12-14T10:40:02,14.46409347,46521.9686,27845.0819,877.1738,4264,1,2013-12-12,0,N,,PRISM_3D_MAGNITUDE_REPORTED
28-1983,2013-12-16,2013-12-16T10:25:22,15.51418706,46521.9678,27845.0888,877.1751,4265,1,2013-12-14,0,N,,PRISM_3D_MAGNITUDE_REPORTED
28-1983,2013-12-17,2013-12-17T16:32:41,3.518522416,46521.9721,27845.0834,877.1589,4266,1,2013-12-15,0,N,,PRISM_3D_MAGNITUDE_REPORTED
28-1983,2013-12-18,2013-12-18T22:15:59,11.37980668,46521.9703,27845.075,877.1629,4267,1,2013-12-16,1.6,N,,PRISM_3D_MAGNITUDE_REPORTED
28-1983,2013-12-19,2013-12-19T20:02:41,11.22319028,46521.9708,27845.0786,877.1684,4268,1,2013-12-17,0,N,,PRISM_3D_MAGNITUDE_REPORTED
28-1983,2013-12-21,2013-12-21T18:17:52,14.48067678,46521.9678,27845.0794,877.1727,4269,1,2013-12-19,0,N,,PRISM_3D_MAGNITUDE_REPORTED
28-1983,2013-12-22,2013-12-22T19:09:08,11.71153278,46521.9696,27845.082,877.171,4271,2,2013-12-20,0,N,,PRISM_3D_MAGNITUDE_REPORTED
28-1983,2013-12-23,2013-12-23T14:49:22,18.61531627,46521.9702,27845.0703,877.17,4273,2,2013-12-21,0,N,,PRISM_3D_MAGNITUDE_REPORTED
28-1983,2013-12-24,2013-12-24T06:23:44,6.406246952,46521.9702,27845.082,877.165,4274,1,2013-12-22,0,N,,PRISM_3D_MAGNITUDE_REPORTED
28-1983,2013-12-25,2013-12-25T05:30:51,7.99687439,46521.9705,27845.0797,877.1649,4275,1,2013-12-23,0,N,,PRISM_3D_MAGNITUDE_REPORTED
28-1983,2013-12-27,2013-12-27T15:31:21,13.33454161,46521.9746,27845.0813,877.1484,4276,1,2013-12-25,0,N,,PRISM_3D_MAGNITUDE_REPORTED
28-1983,2013-12-28,2013-12-28T13:50:31,4.323193264,46521.9698,27845.0831,877.1632,4278,2,2013-12-26,0,N,,PRISM_3D_MAGNITUDE_REPORTED
28-1983,2013-12-29,2013-12-29T07:46:22,9.060905031,46521.9716,27845.0775,877.1627,4279,1,2013-12-27,0,N,,PRISM_3D_MAGNITUDE_REPORTED
28-1983,2013-12-30,2013-12-30T12:18:34,16.13350551,46521.9718,27845.0728,877.1691,4281,2,2013-12-28,0,N,,PRISM_3D_MAGNITUDE_REPORTED
28-1983,2013-12-31,2013-12-31T12:52:43,9.867623827,46521.9696,27845.0796,877.1675,4283,2,2013-12-29,,,,PRISM_3D_MAGNITUDE_REPORTED
28-1983,2014-01-01,2014-01-01T14:31:36,11.19330157,46521.9728,27845.0752,877.1591,4284,1,2013-12-30,12,N,,PRISM_3D_MAGNITUDE_REPORTED
28-1983,2014-01-02,2014-01-02T15:46:05,3.061045572,46521.9703,27845.0832,877.1612,4285,1,2013-12-31,3.6,N,,PRISM_3D_MAGNITUDE_REPORTED
28-1983,2014-01-03,2014-01-03T19:27:39,8.120960535,46521.9705,27845.0797,877.1651,4287,2,2014-01-01,0,N,,PRISM_3D_MAGNITUDE_REPORTED
28-1983,2014-01-04,2014-01-04T11:27:39,15.05656003,46521.9709,27845.0727,877.167,4288,1,2014-01-02,0,N,,PRISM_3D_MAGNITUDE_REPORTED
28-1983,2014-01-06,2014-01-06T17:52:14,11.06571281,46521.9693,27845.0796,877.169,4289,1,2014-01-04,0,N,,PRISM_3D_MAGNITUDE_REPORTED
28-1983,2014-01-07,2014-01-07T14:31:25,3.930648801,46521.9708,27845.0844,877.1565,4291,2,2014-01-05,0,N,,PRISM_3D_MAGNITUDE_REPORTED
28-1983,2014-01-08,2014-01-08T14:35:42,6.874590895,46521.971,27845.0809,877.1555,4293,2,2014-01-06,0,N,,PRISM_3D_MAGNITUDE_REPORTED
28-1983,2014-01-09,2014-01-09T14:39:02,9.213034244,46521.9682,27845.0818,877.168,4295,2,2014-01-07,0,N,,PRISM_3D_MAGNITUDE_REPORTED
28-1983,2014-01-10,2014-01-10T13:42:14,16.89881653,46521.9708,27845.0703,877.1662,4297,2,2014-01-08,0,N,,PRISM_3D_MAGNITUDE_REPORTED
28-1983,2014-01-11,2014-01-11T14:29:14,9.583318839,46521.9736,27845.0788,877.1548,4299,2,2014-01-09,0.6,N,,PRISM_3D_MAGNITUDE_REPORTED
28-1983,2014-01-12,2014-01-12T19:05:59,19.44170774,46521.9686,27845.0701,877.1711,4300,1,2014-01-10,1.6,N,,PRISM_3D_MAGNITUDE_REPORTED
28-1983,2014-01-13,2014-01-13T18:22:21,8.770404781,46521.9714,27845.0774,877.159,4302,2,2014-01-11,29.2,N,,PRISM_3D_MAGNITUDE_REPORTED
28-1983,2014-01-14,2014-01-14T17:03:19,2.861817605,46521.9709,27845.0833,877.1597,4304,2,2014-01-12,20,N,,PRISM_3D_MAGNITUDE_REPORTED
28-1983,2014-01-15,2014-01-15T15:55:23,15.56341865,46521.9695,27845.0726,877.1679,4305,1,2014-01-13,0.2,N,,PRISM_3D_MAGNITUDE_REPORTED
28-1983,2014-01-16,2014-01-16T03:04:26,22.17791694,46521.9699,27845.0656,877.1687,4306,1,2014-01-14,0.8,N,,PRISM_3D_MAGNITUDE_REPORTED
28-1983,2014-01-17,2014-01-17T18:18:02,9.548821917,46521.9685,27845.0807,877.1678,4307,1,2014-01-15,11,N,,PRISM_3D_MAGNITUDE_REPORTED
28-1983,2014-01-18,2014-01-18T18:23:09,13.81774222,46521.9676,27845.0794,877.1719,4309,2,2014-01-16,15.4,N,,PRISM_3D_MAGNITUDE_REPORTED
28-1983,2014-01-19,2014-01-19T18:49:15,18.82817038,46521.9705,27845.068,877.1655,4311,2,2014-01-17,2,N,,PRISM_3D_MAGNITUDE_REPORTED
28-1983,2014-01-20,2014-01-20T19:17:45,12.49799984,46521.968,27845.0818,877.1716,4313,2,2014-01-18,0.2,N,,PRISM_3D_MAGNITUDE_REPORTED
28-1983,2014-01-21,2014-01-21T19:20:27,11.63142296,46521.9674,27845.0958,877.1657,4315,2,2014-01-19,17.6,N,,PRISM_3D_MAGNITUDE_REPORTED
28-1983,2014-01-22,2014-01-22T20:26:55,19.4404218,46521.9704,27845.0691,877.1696,4317,2,2014-01-20,0,N,,PRISM_3D_MAGNITUDE_REPORTED
28-1983,2014-01-23,2014-01-23T08:46:09,20.77402224,46521.9682,27845.0724,877.1756,4318,1,2014-01-21,0,N,,PRISM_3D_MAGNITUDE_REPORTED
28-1983,2014-01-24,2014-01-24T21:15:37,17.10263138,46521.972,27845.0693,877.1631,4320,2,2014-01-22,10.4,N,,PRISM_3D_MAGNITUDE_REPORTED
28-1983,2014-01-25,2014-01-25T09:15:02,16.24161322,46521.9707,27845.0703,877.1641,4321,1,2014-01-23,0.2,N,,PRISM_3D_MAGNITUDE_REPORTED
28-1983,2014-01-26,2014-01-26T09:46:17,14.15132503,46521.9679,27845.0771,877.1708,4322,1,2014-01-24,0,N,,PRISM_3D_MAGNITUDE_REPORTED
28-1983,2014-01-28,2014-01-28T21:03:03,18.46374826,46521.9723,27845.0681,877.1561,4323,1,2014-01-26,35,N,,PRISM_3D_MAGNITUDE_REPORTED
28-1983,2014-01-29,2014-01-29T14:11:04,19.03969538,46521.9703,27845.0679,877.1659,4324,1,2014-01-27,24.8,N,,PRISM_3D_MAGNITUDE_REPORTED
28-1983,2014-01-30,2014-01-30T15:39:28,8.95879456,46521.9704,27845.0773,877.1579,4326,2,2014-01-28,0.8,N,,PRISM_3D_MAGNITUDE_REPORTED
28-1983,2014-01-31,2014-01-31T15:30:05,17.31444484,46521.9699,27845.0703,877.1673,4328,2,2014-01-29,0,N,,PRISM_3D_MAGNITUDE_REPORTED
28-1983,2014-02-01,2014-02-01T17:58:59,15.01665742,46521.969,27845.0725,877.1665,4330,2,2014-01-30,0,N,,PRISM_3D_MAGNITUDE_REPORTED
28-1983,2014-02-02,2014-02-02T06:09:38,22.04427363,46521.9697,27845.0655,877.1681,4331,1,2014-01-31,0,N,,PRISM_3D_MAGNITUDE_REPORTED
28-1983,2014-02-03,2014-02-03T02:08:49,21.60578626,46521.9679,27845.0712,877.1756,4332,1,2014-02-01,0,N,,PRISM_3D_MAGNITUDE_REPORTED
28-1983,2014-02-04,2014-02-04T15:06:35,15.77498019,46521.9718,27845.0704,877.1615,4334,2,2014-02-02,0,N,,PRISM_3D_MAGNITUDE_REPORTED
28-1983,2014-02-05,2014-02-05T15:29:13,18.15654152,46521.9721,27845.0681,877.1578,4336,2,2014-02-03,19.2,N,,PRISM_3D_MAGNITUDE_REPORTED
28-1983,2014-02-06,2014-02-06T16:05:43,6.248999921,46521.9699,27845.082,877.1648,4338,2,2014-02-04,8.6,N,,PRISM_3D_MAGNITUDE_REPORTED
28-1983,2014-02-07,2014-02-07T21:01:46,23.90167358,46521.9683,27845.0678,877.1754,4340,2,2014-02-05,0,N,,PRISM_3D_MAGNITUDE_REPORTED
28-1983,2014-02-08,2014-02-08T14:58:05,24.76004846,46521.9676,27845.0747,877.1819,4341,1,2014-02-06,0.4,N,,PRISM_3D_MAGNITUDE_REPORTED
28-1983,2014-02-09,2014-02-09T14:32:20,22.95974738,46521.9691,27845.0655,877.1703,4343,2,2014-02-07,1.6,N,,PRISM_3D_MAGNITUDE_REPORTED
28-1983,2014-02-10,2014-02-10T11:46:41,25.71886467,46521.9701,27845.0632,877.1719,4345,2,2014-02-08,3.4,N,,PRISM_3D_MAGNITUDE_REPORTED
28-1983,2014-02-11,2014-02-11T18:39:13,30.89822001,46521.967,27845.0629,877.1803,4347,2,2014-02-09,0.8,N,,PRISM_3D_MAGNITUDE_REPORTED
28-1983,2014-02-12,2014-02-12T19:13:17,22.88864347,46521.9717,27845.0634,877.1632,4349,2,2014-02-10,29,N,,PRISM_3D_MAGNITUDE_REPORTED
28-1983,2014-02-13,2014-02-13T22:23:18,21.08316864,46521.9695,27845.0679,877.1708,4351,2,2014-02-11,8.4,N,,PRISM_3D_MAGNITUDE_REPORTED
28-1983,2014-02-14,2014-02-14T11:54:45,22.47242755,46521.9707,27845.0656,877.1694,4352,1,2014-02-12,20.6,N,,PRISM_3D_MAGNITUDE_REPORTED
28-1983,2014-02-15,2014-02-15T15:21:05,18.25404065,46521.9716,27845.0681,877.1632,4354,2,2014-02-13,0.2,N,,PRISM_3D_MAGNITUDE_REPORTED
28-1983,2014-02-16,2014-02-16T05:15:15,19.44273643,46521.97,27845.0679,877.1671,4355,1,2014-02-14,0,N,,PRISM_3D_MAGNITUDE_REPORTED
28-1983,2014-02-17,2014-02-17T14:01:46,32.14793928,46521.974,27845.0542,877.1625,4357,2,2014-02-15,0,N,,PRISM_3D_MAGNITUDE_REPORTED
28-1983,2014-02-18,2014-02-18T07:34:11,35.43303543,46521.9703,27845.0539,877.175,4358,1,2014-02-16,115,N,,PRISM_3D_MAGNITUDE_REPORTED
28-1983,2014-02-19,2014-02-19T16:07:26,38.0113141,46521.9727,27845.0494,877.1699,4360,2,2014-02-17,6,N,,PRISM_3D_MAGNITUDE_REPORTED
28-1984,2013-11-20,2013-11-20T16:52:31,0,46551.826,27915.908,877.274,4361,1,2013-11-18,0,N,,PRISM_3D_MAGNITUDE_REPORTED
28-1984,2013-11-21,2013-11-21T09:22:19,5.099019513,46551.827,27915.905,877.278,4362,1,2013-11-19,4.2,N,,PRISM_3D_MAGNITUDE_REPORTED
28-1984,2013-11-22,2013-11-22T15:49:39,5.385164808,46551.828,27915.903,877.274,4364,2,2013-11-20,0.2,N,,PRISM_3D_MAGNITUDE_REPORTED
28-1984,2013-11-23,2013-11-23T16:22:56,7.348469228,46551.824,27915.907,877.281,4366,2,2013-11-21,0,N,,PRISM_3D_MAGNITUDE_REPORTED
28-1984,2013-11-24,2013-11-24T08:31:11,5.099019514,46551.826,27915.907,877.279,4367,1,2013-11-22,0,N,,PRISM_3D_MAGNITUDE_REPORTED
28-1984,2013-11-25,2013-11-25T18:34:43,6.403124238,46551.825,27915.91,877.28,4368,1,2013-11-23,0,N,,PRISM_3D_MAGNITUDE_REPORTED
28-1984,2013-11-26,2013-11-26T11:15:10,10.04987562,46551.824,27915.904,877.283,4369,1,2013-11-24,1.8,N,,PRISM_3D_MAGNITUDE_REPORTED
28-1984,2013-11-27,2013-11-27T11:54:19,12.72792206,46551.823,27915.905,877.286,4371,2,2013-11-25,0,N,,PRISM_3D_MAGNITUDE_REPORTED
28-1984,2013-11-28,2013-11-28T20:40:41,2,46551.826,27915.91,877.274,4373,2,2013-11-26,0,N,,PRISM_3D_MAGNITUDE_REPORTED
28-1984,2013-11-29,2013-11-29T17:33:58,4.242640688,46551.825,27915.907,877.278,4374,1,2013-11-27,0,N,,PRISM_3D_MAGNITUDE_REPORTED
28-1984,2013-11-30,2013-11-30T22:12:14,2.238302927,46551.8267,27915.9096,877.2726,4376,2,2013-11-28,0,N,,PRISM_3D_MAGNITUDE_REPORTED
28-1984,2013-12-01,2013-12-01T13:29:49,11.66747616,46551.8239,27915.9004,877.2826,4377,1,2013-11-29,0,N,,PRISM_3D_MAGNITUDE_REPORTED
28-1984,2013-12-02,2013-12-02T20:24:32,7.592759709,46551.8245,27915.9072,877.2814,4378,1,2013-11-30,0,N,,PRISM_3D_MAGNITUDE_REPORTED
28-1984,2013-12-03,2013-12-03T15:16:40,1.236931688,46551.8262,27915.9073,877.275,4379,1,2013-12-01,0,N,,PRISM_3D_MAGNITUDE_REPORTED
28-1984,2013-12-06,2013-12-06T23:01:21,1.691153454,46551.8254,27915.9095,877.2735,4381,2,2013-12-04,0.2,N,,PRISM_3D_MAGNITUDE_REPORTED
28-1984,2013-12-07,2013-12-07T11:43:00,16.89200995,46551.823,27915.9015,877.2893,4382,1,2013-12-05,0.6,N,,PRISM_3D_MAGNITUDE_REPORTED
28-1984,2013-12-08,2013-12-08T00:23:36,8.165782266,46551.8242,27915.9118,877.281,4383,1,2013-12-06,8.2,N,,PRISM_3D_MAGNITUDE_REPORTED
28-1984,2013-12-10,2013-12-10T23:09:31,2.051828452,46551.8256,27915.9062,877.2749,4385,2,2013-12-08,0,N,,PRISM_3D_MAGNITUDE_REPORTED
28-1984,2013-12-12,2013-12-12T22:17:37,4.311612226,46551.8257,27915.9039,877.2753,4386,1,2013-12-10,0,N,,PRISM_3D_MAGNITUDE_REPORTED
28-1984,2013-12-13,2013-12-13T18:38:43,8.802840451,46551.8243,27915.9072,877.2826,4387,1,2013-12-11,0,N,,PRISM_3D_MAGNITUDE_REPORTED
28-1984,2013-12-14,2013-12-14T10:50:54,4.739198243,46551.8279,27915.9074,877.2697,4388,1,2013-12-12,0,N,,PRISM_3D_MAGNITUDE_REPORTED
28-1984,2013-12-16,2013-12-16T10:25:22,14.32131279,46551.8235,27915.9163,877.2854,4389,1,2013-12-14,0,N,,PRISM_3D_MAGNITUDE_REPORTED
28-1984,2013-12-17,2013-12-17T16:32:41,10.60942977,46551.8262,27915.9186,877.2736,4390,1,2013-12-15,0,N,,PRISM_3D_MAGNITUDE_REPORTED
28-1984,2013-12-18,2013-12-18T22:15:59,4.674398357,46551.8242,27915.905,877.2771,4391,1,2013-12-16,1.6,N,,PRISM_3D_MAGNITUDE_REPORTED
28-1984,2013-12-19,2013-12-19T20:02:41,5.444263035,46551.8258,27915.9096,877.2792,4392,1,2013-12-17,0,N,,PRISM_3D_MAGNITUDE_REPORTED
28-1984,2013-12-21,2013-12-21T18:17:52,12.69251748,46551.825,27915.8959,877.2777,4393,1,2013-12-19,0,N,,PRISM_3D_MAGNITUDE_REPORTED
28-1984,2013-12-22,2013-12-22T19:09:08,9.816822297,46551.8246,27915.9095,877.2836,4395,2,2013-12-20,0,N,,PRISM_3D_MAGNITUDE_REPORTED
28-1984,2013-12-23,2013-12-23T14:49:22,14.55266299,46551.826,27915.8937,877.2767,4397,2,2013-12-21,0,N,,PRISM_3D_MAGNITUDE_REPORTED
28-1984,2013-12-24,2013-12-24T06:23:44,7.464583042,46551.8242,27915.9072,877.2812,4398,1,2013-12-22,0,N,,PRISM_3D_MAGNITUDE_REPORTED
28-1984,2013-12-25,2013-12-25T05:30:51,6.34744043,46551.8247,27915.9084,877.2802,4399,1,2013-12-23,0,N,,PRISM_3D_MAGNITUDE_REPORTED
28-1984,2013-12-27,2013-12-27T15:31:21,5.961543424,46551.8252,27915.9129,877.2773,4400,1,2013-12-25,0,N,,PRISM_3D_MAGNITUDE_REPORTED
28-1984,2013-12-28,2013-12-28T13:50:31,10.34794666,46551.8236,27915.9004,877.2806,4402,2,2013-12-26,0,N,,PRISM_3D_MAGNITUDE_REPORTED
28-1984,2013-12-29,2013-12-29T07:46:22,4.687216659,46551.8254,27915.9095,877.2784,4403,1,2013-12-27,0,N,,PRISM_3D_MAGNITUDE_REPORTED
28-1984,2013-12-30,2013-12-30T12:18:34,7.535250494,46551.8258,27915.9073,877.2815,4405,2,2013-12-28,0,N,,PRISM_3D_MAGNITUDE_REPORTED
28-1984,2013-12-31,2013-12-31T12:52:43,8.901123526,46551.8235,27915.9117,877.2817,4407,2,2013-12-29,,,,PRISM_3D_MAGNITUDE_REPORTED
28-1984,2014-01-01,2014-01-01T14:31:36,12.39556372,46551.8277,27915.896,877.2714,4408,1,2013-12-30,12,N,,PRISM_3D_MAGNITUDE_REPORTED
28-1984,2014-01-02,2014-01-02T15:46:05,6.133514493,46551.8255,27915.9141,877.2736,4409,1,2013-12-31,3.6,N,,PRISM_3D_MAGNITUDE_REPORTED
28-1984,2014-01-03,2014-01-03T19:27:39,10.75918213,46551.8234,27915.905,877.284,4411,2,2014-01-01,0,N,,PRISM_3D_MAGNITUDE_REPORTED
28-1984,2014-01-04,2014-01-04T11:27:39,9.255268769,46551.8239,27915.905,877.2825,4412,1,2014-01-02,0,N,,PRISM_3D_MAGNITUDE_REPORTED
28-1984,2014-01-06,2014-01-06T17:52:14,8.915716461,46551.8236,27915.9118,877.2817,4413,1,2014-01-04,0,N,,PRISM_3D_MAGNITUDE_REPORTED
28-1984,2014-01-07,2014-01-07T14:31:25,8.056674251,46551.8267,27915.9039,877.2671,4415,2,2014-01-05,0,N,,PRISM_3D_MAGNITUDE_REPORTED
28-1984,2014-01-08,2014-01-08T14:35:42,12.01041215,46551.8228,27915.8981,877.28,4417,2,2014-01-06,0,N,,PRISM_3D_MAGNITUDE_REPORTED
28-1984,2014-01-09,2014-01-09T14:39:02,7.392563831,46551.8234,27915.9038,877.2795,4419,2,2014-01-07,0,N,,PRISM_3D_MAGNITUDE_REPORTED
28-1984,2014-01-10,2014-01-10T13:42:14,13.97927037,46551.8226,27915.9015,877.2859,4421,2,2014-01-08,0,N,,PRISM_3D_MAGNITUDE_REPORTED
28-1984,2014-01-11,2014-01-11T14:29:14,6.768308504,46551.8274,27915.9028,877.2699,4423,2,2014-01-09,0.6,N,,PRISM_3D_MAGNITUDE_REPORTED
28-1984,2014-01-12,2014-01-12T19:05:59,15.02098532,46551.8213,27915.9015,877.2867,4424,1,2014-01-10,1.6,N,,PRISM_3D_MAGNITUDE_REPORTED
28-1984,2014-01-13,2014-01-13T18:22:21,8.531119504,46551.8231,27915.9049,877.2814,4426,2,2014-01-11,29.2,N,,PRISM_3D_MAGNITUDE_REPORTED
28-1984,2014-01-14,2014-01-14T17:03:19,5.745432968,46551.8236,27915.9095,877.279,4428,2,2014-01-12,20,N,,PRISM_3D_MAGNITUDE_REPORTED
28-1984,2014-01-15,2014-01-15T15:55:23,11.11845313,46551.8229,27915.9004,877.2815,4429,1,2014-01-13,0.2,N,,PRISM_3D_MAGNITUDE_REPORTED
28-1984,2014-01-16,2014-01-16T03:04:26,9.881295462,46551.822,27915.9072,877.283,4430,1,2014-01-14,0.8,N,,PRISM_3D_MAGNITUDE_REPORTED
28-1984,2014-01-17,2014-01-17T18:18:02,7.793587107,46551.8225,27915.9095,877.2808,4431,1,2014-01-15,11,N,,PRISM_3D_MAGNITUDE_REPORTED
28-1984,2014-01-18,2014-01-18T18:43:44,10.95718942,46551.8221,27915.9026,877.2827,4433,2,2014-01-16,15.4,N,,PRISM_3D_MAGNITUDE_REPORTED
28-1984,2014-01-19,2014-01-19T18:49:15,6.464518544,46551.8237,27915.9027,877.2769,4435,2,2014-01-17,2,N,,PRISM_3D_MAGNITUDE_REPORTED
28-1984,2014-01-20,2014-01-20T19:17:45,8.174961776,46551.8227,27915.9117,877.2805,4437,2,2014-01-18,0.2,N,,PRISM_3D_MAGNITUDE_REPORTED
28-1984,2014-01-21,2014-01-21T19:20:27,6.549809158,46551.8253,27915.9084,877.2675,4439,2,2014-01-19,17.6,N,,PRISM_3D_MAGNITUDE_REPORTED
28-1984,2014-01-22,2014-01-22T20:26:55,10.62497059,46551.8225,27915.9072,877.284,4441,2,2014-01-20,0,N,,PRISM_3D_MAGNITUDE_REPORTED
28-1984,2014-01-23,2014-01-23T08:46:09,15.90251552,46551.8213,27915.9026,877.2882,4442,1,2014-01-21,0,N,,PRISM_3D_MAGNITUDE_REPORTED
28-1984,2014-01-24,2014-01-24T21:15:37,7.640680598,46551.8237,27915.9027,877.279,4444,2,2014-01-22,10.4,N,,PRISM_3D_MAGNITUDE_REPORTED
28-1984,2014-01-25,2014-01-25T09:15:02,9.88989383,46551.8219,27915.9026,877.2812,4445,1,2014-01-23,0.2,N,,PRISM_3D_MAGNITUDE_REPORTED
28-1984,2014-01-26,2014-01-26T09:46:17,7.086607088,46551.8218,27915.9083,877.2797,4446,1,2014-01-24,0,N,,PRISM_3D_MAGNITUDE_REPORTED
28-1984,2014-01-28,2014-01-28T21:03:03,5.255473336,46551.8225,27915.9049,877.2764,4447,1,2014-01-26,35,N,,PRISM_3D_MAGNITUDE_REPORTED
28-1984,2014-01-29,2014-01-29T14:11:04,15.93580873,46551.8201,27915.9015,877.2873,4448,1,2014-01-27,24.8,N,,PRISM_3D_MAGNITUDE_REPORTED
28-1984,2014-01-30,2014-01-30T15:39:28,9.759610647,46551.8219,27915.8992,877.275,4450,2,2014-01-28,0.8,N,,PRISM_3D_MAGNITUDE_REPORTED
28-1984,2014-01-31,2014-01-31T15:30:05,15.54541733,46551.8206,27915.8981,877.2847,4452,2,2014-01-29,0,N,,PRISM_3D_MAGNITUDE_REPORTED
28-1984,2014-02-01,2014-02-01T17:58:59,12.73930924,46551.8197,27915.9048,877.2846,4454,2,2014-01-30,0,N,,PRISM_3D_MAGNITUDE_REPORTED
28-1984,2014-02-02,2014-02-02T15:58:34,12.45712647,46551.8211,27915.9026,877.2841,4456,2,2014-01-31,0,N,,PRISM_3D_MAGNITUDE_REPORTED
28-1984,2014-02-03,2014-02-03T02:08:49,17.49628532,46551.8192,27915.9048,877.2898,4457,1,2014-02-01,0,N,,PRISM_3D_MAGNITUDE_REPORTED
28-1984,2014-02-04,2014-02-04T15:06:35,15.68215546,46551.8199,27915.9026,877.2874,4459,2,2014-02-02,0,N,,PRISM_3D_MAGNITUDE_REPORTED
28-1984,2014-02-05,2014-02-05T15:29:13,7.658981656,46551.8212,27915.9049,877.2791,4461,2,2014-02-03,19.2,N,,PRISM_3D_MAGNITUDE_REPORTED
28-1984,2014-02-06,2014-02-06T16:05:43,11.22185368,46551.822,27915.8992,877.2797,4463,2,2014-02-04,8.6,N,,PRISM_3D_MAGNITUDE_REPORTED
28-1984,2014-02-07,2014-02-07T21:01:46,15.3528499,46551.8199,27915.9015,877.2865,4465,2,2014-02-05,0,N,,PRISM_3D_MAGNITUDE_REPORTED
28-1984,2014-02-08,2014-02-08T14:58:05,8.07774721,46551.8225,27915.9106,877.2808,4466,1,2014-02-06,0.4,N,,PRISM_3D_MAGNITUDE_REPORTED
28-1984,2014-02-09,2014-02-09T14:32:20,10.77311468,46551.8205,27915.9015,877.2806,4468,2,2014-02-07,1.6,N,,PRISM_3D_MAGNITUDE_REPORTED
28-1984,2014-02-10,2014-02-10T12:06:51,9.742176349,46551.8209,27915.9049,877.2817,4470,2,2014-02-08,3.4,N,,PRISM_3D_MAGNITUDE_REPORTED
28-1984,2014-02-11,2014-02-11T18:39:13,23.28712091,46551.8172,27915.9002,877.2941,4472,2,2014-02-09,0.8,N,,PRISM_3D_MAGNITUDE_REPORTED
28-1984,2014-02-12,2014-02-12T19:13:17,13.2143861,46551.8217,27915.8958,877.2767,4474,2,2014-02-10,29,N,,PRISM_3D_MAGNITUDE_REPORTED
28-1984,2014-02-13,2014-02-13T22:35:47,17.38735172,46551.8194,27915.898,877.2866,4476,2,2014-02-11,8.4,N,,PRISM_3D_MAGNITUDE_REPORTED
28-1984,2014-02-14,2014-02-14T11:54:45,18.39510805,46551.8194,27915.8969,877.2871,4477,1,2014-02-12,20.6,N,,PRISM_3D_MAGNITUDE_REPORTED
28-1984,2014-02-15,2014-02-15T15:21:05,10.36773842,46551.8208,27915.9003,877.2786,4479,2,2014-02-13,0.2,N,,PRISM_3D_MAGNITUDE_REPORTED
28-1984,2014-02-16,2014-02-16T05:15:15,9.00277735,46551.82,27915.9048,877.2799,4480,1,2014-02-14,0,N,,PRISM_3D_MAGNITUDE_REPORTED
28-1984,2014-02-17,2014-02-17T14:01:46,19.71344719,46551.8211,27915.889,877.2759,4482,2,2014-02-15,0,N,,PRISM_3D_MAGNITUDE_REPORTED
28-1984,2014-02-18,2014-02-18T07:34:11,24.13047865,46551.817,27915.8912,877.2888,4483,1,2014-02-16,115,N,,PRISM_3D_MAGNITUDE_REPORTED
28-1984,2014-02-19,2014-02-19T16:07:26,33.35655858,46551.8185,27915.8776,877.2855,4485,2,2014-02-17,6,N,,PRISM_3D_MAGNITUDE_REPORTED
30-1993,2013-11-20,2013-11-20T15:49:21,0,46516.869,27511.957,912.889,6076,1,2013-11-18,0,N,,PRISM_3D_MAGNITUDE_REPORTED
30-1993,2013-11-21,2013-11-21T01:08:47,12.08304598,46516.881,27511.956,912.89,6077,1,2013-11-19,4.2,N,,PRISM_3D_MAGNITUDE_REPORTED
30-1993,2013-11-28,2013-11-28T22:32:23,7.874007878,46516.874,27511.963,912.888,6079,2,2013-11-26,0,N,,PRISM_3D_MAGNITUDE_REPORTED
30-1993,2013-11-30,2013-11-30T23:54:14,15.23581307,46516.8826,27511.9636,912.8871,6081,2,2013-11-28,0,N,,PRISM_3D_MAGNITUDE_REPORTED
30-1993,2013-12-01,2013-12-01T18:26:01,9.622369772,46516.8759,27511.9637,912.8887,6083,2,2013-11-29,0,N,,PRISM_3D_MAGNITUDE_REPORTED
30-1993,2013-12-02,2013-12-02T15:34:00,22.70550594,46516.8883,27511.9658,912.8809,6085,2,2013-11-30,0,N,,PRISM_3D_MAGNITUDE_REPORTED
30-1993,2013-12-03,2013-12-03T19:21:36,16.41523683,46516.8833,27511.9649,912.8906,6088,3,2013-12-01,0,N,,PRISM_3D_MAGNITUDE_REPORTED
30-1993,2013-12-04,2013-12-04T21:13:18,17.41751992,46516.8839,27511.966,912.8884,6091,3,2013-12-02,0,N,,PRISM_3D_MAGNITUDE_REPORTED
30-1993,2013-12-05,2013-12-05T20:58:47,12.91704301,46516.8778,27511.966,912.8861,6093,2,2013-12-03,20,N,,PRISM_3D_MAGNITUDE_REPORTED
30-1993,2013-12-06,2013-12-06T17:19:22,14.02676014,46516.8789,27511.9663,912.8855,6095,2,2013-12-04,0.2,N,,PRISM_3D_MAGNITUDE_REPORTED
30-1993,2013-12-07,2013-12-07T20:46:04,23.3602226,46516.8895,27511.9667,912.8834,6099,4,2013-12-05,0.6,N,,PRISM_3D_MAGNITUDE_REPORTED
30-1993,2013-12-08,2013-12-08T12:48:31,18.21565261,46516.8821,27511.9678,912.8824,6101,2,2013-12-06,8.2,N,,PRISM_3D_MAGNITUDE_REPORTED
30-1993,2013-12-09,2013-12-09T19:03:49,17.31848723,46516.8833,27511.966,912.8928,6102,1,2013-12-07,0,N,,PRISM_3D_MAGNITUDE_REPORTED
30-1993,2013-12-10,2013-12-10T18:43:56,16.43684885,46516.8815,27511.9674,912.8866,6104,2,2013-12-08,0,N,,PRISM_3D_MAGNITUDE_REPORTED
30-1993,2013-12-11,2013-12-11T18:20:49,21.79564177,46516.8863,27511.968,912.8816,6106,2,2013-12-09,0,N,,PRISM_3D_MAGNITUDE_REPORTED
30-1993,2013-12-13,2013-12-13T19:01:07,14.92045576,46516.8796,27511.9675,912.8889,6107,1,2013-12-11,0,N,,PRISM_3D_MAGNITUDE_REPORTED
30-1993,2013-12-14,2013-12-14T17:52:30,33.80088756,46516.8993,27511.9685,912.8794,6109,2,2013-12-12,0,N,,PRISM_3D_MAGNITUDE_REPORTED
30-1993,2013-12-15,2013-12-15T15:34:35,13.15484702,46516.8783,27511.9654,912.885,6110,1,2013-12-13,0,N,,PRISM_3D_MAGNITUDE_REPORTED
30-1993,2013-12-16,2013-12-16T18:45:56,22.05153056,46516.8863,27511.9683,912.8813,6112,2,2013-12-14,0,N,,PRISM_3D_MAGNITUDE_REPORTED
30-1993,2013-12-17,2013-12-17T18:24:32,26.54618617,46516.8867,27511.9699,912.874,6114,2,2013-12-15,0,N,,PRISM_3D_MAGNITUDE_REPORTED
30-1993,2013-12-18,2013-12-18T19:09:03,21.86435455,46516.8874,27511.9688,912.8885,6115,1,2013-12-16,1.6,N,,PRISM_3D_MAGNITUDE_REPORTED
30-1993,2013-12-19,2013-12-19T22:38:50,27.98177979,46516.8946,27511.9681,912.8869,6118,3,2013-12-17,0,N,,PRISM_3D_MAGNITUDE_REPORTED
30-1993,2013-12-20,2013-12-20T23:31:15,20.23388248,46516.8844,27511.9694,912.8847,6122,4,2013-12-18,0,N,,PRISM_3D_MAGNITUDE_REPORTED
30-1993,2013-12-21,2013-12-21T20:58:37,26.41155051,46516.8919,27511.969,912.8836,6126,4,2013-12-19,0,N,,PRISM_3D_MAGNITUDE_REPORTED
30-1993,2013-12-22,2013-12-22T19:08:42,18.83693181,46516.8815,27511.9707,912.8857,6130,4,2013-12-20,0,N,,PRISM_3D_MAGNITUDE_REPORTED
30-1993,2013-12-23,2013-12-23T22:48:27,21.97544084,46516.8874,27511.969,912.8884,6135,5,2013-12-21,0,N,,PRISM_3D_MAGNITUDE_REPORTED
30-1993,2013-12-24,2013-12-24T23:25:38,22.30381134,46516.8851,27511.9706,912.8817,6139,4,2013-12-22,0,N,,PRISM_3D_MAGNITUDE_REPORTED
30-1993,2013-12-25,2013-12-25T23:58:30,20.31280385,46516.8828,27511.9706,912.8829,6143,4,2013-12-23,0,N,,PRISM_3D_MAGNITUDE_REPORTED
30-1993,2013-12-26,2013-12-26T18:29:19,19.22004162,46516.8831,27511.9698,912.8864,6146,3,2013-12-24,0.2,N,,PRISM_3D_MAGNITUDE_REPORTED
30-1993,2013-12-27,2013-12-27T20:56:18,19.74360656,46516.8842,27511.9696,912.8889,6150,4,2013-12-25,0,N,,PRISM_3D_MAGNITUDE_REPORTED
30-1993,2013-12-28,2013-12-28T21:48:52,17.89441254,46516.8814,27511.9699,912.8892,6154,4,2013-12-26,0,N,,PRISM_3D_MAGNITUDE_REPORTED
30-1993,2013-12-29,2013-12-29T22:42:02,26.19790068,46516.8914,27511.9701,912.8854,6158,4,2013-12-27,0,N,,PRISM_3D_MAGNITUDE_REPORTED
30-1993,2013-12-30,2013-12-30T17:57:13,22.80241215,46516.8783,27511.9725,912.8751,6161,3,2013-12-28,0,N,,PRISM_3D_MAGNITUDE_REPORTED
30-1993,2013-12-31,2013-12-31T19:16:44,17.55106835,46516.8782,27511.9716,912.8858,6165,4,2013-12-29,,,,PRISM_3D_MAGNITUDE_REPORTED
30-1993,2014-01-01,2014-01-01T20:45:40,26.25471386,46516.8909,27511.9711,912.8857,6169,4,2013-12-30,12,N,,PRISM_3D_MAGNITUDE_REPORTED
30-1993,2014-01-02,2014-01-02T23:48:51,24.46385088,46516.8892,27511.9708,912.889,6172,3,2013-12-31,3.6,N,,PRISM_3D_MAGNITUDE_REPORTED
30-1993,2014-01-03,2014-01-03T18:16:19,22.78596059,46516.8862,27511.9714,912.885,6175,3,2014-01-01,0,N,,PRISM_3D_MAGNITUDE_REPORTED
30-1993,2014-01-04,2014-01-04T22:29:30,28.56448844,46516.8932,27511.972,912.8867,6179,4,2014-01-02,0,N,,PRISM_3D_MAGNITUDE_REPORTED
30-1993,2014-01-05,2014-01-05T20:52:09,25.18610728,46516.8883,27511.9726,912.8847,6183,4,2014-01-03,0,N,,PRISM_3D_MAGNITUDE_REPORTED
30-1993,2014-01-06,2014-01-06T21:59:05,69.29711394,46516.9032,27511.9599,912.9492,6187,4,2014-01-04,0,N,,PRISM_3D_MAGNITUDE_REPORTED
30-1993,2014-01-07,2014-01-07T19:22:17,18.62068742,46516.878,27511.9733,912.8888,6190,3,2014-01-05,0,N,,PRISM_3D_MAGNITUDE_REPORTED
30-1993,2014-01-08,2014-01-08T20:34:04,26.57009597,46516.89,27511.9731,912.8866,6194,4,2014-01-06,0,N,,PRISM_3D_MAGNITUDE_REPORTED
30-1993,2014-01-09,2014-01-09T21:59:56,25.25787006,46516.8888,27511.9726,912.8906,6198,4,2014-01-07,0,N,,PRISM_3D_MAGNITUDE_REPORTED
30-1993,2014-01-10,2014-01-10T10:59:05,26.10766171,46516.8894,27511.9726,912.8937,6200,2,2014-01-08,0,N,,PRISM_3D_MAGNITUDE_REPORTED
30-1993,2014-01-11,2014-01-11T19:42:41,46.66315463,46516.9122,27511.9734,912.8825,6203,3,2014-01-09,0.6,N,,PRISM_3D_MAGNITUDE_REPORTED
30-1993,2014-01-12,2014-01-12T22:00:10,27.56827888,46516.8893,27511.9756,912.8876,6207,4,2014-01-10,1.6,N,,PRISM_3D_MAGNITUDE_REPORTED
30-1993,2014-01-13,2014-01-13T22:12:43,31.99046733,46516.8949,27511.9757,912.8873,6209,2,2014-01-11,29.2,N,,PRISM_3D_MAGNITUDE_REPORTED
30-1993,2014-01-15,2014-01-15T18:03:32,28.89186737,46516.8879,27511.9782,912.8837,6211,2,2014-01-13,0.2,N,,PRISM_3D_MAGNITUDE_REPORTED
30-1993,2014-01-16,2014-01-16T18:17:55,28.66932159,46516.8868,27511.9792,912.8855,6214,3,2014-01-14,0.8,N,,PRISM_3D_MAGNITUDE_REPORTED
30-1993,2014-01-17,2014-01-17T18:06:20,32.68302312,46516.8919,27511.9799,912.8846,6217,3,2014-01-15,11,N,,PRISM_3D_MAGNITUDE_REPORTED
30-1993,2014-01-18,2014-01-18T17:36:33,26.58006772,46516.8835,27511.9791,912.8918,6220,3,2014-01-16,15.4,N,,PRISM_3D_MAGNITUDE_REPORTED
30-1993,2014-01-19,2014-01-19T17:41:46,30.44355433,46516.8886,27511.9802,912.8911,6223,3,2014-01-17,2,N,,PRISM_3D_MAGNITUDE_REPORTED
30-1993,2014-01-20,2014-01-20T21:58:29,28.84649026,46516.8812,27511.9828,912.8848,6227,4,2014-01-18,0.2,N,,PRISM_3D_MAGNITUDE_REPORTED
30-1993,2014-01-22,2014-01-22T20:05:39,30.41726484,46516.8867,27511.9816,912.8916,6229,2,2014-01-20,0,N,,PRISM_3D_MAGNITUDE_REPORTED
30-1993,2014-01-23,2014-01-23T20:26:17,32.28776858,46516.8889,27511.9815,912.8958,6231,2,2014-01-21,0,N,,PRISM_3D_MAGNITUDE_REPORTED
30-1993,2014-01-24,2014-01-24T17:01:46,40.85939305,46516.9004,27511.9827,912.8938,6234,3,2014-01-22,10.4,N,,PRISM_3D_MAGNITUDE_REPORTED
30-1993,2014-01-25,2014-01-25T19:56:53,37.62446013,46516.8916,27511.987,912.8868,6236,2,2014-01-23,0.2,N,,PRISM_3D_MAGNITUDE_REPORTED
30-1993,2014-01-26,2014-01-26T17:46:00,30.84461055,46516.8787,27511.9859,912.8843,6238,2,2014-01-24,0,N,,PRISM_3D_MAGNITUDE_REPORTED
30-1993,2014-01-27,2014-01-27T00:10:49,36.48917648,46516.8869,27511.9878,912.8811,6239,1,2014-01-25,0,N,,PRISM_3D_MAGNITUDE_REPORTED
30-1993,2014-01-28,2014-01-28T23:21:16,46.85424207,46516.902,27511.9896,912.8824,6241,2,2014-01-26,35,N,,PRISM_3D_MAGNITUDE_REPORTED
30-1993,2014-01-29,2014-01-29T23:52:02,49.43521012,46516.9062,27511.9894,912.8858,6243,2,2014-01-27,24.8,N,,PRISM_3D_MAGNITUDE_REPORTED
30-1993,2014-01-30,2014-01-30T19:40:50,54.22942006,46516.9097,27511.9915,912.8793,6245,2,2014-01-28,0.8,N,,PRISM_3D_MAGNITUDE_REPORTED
30-1993,2014-01-31,2014-01-31T21:23:31,45.09933481,46516.8915,27511.9941,912.8767,6249,4,2014-01-29,0,N,,PRISM_3D_MAGNITUDE_REPORTED
30-1993,2014-02-01,2014-02-01T19:15:53,51.17831572,46516.9066,27511.9915,912.8851,6251,2,2014-01-30,0,N,,PRISM_3D_MAGNITUDE_REPORTED
30-1993,2014-02-02,2014-02-02T16:34:00,48.85672932,46516.8998,27511.9935,912.8787,6254,3,2014-01-31,0,N,,PRISM_3D_MAGNITUDE_REPORTED
30-1993,2014-02-04,2014-02-04T15:19:09,49.73268543,46516.9003,27511.9931,912.8752,6255,1,2014-02-02,0,N,,PRISM_3D_MAGNITUDE_REPORTED
30-1993,2014-02-06,2014-02-06T21:14:45,47.02658823,46516.9,27511.9919,912.8947,6257,2,2014-02-04,8.6,N,,PRISM_3D_MAGNITUDE_REPORTED
30-1993,2014-02-07,2014-02-07T21:02:00,48.81321542,46516.8999,27511.9944,912.8836,6260,3,2014-02-05,0,N,,PRISM_3D_MAGNITUDE_REPORTED
30-1993,2014-02-08,2014-02-08T19:13:23,49.85107823,46516.9005,27511.9952,912.8832,6263,3,2014-02-06,0.4,N,,PRISM_3D_MAGNITUDE_REPORTED
30-1993,2014-02-09,2014-02-09T11:59:12,56.69620799,46516.89,27511.9995,912.8579,6265,2,2014-02-07,1.6,N,,PRISM_3D_MAGNITUDE_REPORTED
30-1993,2014-02-10,2014-02-10T18:25:34,47.05932426,46516.8966,27511.9951,912.8901,6268,3,2014-02-08,3.4,N,,PRISM_3D_MAGNITUDE_REPORTED
30-1993,2014-02-11,2014-02-11T16:35:02,51.01578187,46516.8972,27511.9994,912.8859,6270,2,2014-02-09,0.8,N,,PRISM_3D_MAGNITUDE_REPORTED
30-1993,2014-02-12,2014-02-12T19:00:42,59.26643232,46516.9065,27512.0019,912.8795,6273,3,2014-02-10,29,N,,PRISM_3D_MAGNITUDE_REPORTED
30-1993,2014-02-13,2014-02-13T20:24:56,61.36782545,46516.907,27512.0046,912.8815,6276,3,2014-02-11,8.4,N,,PRISM_3D_MAGNITUDE_REPORTED
30-1993,2014-02-14,2014-02-14T19:53:18,57.70441924,46516.902,27512.0042,912.8854,6279,3,2014-02-12,20.6,N,,PRISM_3D_MAGNITUDE_REPORTED
30-1993,2014-02-15,2014-02-15T20:23:19,59.84755634,46516.9029,27512.0056,912.8806,6282,3,2014-02-13,0.2,N,,PRISM_3D_MAGNITUDE_REPORTED
30-1993,2014-02-16,2014-02-16T14:44:30,82.57735767,46516.9125,27512.0259,912.8756,6284,2,2014-02-14,0,N,,PRISM_3D_MAGNITUDE_REPORTED
30-1993,2014-02-17,2014-02-17T14:06:21,90.72557523,46516.9201,27512.0316,912.8816,6286,2,2014-02-15,0,N,,PRISM_3D_MAGNITUDE_REPORTED
30-1993,2014-02-18,2014-02-18T21:19:30,126.1292987,46516.928,27512.0436,912.8188,6288,2,2014-02-16,115,N,,PRISM_3D_MAGNITUDE_REPORTED
30-1993,2014-02-19,2014-02-19T23:41:22,95.04362157,46516.9223,27512.0344,912.8748,6291,3,2014-02-17,6,N,,PRISM_3D_MAGNITUDE_REPORTED
30-1993,2014-02-20,2014-02-20T05:52:00,95.84247493,46516.9253,27512.0335,912.8762,6292,1,2014-02-18,0,N,,PRISM_3D_MAGNITUDE_REPORTED
30-1994,2013-11-20,2013-11-20T15:49:21,0,46478.859,27531.299,912.412,6293,1,2013-11-18,0,N,,PRISM_3D_MAGNITUDE_REPORTED
30-1994,2013-11-28,2013-11-28T22:32:23,66.82065549,46478.871,27531.363,912.397,6295,2,2013-11-26,0,N,,PRISM_3D_MAGNITUDE_REPORTED
30-1994,2013-11-30,2013-11-30T11:11:26,95.23654761,46478.88,27531.389,912.389,6296,1,2013-11-28,0,N,,PRISM_3D_MAGNITUDE_REPORTED
30-1994,2013-12-01,2013-12-01T18:26:01,99.97219613,46478.8786,27531.3948,912.3912,6299,3,2013-11-29,0,N,,PRISM_3D_MAGNITUDE_REPORTED
30-1994,2013-12-02,2013-12-02T15:41:55,105.8883846,46478.8811,27531.4003,912.3905,6301,2,2013-11-30,0,N,,PRISM_3D_MAGNITUDE_REPORTED
30-1994,2013-12-03,2013-12-03T19:37:24,123.1641588,46478.8867,27531.4156,912.3836,6303,2,2013-12-01,0,N,,PRISM_3D_MAGNITUDE_REPORTED
30-1994,2013-12-04,2013-12-04T21:30:50,144.8562391,46478.8859,27531.4376,912.3796,6305,2,2013-12-02,0,N,,PRISM_3D_MAGNITUDE_REPORTED
30-1994,2013-12-05,2013-12-05T21:23:11,162.2038532,46478.8888,27531.4537,912.3734,6307,2,2013-12-03,20,N,,PRISM_3D_MAGNITUDE_REPORTED
30-1994,2013-12-06,2013-12-06T17:27:51,176.4518348,46478.891,27531.4664,912.3663,6309,2,2013-12-04,0.2,N,,PRISM_3D_MAGNITUDE_REPORTED
30-1994,2013-12-07,2013-12-07T20:50:55,332.3103369,46478.8956,27531.6208,912.3376,6313,4,2013-12-05,0.6,N,,PRISM_3D_MAGNITUDE_REPORTED
30-1994,2013-12-08,2013-12-08T05:18:17,495.5139756,46478.903,27531.7789,912.2967,6314,1,2013-12-06,8.2,N,,PRISM_3D_MAGNITUDE_REPORTED
30-1994,2013-12-09,2013-12-09T19:08:42,1397.723238,46478.9675,27532.646,912.055,6315,1,2013-12-07,0,N,,PRISM_3D_MAGNITUDE_REPORTED
30-1994,2013-12-10,2013-12-10T18:59:13,1875.709943,46479.0699,27533.0893,911.8937,6317,2,2013-12-08,0,N,,PRISM_3D_MAGNITUDE_REPORTED
30-1994,2013-12-11,2013-12-11T18:33:03,2266.881086,46479.2426,27533.4297,911.7399,6319,2,2013-12-09,0,N,,PRISM_3D_MAGNITUDE_REPORTED
30-1994,2013-12-13,2013-12-13T19:06:49,2829.758818,46479.6542,27533.8553,911.4952,6320,1,2013-12-11,0,N,,PRISM_3D_MAGNITUDE_REPORTED
30-1994,2013-12-14,2013-12-14T18:08:30,2982.089631,46479.7678,27533.9623,911.4252,6322,2,2013-12-12,0,N,,PRISM_3D_MAGNITUDE_REPORTED
30-1994,2013-12-15,2013-12-15T15:45:09,3109.006869,46479.8689,27534.0481,911.3687,6323,1,2013-12-13,0,N,,PRISM_3D_MAGNITUDE_REPORTED
30-1994,2013-12-16,2013-12-16T18:51:38,3209.133506,46479.9433,27534.1166,911.3239,6325,2,2013-12-14,0,N,,PRISM_3D_MAGNITUDE_REPORTED
30-1994,2013-12-17,2013-12-17T18:35:24,3243.655339,46479.9676,27534.14,911.307,6327,2,2013-12-15,0,N,,PRISM_3D_MAGNITUDE_REPORTED
30-1995,2013-11-20,2013-11-20T15:49:21,0,46450.863,27544.828,912.551,6328,1,2013-11-18,0,N,,PRISM_3D_MAGNITUDE_REPORTED
30-1995,2013-11-21,2013-11-21T01:30:29,4.582575696,46450.867,27544.829,912.549,6329,1,2013-11-19,4.2,N,,PRISM_3D_MAGNITUDE_REPORTED
30-1995,2013-11-28,2013-11-28T22:32:23,55.58776844,46450.888,27544.875,912.535,6331,2,2013-11-26,0,N,,PRISM_3D_MAGNITUDE_REPORTED
30-1996,2013-11-20,2013-11-20T17:17:17,9.695359715,46432.624,27568.183,912.74,5019,2,2013-11-18,0,N,,PRISM_3D_MAGNITUDE_REPORTED
30-1996,2013-11-21,2013-11-21T20:04:44,4.123105626,46432.623,27568.188,912.749,5022,3,2013-11-19,4.2,N,,PRISM_3D_MAGNITUDE_REPORTED
30-1996,2013-11-22,2013-11-22T16:08:04,5.744562647,46432.625,27568.189,912.742,5025,3,2013-11-20,0.2,N,,PRISM_3D_MAGNITUDE_REPORTED
30-1996,2013-11-23,2013-11-23T16:43:55,4.690415763,46432.624,27568.188,912.749,5028,3,2013-11-21,0,N,,PRISM_3D_MAGNITUDE_REPORTED
30-1996,2013-11-24,2013-11-24T08:31:11,5.830951895,46432.624,27568.186,912.749,5030,2,2013-11-22,0,N,,PRISM_3D_MAGNITUDE_REPORTED
30-1996,2013-11-25,2013-11-25T18:48:13,9.8488578,46432.63,27568.19,912.742,5031,1,2013-11-23,0,N,,PRISM_3D_MAGNITUDE_REPORTED
30-1996,2013-11-26,2013-11-26T21:30:04,19.64688271,46432.637,27568.179,912.743,5033,2,2013-11-24,1.8,N,,PRISM_3D_MAGNITUDE_REPORTED
30-1996,2013-11-27,2013-11-27T20:31:26,17.94435844,46432.636,27568.181,912.742,5036,3,2013-11-25,0,N,,PRISM_3D_MAGNITUDE_REPORTED
30-1996,2013-11-28,2013-11-28T20:58:56,18.11077028,46432.637,27568.184,912.74,5038,2,2013-11-26,0,N,,PRISM_3D_MAGNITUDE_REPORTED
30-1996,2013-11-29,2013-11-29T17:33:58,26.62705391,46432.643,27568.181,912.734,5039,1,2013-11-27,0,N,,PRISM_3D_MAGNITUDE_REPORTED
30-1996,2013-11-30,2013-11-30T22:12:14,30.20678732,46432.6458,27568.1871,912.729,5041,2,2013-11-28,0,N,,PRISM_3D_MAGNITUDE_REPORTED
30-1996,2013-12-01,2013-12-01T21:07:17,32.22809334,46432.6485,27568.1796,912.7328,5044,3,2013-11-29,0,N,,PRISM_3D_MAGNITUDE_REPORTED
30-1996,2013-12-02,2013-12-02T20:24:32,27.34702909,46432.6466,27568.1859,912.7373,5046,2,2013-11-30,0,N,,PRISM_3D_MAGNITUDE_REPORTED
30-1996,2013-12-03,2013-12-03T15:34:39,38.32205631,46432.6535,27568.1812,912.7277,5047,1,2013-12-01,0,N,,PRISM_3D_MAGNITUDE_REPORTED
30-1996,2013-12-06,2013-12-06T23:01:21,42.3613031,46432.6584,27568.1856,912.7266,5051,4,2013-12-04,0.2,N,,PRISM_3D_MAGNITUDE_REPORTED
30-1996,2013-12-07,2013-12-07T20:20:23,46.97201295,46432.6626,27568.1841,912.725,5054,3,2013-12-05,0.6,N,,PRISM_3D_MAGNITUDE_REPORTED
30-1996,2013-12-08,2013-12-08T00:23:36,42.88682782,46432.6604,27568.1834,912.7304,5055,1,2013-12-06,8.2,N,,PRISM_3D_MAGNITUDE_REPORTED
30-1996,2013-12-10,2013-12-10T23:09:31,56.48442263,46432.67,27568.1782,912.7205,5058,3,2013-12-08,0,N,,PRISM_3D_MAGNITUDE_REPORTED
30-1996,2013-12-12,2013-12-12T22:17:37,55.82696481,46432.6703,27568.181,912.7214,5059,1,2013-12-10,0,N,,PRISM_3D_MAGNITUDE_REPORTED
30-1996,2013-12-13,2013-12-13T18:38:43,50.58230916,46432.669,27568.1779,912.7356,5061,2,2013-12-11,0,N,,PRISM_3D_MAGNITUDE_REPORTED
30-1996,2013-12-14,2013-12-14T18:59:56,51.38890931,46432.6694,27568.1849,912.7295,5063,2,2013-12-12,0,N,,PRISM_3D_MAGNITUDE_REPORTED
30-1996,2013-12-15,2013-12-15T16:20:25,56.7687414,46432.6722,27568.1761,912.7258,5064,1,2013-12-13,0,N,,PRISM_3D_MAGNITUDE_REPORTED
30-1996,2013-12-16,2013-12-16T18:56:42,50.6388191,46432.6702,27568.1921,912.7342,5066,2,2013-12-14,0,N,,PRISM_3D_MAGNITUDE_REPORTED
30-1996,2013-12-17,2013-12-17T16:32:41,63.66828096,46432.675,27568.1853,912.7126,5068,2,2013-12-15,0,N,,PRISM_3D_MAGNITUDE_REPORTED
30-1996,2013-12-18,2013-12-18T22:37:31,61.55257915,46432.675,27568.1826,912.7174,5071,3,2013-12-16,1.6,N,,PRISM_3D_MAGNITUDE_REPORTED
30-1996,2013-12-19,2013-12-19T20:02:41,55.99580341,46432.674,27568.1822,912.7297,5072,1,2013-12-17,0,N,,PRISM_3D_MAGNITUDE_REPORTED
30-1996,2013-12-20,2013-12-20T18:57:15,57.58202845,46432.6734,27568.1848,912.7227,5073,1,2013-12-18,0,N,,PRISM_3D_MAGNITUDE_REPORTED
30-1996,2013-12-21,2013-12-21T18:17:52,52.00701876,46432.6706,27568.1839,912.7316,5075,2,2013-12-19,0,N,,PRISM_3D_MAGNITUDE_REPORTED
30-1996,2013-12-22,2013-12-22T19:09:08,53.41666407,46432.6727,27568.1846,912.7337,5079,4,2013-12-20,0,N,,PRISM_3D_MAGNITUDE_REPORTED
30-1996,2013-12-23,2013-12-23T14:49:22,59.74663171,46432.6747,27568.1686,912.7309,5082,3,2013-12-21,0,N,,PRISM_3D_MAGNITUDE_REPORTED
30-1996,2013-12-24,2013-12-24T19:08:52,56.37109188,46432.6745,27568.1852,912.7289,5085,3,2013-12-22,0,N,,PRISM_3D_MAGNITUDE_REPORTED
30-1996,2013-12-25,2013-12-25T13:12:10,58.80824772,46432.6736,27568.1849,912.7202,5087,2,2013-12-23,0,N,,PRISM_3D_MAGNITUDE_REPORTED
30-1996,2013-12-26,2013-12-26T19:05:55,55.47251572,46432.674,27568.1822,912.7316,5088,1,2013-12-24,0.2,N,,PRISM_3D_MAGNITUDE_REPORTED
30-1996,2013-12-27,2013-12-27T15:31:21,69.11447027,46432.6794,27568.1812,912.7101,5089,1,2013-12-25,0,N,,PRISM_3D_MAGNITUDE_REPORTED
30-1996,2013-12-28,2013-12-28T13:50:31,50.5540305,46432.6693,27568.1891,912.7311,5092,3,2013-12-26,0,N,,PRISM_3D_MAGNITUDE_REPORTED
30-1996,2013-12-29,2013-12-29T15:45:52,61.104337,46432.6756,27568.1633,912.7397,5095,3,2013-12-27,0,N,,PRISM_3D_MAGNITUDE_REPORTED
30-1996,2013-12-30,2013-12-30T20:42:44,59.47058096,46432.6761,27568.1815,912.7253,5099,4,2013-12-28,0,N,,PRISM_3D_MAGNITUDE_REPORTED
30-1996,2013-12-31,2013-12-31T21:19:22,56.80008803,46432.6758,27568.18,912.7349,5103,4,2013-12-29,,,,PRISM_3D_MAGNITUDE_REPORTED
30-1996,2014-01-01,2014-01-01T21:48:36,54.96307852,46432.6747,27568.1825,912.737,5106,3,2013-12-30,12,N,,PRISM_3D_MAGNITUDE_REPORTED
30-1996,2014-01-02,2014-01-02T15:46:05,69.80974144,46432.6788,27568.1866,912.707,5107,1,2013-12-31,3.6,N,,PRISM_3D_MAGNITUDE_REPORTED
30-1996,2014-01-03,2014-01-03T19:27:39,61.8868322,46432.6787,27568.1838,912.7245,5110,3,2014-01-01,0,N,,PRISM_3D_MAGNITUDE_REPORTED
30-1996,2014-01-04,2014-01-04T19:49:57,64.84728214,46432.6825,27568.1766,912.7304,5114,4,2014-01-02,0,N,,PRISM_3D_MAGNITUDE_REPORTED
30-1996,2014-01-06,2014-01-06T17:52:14,58.27675351,46432.6775,27568.1848,912.7327,5116,2,2014-01-04,0,N,,PRISM_3D_MAGNITUDE_REPORTED
30-1996,2014-01-07,2014-01-07T22:56:10,64.54936096,46432.6819,27568.1765,912.7294,5120,4,2014-01-05,0,N,,PRISM_3D_MAGNITUDE_REPORTED
30-1996,2014-01-08,2014-01-08T22:53:44,64.90261936,46432.6811,27568.1803,912.7235,5124,4,2014-01-06,0,N,,PRISM_3D_MAGNITUDE_REPORTED
30-1996,2014-01-09,2014-01-09T22:29:08,68.72219438,46432.6839,27568.1743,912.7232,5128,4,2014-01-07,0,N,,PRISM_3D_MAGNITUDE_REPORTED
30-1996,2014-01-10,2014-01-10T22:10:20,60.63736472,46432.6797,27568.1896,912.7308,5132,4,2014-01-08,0,N,,PRISM_3D_MAGNITUDE_REPORTED
30-1996,2014-01-11,2014-01-11T14:29:14,67.65027716,46432.6856,27568.1776,912.7302,5135,3,2014-01-09,0.6,N,,PRISM_3D_MAGNITUDE_REPORTED
30-1996,2014-01-12,2014-01-12T19:05:59,68.66214386,46432.6873,27568.1782,912.7326,5137,2,2014-01-10,1.6,N,,PRISM_3D_MAGNITUDE_REPORTED
30-1996,2014-01-13,2014-01-13T18:22:21,70.24201022,46432.6869,27568.1892,912.7217,5141,4,2014-01-11,29.2,N,,PRISM_3D_MAGNITUDE_REPORTED
30-1996,2014-01-14,2014-01-14T17:24:00,68.22477556,46432.6851,27568.1941,912.723,5145,4,2014-01-12,20,N,,PRISM_3D_MAGNITUDE_REPORTED
30-1996,2014-01-15,2014-01-15T23:25:30,68.34017852,46432.6873,27568.1865,912.7298,5148,3,2014-01-13,0.2,N,,PRISM_3D_MAGNITUDE_REPORTED
30-1996,2014-01-16,2014-01-16T03:24:20,70.50368785,46432.6894,27568.1789,912.733,5149,1,2014-01-14,0.8,N,,PRISM_3D_MAGNITUDE_REPORTED
30-1996,2014-01-17,2014-01-17T18:38:10,75.31566902,46432.6925,27568.1882,912.7224,5151,2,2014-01-15,11,N,,PRISM_3D_MAGNITUDE_REPORTED
30-1996,2014-01-18,2014-01-18T18:43:44,73.23079953,46432.6915,27568.1879,912.7263,5155,4,2014-01-16,15.4,N,,PRISM_3D_MAGNITUDE_REPORTED
30-1996,2014-01-19,2014-01-19T18:49:15,81.37739244,46432.6974,27568.1786,912.7204,5159,4,2014-01-17,2,N,,PRISM_3D_MAGNITUDE_REPORTED
30-1996,2014-01-20,2014-01-20T19:17:45,72.04179343,46432.6918,27568.1907,912.7327,5163,4,2014-01-18,0.2,N,,PRISM_3D_MAGNITUDE_REPORTED
30-1996,2014-01-21,2014-01-21T19:40:32,79.98981185,46432.6964,27568.1839,912.72,5166,3,2014-01-19,17.6,N,,PRISM_3D_MAGNITUDE_REPORTED
30-1996,2014-01-22,2014-01-22T20:47:04,80.29483171,46432.6983,27568.1831,912.7254,5170,4,2014-01-20,0,N,,PRISM_3D_MAGNITUDE_REPORTED
30-1996,2014-01-23,2014-01-23T08:46:09,79.55708642,46432.6968,27568.1812,912.7235,5172,2,2014-01-21,0,N,,PRISM_3D_MAGNITUDE_REPORTED
30-1996,2014-01-24,2014-01-24T21:15:37,79.57669257,46432.6973,27568.187,912.7236,5175,3,2014-01-22,10.4,N,,PRISM_3D_MAGNITUDE_REPORTED
30-1996,2014-01-25,2014-01-25T09:36:07,78.38073743,46432.6969,27568.1868,912.7267,5177,2,2014-01-23,0.2,N,,PRISM_3D_MAGNITUDE_REPORTED
30-1996,2014-01-26,2014-01-26T10:06:34,79.64879158,46432.6983,27568.19,912.7268,5179,2,2014-01-24,0,N,,PRISM_3D_MAGNITUDE_REPORTED
30-1996,2014-01-28,2014-01-28T21:03:03,87.56055048,46432.7038,27568.1974,912.7185,5181,2,2014-01-26,35,N,,PRISM_3D_MAGNITUDE_REPORTED
30-1996,2014-01-29,2014-01-29T23:11:07,88.4377182,46432.7047,27568.1977,912.7185,5185,4,2014-01-27,24.8,N,,PRISM_3D_MAGNITUDE_REPORTED
30-1996,2014-01-30,2014-01-30T23:54:18,86.77937543,46432.703,27568.1971,912.7185,5189,4,2014-01-28,0.8,N,,PRISM_3D_MAGNITUDE_REPORTED
30-1996,2014-01-31,2014-01-31T23:37:36,88.29071299,46432.705,27568.1922,912.7189,5193,4,2014-01-29,0,N,,PRISM_3D_MAGNITUDE_REPORTED
30-1996,2014-02-01,2014-02-01T17:58:59,88.73742165,46432.7056,27568.1869,912.7194,5196,3,2014-01-30,0,N,,PRISM_3D_MAGNITUDE_REPORTED
30-1996,2014-02-02,2014-02-02T15:58:34,90.12718791,46432.7089,27568.1893,912.7261,5199,3,2014-01-31,0,N,,PRISM_3D_MAGNITUDE_REPORTED
30-1996,2014-02-03,2014-02-03T22:52:31,96.20951097,46432.7119,27568.1889,912.7145,5202,3,2014-02-01,0,N,,PRISM_3D_MAGNITUDE_REPORTED
30-1996,2014-02-04,2014-02-04T23:28:13,94.90210746,46432.7126,27568.1891,912.7212,5206,4,2014-02-02,0,N,,PRISM_3D_MAGNITUDE_REPORTED
30-1996,2014-02-05,2014-02-05T23:58:35,94.43420991,46432.7104,27568.1995,912.7171,5210,4,2014-02-03,19.2,N,,PRISM_3D_MAGNITUDE_REPORTED
30-1996,2014-02-06,2014-02-06T16:05:43,94.02606022,46432.7114,27568.1943,912.7205,5213,3,2014-02-04,8.6,N,,PRISM_3D_MAGNITUDE_REPORTED
30-1996,2014-02-07,2014-02-07T21:01:46,92.04748774,46432.7103,27568.1981,912.7252,5218,5,2014-02-05,0,N,,PRISM_3D_MAGNITUDE_REPORTED
30-1996,2014-02-08,2014-02-08T22:58:12,95.23450005,46432.7128,27568.1961,912.7214,5222,4,2014-02-06,0.4,N,,PRISM_3D_MAGNITUDE_REPORTED
30-1996,2014-02-09,2014-02-09T22:41:42,94.66387907,46432.7103,27568.205,912.7184,5226,4,2014-02-07,1.6,N,,PRISM_3D_MAGNITUDE_REPORTED
30-1996,2014-02-10,2014-02-10T20:14:12,95.30949585,46432.7147,27568.1939,912.729,5228,2,2014-02-08,3.4,N,,PRISM_3D_MAGNITUDE_REPORTED
30-1996,2014-02-11,2014-02-11T19:00:40,99.66062412,46432.7192,27568.1926,912.7292,5231,3,2014-02-09,0.8,N,,PRISM_3D_MAGNITUDE_REPORTED
30-1996,2014-02-12,2014-02-12T19:13:17,109.4537802,46432.7252,27568.1945,912.7128,5235,4,2014-02-10,29,N,,PRISM_3D_MAGNITUDE_REPORTED
30-1996,2014-02-13,2014-02-13T22:35:47,106.1105084,46432.7236,27568.1968,912.7198,5239,4,2014-02-11,8.4,N,,PRISM_3D_MAGNITUDE_REPORTED
30-1996,2014-02-14,2014-02-14T21:19:01,103.7440119,46432.7221,27568.2019,912.726,5242,3,2014-02-12,20.6,N,,PRISM_3D_MAGNITUDE_REPORTED
30-1996,2014-02-15,2014-02-15T15:21:05,107.50986,46432.7226,27568.2034,912.7135,5245,3,2014-02-13,0.2,N,,PRISM_3D_MAGNITUDE_REPORTED
30-1996,2014-02-16,2014-02-16T05:30:13,124.7304694,46432.7408,27568.1954,912.7117,5246,1,2014-02-14,0,N,,PRISM_3D_MAGNITUDE_REPORTED
30-1996,2014-02-17,2014-02-17T14:12:52,152.4121714,46432.7649,27568.1865,912.6959,5248,2,2014-02-15,0,N,,PRISM_3D_MAGNITUDE_REPORTED
30-1996,2014-02-18,2014-02-18T18:50:47,148.0698484,46432.763,27568.1998,912.7052,5251,3,2014-02-16,115,N,,PRISM_3D_MAGNITUDE_REPORTED
30-1996,2014-02-19,2014-02-19T16:15:04,144.8732204,46432.7584,27568.2107,912.705,5254,3,2014-02-17,6,N,,PRISM_3D_MAGNITUDE_REPORTED
31-1914,2013-11-20,2013-11-20T20:31:19,0,46122.569,27860.491,1122.587,772,1,2013-11-18,0,N,,PRISM_3D_MAGNITUDE_REPORTED
31-1914,2013-11-22,2013-11-22T18:57:48,6.082762528,46122.569,27860.497,1122.586,773,1,2013-11-20,0.2,N,,PRISM_3D_MAGNITUDE_REPORTED
31-1914,2013-11-24,2013-11-24T11:43:33,6,46122.569,27860.491,1122.593,774,1,2013-11-22,0,N,,PRISM_3D_MAGNITUDE_REPORTED
31-1914,2013-11-26,2013-11-26T14:05:25,12.24744872,46122.564,27860.489,1122.598,775,1,2013-11-24,1.8,N,,PRISM_3D_MAGNITUDE_REPORTED
31-1914,2013-11-29,2013-11-29T00:41:39,7.141428432,46122.564,27860.49,1122.582,776,1,2013-11-27,0,N,,PRISM_3D_MAGNITUDE_REPORTED
31-1914,2013-12-13,2013-12-13T21:51:44,12.73813173,46122.5657,27860.4951,1122.5754,777,1,2013-12-11,0,N,,PRISM_3D_MAGNITUDE_REPORTED
31-1914,2013-12-14,2013-12-14T13:41:02,14.94054885,46122.5633,27860.4807,1122.5962,778,1,2013-12-12,0,N,,PRISM_3D_MAGNITUDE_REPORTED
31-1914,2013-12-16,2013-12-16T13:14:52,9.451454915,46122.5627,27860.487,1122.5928,779,1,2013-12-14,0,N,,PRISM_3D_MAGNITUDE_REPORTED
31-1914,2013-12-19,2013-12-19T22:48:50,9.494208763,46122.5643,27860.4919,1122.5788,781,2,2013-12-17,0,N,,PRISM_3D_MAGNITUDE_REPORTED
31-1914,2013-12-22,2013-12-22T03:56:32,11.35121139,46122.565,27860.4951,1122.5772,782,1,2013-12-20,0,N,,PRISM_3D_MAGNITUDE_REPORTED
31-1914,2013-12-23,2013-12-23T17:19:16,12.47397291,46122.5652,27860.484,1122.5774,784,2,2013-12-21,0,N,,PRISM_3D_MAGNITUDE_REPORTED
31-1914,2013-12-24,2013-12-24T08:45:15,7.733692523,46122.5669,27860.4872,1122.5806,785,1,2013-12-22,0,N,,PRISM_3D_MAGNITUDE_REPORTED
31-1914,2013-12-25,2013-12-25T07:59:20,14.7397422,46122.5653,27860.4776,1122.5821,786,1,2013-12-23,0,N,,PRISM_3D_MAGNITUDE_REPORTED
31-1914,2013-12-28,2013-12-28T16:38:28,20.17870164,46122.5653,27860.4967,1122.568,787,1,2013-12-26,0,N,,PRISM_3D_MAGNITUDE_REPORTED
31-1914,2013-12-30,2013-12-30T15:10:15,11.47998258,46122.5643,27860.4807,1122.5851,789,2,2013-12-28,0,N,,PRISM_3D_MAGNITUDE_REPORTED
31-1914,2013-12-31,2013-12-31T15:42:07,6.416385276,46122.5636,27860.4934,1122.5895,791,2,2013-12-29,,,,PRISM_3D_MAGNITUDE_REPORTED
31-1914,2014-01-01,2014-01-01T17:18:37,10.47711793,46122.5634,27860.487,1122.5791,792,1,2013-12-30,12,N,,PRISM_3D_MAGNITUDE_REPORTED
31-1914,2014-01-03,2014-01-03T21:49:55,5.301886457,46122.5641,27860.4903,1122.5851,794,2,2014-01-01,0,N,,PRISM_3D_MAGNITUDE_REPORTED
31-1914,2014-01-04,2014-01-04T14:20:40,8.821564489,46122.5644,27860.4839,1122.5845,795,1,2014-01-02,0,N,,PRISM_3D_MAGNITUDE_REPORTED
31-1914,2014-01-06,2014-01-06T20:15:59,8.656211645,46122.5646,27860.4919,1122.5796,796,1,2014-01-04,0,N,,PRISM_3D_MAGNITUDE_REPORTED
31-1914,2014-01-07,2014-01-07T17:40:10,11.60387866,46122.5644,27860.4967,1122.578,798,2,2014-01-05,0,N,,PRISM_3D_MAGNITUDE_REPORTED
31-1914,2014-01-08,2014-01-08T17:28:45,8.604649907,46122.5668,27860.4872,1122.5796,800,2,2014-01-06,0,N,,PRISM_3D_MAGNITUDE_REPORTED
31-1914,2014-01-09,2014-01-09T17:00:23,15.12911101,46122.5657,27860.4888,1122.5724,802,2,2014-01-07,0,N,,PRISM_3D_MAGNITUDE_REPORTED
31-1914,2014-01-10,2014-01-10T04:35:57,6.533758492,46122.5661,27860.4968,1122.5862,803,1,2014-01-08,0,N,,PRISM_3D_MAGNITUDE_REPORTED
31-1914,2014-01-11,2014-01-11T16:56:23,25.26875541,46122.5673,27860.4809,1122.5639,805,2,2014-01-09,0.6,N,,PRISM_3D_MAGNITUDE_REPORTED
31-1914,2014-01-12,2014-01-12T21:44:59,17.21627138,46122.5658,27860.484,1122.5716,806,1,2014-01-10,1.6,N,,PRISM_3D_MAGNITUDE_REPORTED
31-1914,2014-01-13,2014-01-13T21:08:56,16.00624878,46122.5638,27860.495,1122.5724,808,2,2014-01-11,29.2,N,,PRISM_3D_MAGNITUDE_REPORTED
31-1914,2014-01-14,2014-01-14T19:27:57,8.268010646,46122.5654,27860.4872,1122.5806,809,1,2014-01-12,20,N,,PRISM_3D_MAGNITUDE_REPORTED
31-1914,2014-01-16,2014-01-16T05:52:49,5.414794551,46122.5654,27860.4904,1122.583,810,1,2014-01-14,0.8,N,,PRISM_3D_MAGNITUDE_REPORTED
31-1914,2014-01-17,2014-01-17T21:01:06,7.647875525,46122.566,27860.484,1122.5863,811,1,2014-01-15,11,N,,PRISM_3D_MAGNITUDE_REPORTED
31-1914,2014-01-18,2014-01-18T21:09:10,6.678323146,46122.566,27860.4872,1122.5824,813,2,2014-01-16,15.4,N,,PRISM_3D_MAGNITUDE_REPORTED
31-1914,2014-01-19,2014-01-19T21:38:51,26.68969839,46122.565,27860.5063,1122.5655,815,2,2014-01-17,2,N,,PRISM_3D_MAGNITUDE_REPORTED
31-1914,2014-01-20,2014-01-20T22:03:10,5.979966556,46122.5662,27860.4936,1122.5824,817,2,2014-01-18,0.2,N,,PRISM_3D_MAGNITUDE_REPORTED
31-1914,2014-01-21,2014-01-21T22:06:04,13.71787156,46122.567,27860.4777,1122.5897,819,2,2014-01-19,17.6,N,,PRISM_3D_MAGNITUDE_REPORTED
31-1914,2014-01-22,2014-01-22T23:12:35,14.81350735,46122.566,27860.4872,1122.573,821,2,2014-01-20,0,N,,PRISM_3D_MAGNITUDE_REPORTED
31-1914,2014-01-23,2014-01-23T11:36:04,12.80312462,46122.5658,27860.4888,1122.5748,822,1,2014-01-21,0,N,,PRISM_3D_MAGNITUDE_REPORTED
31-1914,2014-01-24,2014-01-24T02:55:49,12.48038461,46122.5664,27860.4872,1122.5754,823,1,2014-01-22,10.4,N,,PRISM_3D_MAGNITUDE_REPORTED
31-1914,2014-01-25,2014-01-25T00:00:50,15.06054448,46122.5667,27860.4793,1122.5778,824,1,2014-01-23,0.2,N,,PRISM_3D_MAGNITUDE_REPORTED
31-1914,2014-01-26,2014-01-26T12:56:44,15.00866417,46122.5672,27860.4761,1122.5869,825,1,2014-01-24,0,N,,PRISM_3D_MAGNITUDE_REPORTED
31-1914,2014-01-29,2014-01-29T17:44:53,9.635351578,46122.5662,27860.4872,1122.5786,827,2,2014-01-27,24.8,N,,PRISM_3D_MAGNITUDE_REPORTED
31-1914,2014-01-30,2014-01-30T18:24:20,26.19980916,46122.5671,27860.4809,1122.5629,829,2,2014-01-28,0.8,N,,PRISM_3D_MAGNITUDE_REPORTED
31-1914,2014-01-31,2014-01-31T18:17:26,14.84216965,46122.5685,27860.4762,1122.588,831,2,2014-01-29,0,N,,PRISM_3D_MAGNITUDE_REPORTED
31-1914,2014-02-01,2014-02-01T20:46:21,13.1415372,46122.5685,27860.4873,1122.5744,832,1,2014-01-30,0,N,,PRISM_3D_MAGNITUDE_REPORTED
31-1914,2014-02-02,2014-02-02T18:44:09,29.76675999,46122.5671,27860.4904,1122.5573,833,1,2014-01-31,0,N,,PRISM_3D_MAGNITUDE_REPORTED
31-1914,2014-02-03,2014-02-03T17:22:42,12.17086686,46122.5674,27860.4809,1122.5804,835,2,2014-02-01,0,N,,PRISM_3D_MAGNITUDE_REPORTED
31-1914,2014-02-04,2014-02-04T18:02:21,13.86506401,46122.5662,27860.4888,1122.5736,837,2,2014-02-02,0,N,,PRISM_3D_MAGNITUDE_REPORTED
31-1914,2014-02-05,2014-02-05T18:27:53,11.08196734,46122.5674,27860.4857,1122.5774,839,2,2014-02-03,19.2,N,,PRISM_3D_MAGNITUDE_REPORTED
31-1914,2014-02-06,2014-02-06T19:07:32,10.8729021,46122.5683,27860.4873,1122.5768,840,1,2014-02-04,8.6,N,,PRISM_3D_MAGNITUDE_REPORTED
31-1914,2014-02-07,2014-02-07T11:48:29,16.70748335,46122.5673,27860.4745,1122.585,841,1,2014-02-05,0,N,,PRISM_3D_MAGNITUDE_REPORTED
31-1914,2014-02-08,2014-02-08T17:44:26,8.686195947,46122.5665,27860.4872,1122.5796,842,1,2014-02-06,0.4,N,,PRISM_3D_MAGNITUDE_REPORTED
31-1914,2014-02-09,2014-02-09T17:16:10,6.503845018,46122.5671,27860.4873,1122.582,844,2,2014-02-07,1.6,N,,PRISM_3D_MAGNITUDE_REPORTED
31-1914,2014-02-11,2014-02-11T21:40:33,23.36343297,46122.5682,27860.481,1122.5659,846,2,2014-02-09,0.8,N,,PRISM_3D_MAGNITUDE_REPORTED
31-1914,2014-02-12,2014-02-12T22:29:56,7.993122046,46122.5689,27860.4842,1122.5828,847,1,2014-02-10,29,N,,PRISM_3D_MAGNITUDE_REPORTED
31-1914,2014-02-13,2014-02-13T12:16:56,9.988493381,46122.5678,27860.4873,1122.5778,848,1,2014-02-11,8.4,N,,PRISM_3D_MAGNITUDE_REPORTED
31-1914,2014-02-14,2014-02-14T15:05:27,22.93708787,46122.5701,27860.4747,1122.5709,850,2,2014-02-12,20.6,N,,PRISM_3D_MAGNITUDE_REPORTED
31-1914,2014-02-15,2014-02-15T18:13:32,28.4483743,46122.5697,27860.4731,1122.5649,852,2,2014-02-13,0.2,N,,PRISM_3D_MAGNITUDE_REPORTED
31-1914,2014-02-17,2014-02-17T19:11:18,32.22250766,46122.5718,27860.4652,1122.5679,853,1,2014-02-15,0,N,,PRISM_3D_MAGNITUDE_REPORTED
31-1914,2014-02-18,2014-02-18T11:56:03,34.48680907,46122.5719,27860.4652,1122.5643,854,1,2014-02-16,115,N,,PRISM_3D_MAGNITUDE_REPORTED
31-1914,2014-02-19,2014-02-19T04:54:27,49.70331981,46122.5734,27860.4685,1122.5429,855,1,2014-02-17,6,N,,PRISM_3D_MAGNITUDE_REPORTED
31-1915,2013-11-20,2013-11-20T20:31:19,0,46114.47,27834.159,1120.541,856,1,2013-11-18,0,N,,PRISM_3D_MAGNITUDE_REPORTED
31-1915,2013-11-22,2013-11-22T18:57:48,4.242640688,46114.47,27834.156,1120.538,857,1,2013-11-20,0.2,N,,PRISM_3D_MAGNITUDE_REPORTED
31-1915,2013-11-26,2013-11-26T14:05:25,7.810249677,46114.47,27834.153,1120.546,858,1,2013-11-24,1.8,N,,PRISM_3D_MAGNITUDE_REPORTED
31-1915,2013-11-27,2013-11-27T14:45:10,28.03569154,46114.469,27834.143,1120.564,859,1,2013-11-25,0,N,,PRISM_3D_MAGNITUDE_REPORTED
31-1915,2013-11-29,2013-11-29T00:41:39,17.11724277,46114.471,27834.143,1120.535,860,1,2013-11-27,0,N,,PRISM_3D_MAGNITUDE_REPORTED
31-1915,2013-12-01,2013-12-01T15:57:41,17.17352614,46114.4693,27834.143,1120.5348,862,2,2013-11-29,0,N,,PRISM_3D_MAGNITUDE_REPORTED
31-1915,2013-12-07,2013-12-07T14:10:45,22.00840748,46114.4682,27834.1622,1120.5627,864,2,2013-12-05,0.6,N,,PRISM_3D_MAGNITUDE_REPORTED
31-1915,2013-12-13,2013-12-13T21:51:44,4.810405389,46114.47,27834.1623,1120.5375,865,1,2013-12-11,0,N,,PRISM_3D_MAGNITUDE_REPORTED
31-1915,2013-12-14,2013-12-14T13:41:02,30.14946102,46114.4683,27834.1397,1120.5641,866,1,2013-12-12,0,N,,PRISM_3D_MAGNITUDE_REPORTED
31-1915,2013-12-16,2013-12-16T13:14:52,26.66477077,46114.4674,27834.1638,1120.5671,867,1,2013-12-14,0,N,,PRISM_3D_MAGNITUDE_REPORTED
31-1915,2013-12-19,2013-12-19T22:48:50,13.22837858,46114.4699,27834.1463,1120.5447,869,2,2013-12-17,0,N,,PRISM_3D_MAGNITUDE_REPORTED
31-1915,2013-12-22,2013-12-22T03:56:32,18.78749584,46114.471,27834.1464,1120.5549,870,1,2013-12-20,0,N,,PRISM_3D_MAGNITUDE_REPORTED
31-1915,2013-12-23,2013-12-23T17:19:16,14.67037832,46114.4708,27834.1463,1120.5337,872,2,2013-12-21,0,N,,PRISM_3D_MAGNITUDE_REPORTED
31-1915,2013-12-24,2013-12-24T08:45:15,17.45651741,46114.4714,27834.1416,1120.5409,873,1,2013-12-22,0,N,,PRISM_3D_MAGNITUDE_REPORTED
31-1915,2013-12-25,2013-12-25T07:59:20,14.48136734,46114.4709,27834.1447,1120.5389,874,1,2013-12-23,0,N,,PRISM_3D_MAGNITUDE_REPORTED
31-1915,2013-12-28,2013-12-28T16:38:28,18.34284602,46114.4707,27834.1656,1120.5239,876,2,2013-12-26,0,N,,PRISM_3D_MAGNITUDE_REPORTED
31-1915,2013-12-29,2013-12-29T10:13:38,9.622369768,46114.4721,27834.1497,1120.5397,877,1,2013-12-27,0,N,,PRISM_3D_MAGNITUDE_REPORTED
31-1915,2013-12-30,2013-12-30T15:10:15,13.07325514,46114.4701,27834.1463,1120.5379,879,2,2013-12-28,0,N,,PRISM_3D_MAGNITUDE_REPORTED
31-1915,2013-12-31,2013-12-31T15:42:07,14.17991537,46114.4697,27834.1527,1120.5537,881,2,2013-12-29,,,,PRISM_3D_MAGNITUDE_REPORTED
31-1915,2014-01-01,2014-01-01T17:18:37,19.2213423,46114.4699,27834.1398,1120.5419,882,1,2013-12-30,12,N,,PRISM_3D_MAGNITUDE_REPORTED
31-1915,2014-01-03,2014-01-03T21:49:55,12.62616331,46114.4711,27834.148,1120.5471,883,1,2014-01-01,0,N,,PRISM_3D_MAGNITUDE_REPORTED
31-1915,2014-01-04,2014-01-04T14:20:40,19.07380403,46114.4716,27834.14,1120.5405,884,1,2014-01-02,0,N,,PRISM_3D_MAGNITUDE_REPORTED
31-1915,2014-01-06,2014-01-06T20:36:32,11.12384826,46114.4705,27834.156,1120.5303,885,1,2014-01-04,0,N,,PRISM_3D_MAGNITUDE_REPORTED
31-1915,2014-01-07,2014-01-07T17:40:10,7.80320447,46114.4706,27834.1528,1120.5363,887,2,2014-01-05,0,N,,PRISM_3D_MAGNITUDE_REPORTED
31-1915,2014-01-08,2014-01-08T17:28:45,14.57772273,46114.4729,27834.1449,1120.5433,889,2,2014-01-06,0,N,,PRISM_3D_MAGNITUDE_REPORTED
31-1915,2014-01-09,2014-01-09T17:21:03,18.55747828,46114.4707,27834.156,1120.5227,891,2,2014-01-07,0,N,,PRISM_3D_MAGNITUDE_REPORTED
31-1915,2014-01-10,2014-01-10T04:35:57,8.228608629,46114.4729,27834.1513,1120.5409,892,1,2014-01-08,0,N,,PRISM_3D_MAGNITUDE_REPORTED
31-1915,2014-01-11,2014-01-11T17:18:33,20.72438178,46114.4717,27834.14,1120.5329,894,2,2014-01-09,0.6,N,,PRISM_3D_MAGNITUDE_REPORTED
31-1915,2014-01-12,2014-01-12T21:44:59,20.00474944,46114.4727,27834.1433,1120.5289,895,1,2014-01-10,1.6,N,,PRISM_3D_MAGNITUDE_REPORTED
31-1915,2014-01-13,2014-01-13T21:08:56,17.24586907,46114.469,27834.1751,1120.5349,896,1,2014-01-11,29.2,N,,PRISM_3D_MAGNITUDE_REPORTED
31-1915,2014-01-16,2014-01-16T05:52:49,45.89433516,46114.475,27834.1242,1120.5115,897,1,2014-01-14,0.8,N,,PRISM_3D_MAGNITUDE_REPORTED
31-1915,2014-01-17,2014-01-17T21:01:06,8.184130985,46114.4724,27834.1529,1120.5459,898,1,2014-01-15,11,N,,PRISM_3D_MAGNITUDE_REPORTED
31-1915,2014-01-18,2014-01-18T21:09:10,26.49735836,46114.4735,27834.1465,1120.5179,899,1,2014-01-16,15.4,N,,PRISM_3D_MAGNITUDE_REPORTED
31-1915,2014-01-19,2014-01-19T21:38:51,28.44819854,46114.4737,27834.1434,1120.5175,901,2,2014-01-17,2,N,,PRISM_3D_MAGNITUDE_REPORTED
31-1915,2014-01-20,2014-01-20T22:03:10,4.057092555,46114.4726,27834.1593,1120.5441,902,1,2014-01-18,0.2,N,,PRISM_3D_MAGNITUDE_REPORTED
31-1915,2014-01-21,2014-01-21T22:06:04,36.73717463,46114.4757,27834.1242,1120.5307,903,1,2014-01-19,17.6,N,,PRISM_3D_MAGNITUDE_REPORTED
31-1915,2014-01-22,2014-01-22T23:12:35,19.19244643,46114.4731,27834.1497,1120.5245,904,1,2014-01-20,0,N,,PRISM_3D_MAGNITUDE_REPORTED
31-1915,2014-01-23,2014-01-23T11:36:04,10.32908515,46114.4738,27834.153,1120.5335,905,1,2014-01-21,0,N,,PRISM_3D_MAGNITUDE_REPORTED
31-1915,2014-01-24,2014-01-24T02:55:49,23.99604134,46114.4742,27834.1354,1120.5421,906,1,2014-01-22,10.4,N,,PRISM_3D_MAGNITUDE_REPORTED
31-1915,2014-01-25,2014-01-25T00:00:50,22.88361859,46114.473,27834.1561,1120.5185,907,1,2014-01-23,0.2,N,,PRISM_3D_MAGNITUDE_REPORTED
31-1915,2014-01-29,2014-01-29T00:12:20,29.65484783,46114.4739,27834.1402,1120.5636,908,1,2014-01-27,24.8,N,,PRISM_3D_MAGNITUDE_REPORTED
31-1915,2014-01-30,2014-01-30T18:24:20,20.91745682,46114.4739,27834.1402,1120.5327,909,1,2014-01-28,0.8,N,,PRISM_3D_MAGNITUDE_REPORTED
31-1915,2014-01-31,2014-01-31T18:17:26,25.61308259,46114.4759,27834.1371,1120.5291,910,1,2014-01-29,0,N,,PRISM_3D_MAGNITUDE_REPORTED
31-1915,2014-02-01,2014-02-01T20:46:21,17.16362433,46114.4747,27834.1595,1120.5245,911,1,2014-01-30,0,N,,PRISM_3D_MAGNITUDE_REPORTED
31-1915,2014-02-03,2014-02-03T17:22:42,46.79027677,46114.4787,27834.118,1120.5202,912,1,2014-02-01,0,N,,PRISM_3D_MAGNITUDE_REPORTED
31-1915,2014-02-04,2014-02-04T18:02:21,20.06040877,46114.4743,27834.1498,1120.5237,913,1,2014-02-02,0,N,,PRISM_3D_MAGNITUDE_REPORTED
31-1915,2014-02-05,2014-02-05T18:27:53,23.79117483,46114.476,27834.1371,1120.5339,914,1,2014-02-03,19.2,N,,PRISM_3D_MAGNITUDE_REPORTED
31-1915,2014-02-06,2014-02-06T19:07:32,15.15024752,46114.4765,27834.1468,1120.5348,915,1,2014-02-04,8.6,N,,PRISM_3D_MAGNITUDE_REPORTED
31-1915,2014-02-08,2014-02-08T17:44:26,14.82464165,46114.4773,27834.1468,1120.5368,916,1,2014-02-06,0.4,N,,PRISM_3D_MAGNITUDE_REPORTED
31-1915,2014-02-15,2014-02-15T18:13:32,39.48632675,46114.4823,27834.1312,1120.5158,917,1,2014-02-13,0.2,N,,PRISM_3D_MAGNITUDE_REPORTED
31-1930,2013-11-20,2013-11-20T20:31:19,0,46423.166,27541.667,924.751,918,1,2013-11-18,0,N,,PRISM_3D_MAGNITUDE_REPORTED
31-1930,2013-11-21,2013-11-21T12:36:07,6.782329981,46423.165,27541.67,924.757,919,1,2013-11-19,4.2,N,,PRISM_3D_MAGNITUDE_REPORTED
31-1930,2013-11-22,2013-11-22T18:57:48,8.124038403,46423.167,27541.674,924.747,921,2,2013-11-20,0.2,N,,PRISM_3D_MAGNITUDE_REPORTED
31-1930,2013-11-23,2013-11-23T19:59:18,5.099019516,46423.169,27541.666,924.755,922,1,2013-11-21,0,N,,PRISM_3D_MAGNITUDE_REPORTED
31-1930,2013-11-24,2013-11-24T11:43:33,13.03840481,46423.165,27541.679,924.756,923,1,2013-11-22,0,N,,PRISM_3D_MAGNITUDE_REPORTED
31-1930,2013-11-25,2013-11-25T21:56:11,16.15549442,46423.178,27541.676,924.745,924,1,2013-11-23,0,N,,PRISM_3D_MAGNITUDE_REPORTED
31-1930,2013-11-26,2013-11-26T14:31:26,20.0249844,46423.178,27541.683,924.75,925,1,2013-11-24,1.8,N,,PRISM_3D_MAGNITUDE_REPORTED
31-1930,2013-11-27,2013-11-27T14:45:10,23.55843798,46423.179,27541.686,924.756,926,1,2013-11-25,0,N,,PRISM_3D_MAGNITUDE_REPORTED
31-1930,2013-11-29,2013-11-29T21:50:45,49.48737213,46423.194,27541.706,924.739,928,2,2013-11-27,0,N,,PRISM_3D_MAGNITUDE_REPORTED
31-1930,2013-12-01,2013-12-01T16:16:13,49.86401508,46423.2044,27541.6965,924.7629,930,2,2013-11-29,0,N,,PRISM_3D_MAGNITUDE_REPORTED
31-1930,2013-12-03,2013-12-03T18:17:33,68.87822588,46423.2146,27541.7141,924.7382,931,1,2013-12-01,0,N,,PRISM_3D_MAGNITUDE_REPORTED
31-1930,2013-12-07,2013-12-07T14:31:59,97.36416179,46423.2355,27541.7297,924.7242,933,2,2013-12-05,0.6,N,,PRISM_3D_MAGNITUDE_REPORTED
31-1930,2013-12-08,2013-12-08T03:08:37,117.6164104,46423.2405,27541.7541,924.7246,934,1,2013-12-06,8.2,N,,PRISM_3D_MAGNITUDE_REPORTED
31-1931,2013-11-20,2013-11-20T17:55:01,0,46455.433,27520.102,924.906,367,1,2013-11-18,0,N,,PRISM_3D_MAGNITUDE_REPORTED
31-1931,2013-11-28,2013-11-28T14:22:39,61.84658439,46455.452,27520.16,924.896,368,1,2013-11-26,0,N,,PRISM_3D_MAGNITUDE_REPORTED
31-1931,2013-11-30,2013-11-30T07:16:49,77.26577509,46455.486,27520.158,924.901,369,1,2013-11-28,0,N,,PRISM_3D_MAGNITUDE_REPORTED
31-1931,2013-12-01,2013-12-01T12:25:13,72.95155927,46455.4757,27520.161,924.9018,370,1,2013-11-29,0,N,,PRISM_3D_MAGNITUDE_REPORTED
31-1931,2013-12-02,2013-12-02T17:37:26,78.80329943,46455.4876,27520.1588,924.9044,372,2,2013-11-30,0,N,,PRISM_3D_MAGNITUDE_REPORTED
31-1931,2013-12-03,2013-12-03T21:49:19,88.23740704,46455.5,27520.1592,924.901,375,3,2013-12-01,0,N,,PRISM_3D_MAGNITUDE_REPORTED
31-1931,2013-12-04,2013-12-04T23:45:06,81.32883868,46455.4885,27520.1613,924.9018,377,2,2013-12-02,0,N,,PRISM_3D_MAGNITUDE_REPORTED
31-1931,2013-12-05,2013-12-05T23:27:12,83.89594746,46455.4919,27520.1614,924.8996,380,3,2013-12-03,20,N,,PRISM_3D_MAGNITUDE_REPORTED
31-1931,2013-12-06,2013-12-06T19:26:20,87.81508982,46455.4962,27520.1626,924.8993,382,2,2013-12-04,0.2,N,,PRISM_3D_MAGNITUDE_REPORTED
31-1931,2013-12-07,2013-12-07T22:56:35,84.64342857,46455.4925,27520.1621,924.9025,385,3,2013-12-05,0.6,N,,PRISM_3D_MAGNITUDE_REPORTED
31-1931,2013-12-08,2013-12-08T15:19:41,75.10386142,46455.4679,27520.1677,924.8957,387,2,2013-12-06,8.2,N,,PRISM_3D_MAGNITUDE_REPORTED
31-1931,2013-12-10,2013-12-10T21:04:52,87.38357969,46455.4929,27520.1648,924.8958,389,2,2013-12-08,0,N,,PRISM_3D_MAGNITUDE_REPORTED
31-1931,2013-12-11,2013-12-11T20:27:05,87.55546813,46455.4914,27520.1658,924.8924,391,2,2013-12-09,0,N,,PRISM_3D_MAGNITUDE_REPORTED
31-1931,2013-12-13,2013-12-13T20:43:47,86.26239042,46455.4928,27520.164,924.9014,392,1,2013-12-11,0,N,,PRISM_3D_MAGNITUDE_REPORTED
31-1931,2013-12-14,2013-12-14T19:36:04,84.3531268,46455.489,27520.1649,924.9012,394,2,2013-12-12,0,N,,PRISM_3D_MAGNITUDE_REPORTED
31-1931,2013-12-16,2013-12-16T20:10:39,89.6373806,46455.4932,27520.1669,924.8919,396,2,2013-12-14,0,N,,PRISM_3D_MAGNITUDE_REPORTED
31-1931,2013-12-17,2013-12-17T13:35:16,80.45595068,46455.4666,27520.1722,924.8856,397,1,2013-12-15,0,N,,PRISM_3D_MAGNITUDE_REPORTED
31-1931,2013-12-18,2013-12-18T20:53:09,86.51479643,46455.4896,27520.167,924.8985,398,1,2013-12-16,1.6,N,,PRISM_3D_MAGNITUDE_REPORTED
31-1931,2013-12-19,2013-12-19T17:46:35,84.31927419,46455.4849,27520.1678,924.8967,400,2,2013-12-17,0,N,,PRISM_3D_MAGNITUDE_REPORTED
31-1931,2013-12-20,2013-12-20T18:41:17,81.5226349,46455.4803,27520.1683,924.9024,404,4,2013-12-18,0,N,,PRISM_3D_MAGNITUDE_REPORTED
31-1931,2013-12-21,2013-12-21T22:22:26,88.56551248,46455.4896,27520.169,924.8937,408,4,2013-12-19,0,N,,PRISM_3D_MAGNITUDE_REPORTED
31-1931,2013-12-22,2013-12-22T20:31:56,89.56924696,46455.4913,27520.1694,924.897,411,3,2013-12-20,0,N,,PRISM_3D_MAGNITUDE_REPORTED
31-1931,2013-12-23,2013-12-23T18:28:44,93.73158486,46455.5007,27520.1666,924.9006,415,4,2013-12-21,0,N,,PRISM_3D_MAGNITUDE_REPORTED
31-1931,2013-12-24,2013-12-24T18:48:25,84.47757099,46455.4843,27520.1689,924.9006,419,4,2013-12-22,0,N,,PRISM_3D_MAGNITUDE_REPORTED
31-1931,2013-12-25,2013-12-25T19:25:55,91.6018013,46455.4948,27520.1689,924.8962,423,4,2013-12-23,0,N,,PRISM_3D_MAGNITUDE_REPORTED
31-1931,2013-12-26,2013-12-26T19:53:05,89.82811364,46455.4876,27520.1712,924.8887,427,4,2013-12-24,0.2,N,,PRISM_3D_MAGNITUDE_REPORTED
31-1931,2013-12-27,2013-12-27T22:40:39,94.37123503,46455.4975,27520.1698,924.8938,431,4,2013-12-25,0,N,,PRISM_3D_MAGNITUDE_REPORTED
31-1931,2013-12-28,2013-12-28T23:11:38,92.87195487,46455.495,27520.1702,924.8946,435,4,2013-12-26,0,N,,PRISM_3D_MAGNITUDE_REPORTED
31-1931,2013-12-29,2013-12-29T18:06:35,88.7498169,46455.4906,27520.1686,924.8949,438,3,2013-12-27,0,N,,PRISM_3D_MAGNITUDE_REPORTED
31-1931,2013-12-30,2013-12-30T19:41:04,87.7498718,46455.485,27520.172,924.8962,442,4,2013-12-28,0,N,,PRISM_3D_MAGNITUDE_REPORTED
31-1931,2013-12-31,2013-12-31T21:00:01,91.76627921,46455.4922,27520.1716,924.8975,446,4,2013-12-29,,,,PRISM_3D_MAGNITUDE_REPORTED
31-1931,2014-01-01,2014-01-01T22:12:20,93.69935966,46455.4955,27520.1716,924.9006,450,4,2013-12-30,12,N,,PRISM_3D_MAGNITUDE_REPORTED
31-1931,2014-01-02,2014-01-02T19:09:02,93.05181353,46455.4924,27520.1732,924.8982,452,2,2013-12-31,3.6,N,,PRISM_3D_MAGNITUDE_REPORTED
31-1931,2014-01-03,2014-01-03T19:39:31,90.14039051,46455.4887,27520.1726,924.8998,455,3,2014-01-01,0,N,,PRISM_3D_MAGNITUDE_REPORTED
31-1931,2014-01-04,2014-01-04T17:52:47,96.14910297,46455.495,27520.1739,924.8908,458,3,2014-01-02,0,N,,PRISM_3D_MAGNITUDE_REPORTED
31-1931,2014-01-05,2014-01-05T22:13:17,90.44340772,46455.4884,27520.1727,924.8954,461,3,2014-01-03,0,N,,PRISM_3D_MAGNITUDE_REPORTED
31-1931,2014-01-06,2014-01-06T23:42:30,97.89754849,46455.4932,27520.177,924.8877,465,4,2014-01-04,0,N,,PRISM_3D_MAGNITUDE_REPORTED
31-1931,2014-01-07,2014-01-07T20:44:41,93.36610734,46455.4927,27520.1737,924.9025,468,3,2014-01-05,0,N,,PRISM_3D_MAGNITUDE_REPORTED
31-1931,2014-01-08,2014-01-08T21:56:31,93.40990312,46455.4904,27520.1753,924.8984,472,4,2014-01-06,0,N,,PRISM_3D_MAGNITUDE_REPORTED
31-1931,2014-01-09,2014-01-09T23:22:01,92.78949294,46455.4888,27520.176,924.9015,476,4,2014-01-07,0,N,,PRISM_3D_MAGNITUDE_REPORTED
31-1931,2014-01-10,2014-01-10T18:47:06,92.92857472,46455.4886,27520.1764,924.903,479,3,2014-01-08,0,N,,PRISM_3D_MAGNITUDE_REPORTED
31-1931,2014-01-11,2014-01-11T21:50:01,95.4653864,46455.4884,27520.1792,924.8968,482,3,2014-01-09,0.6,N,,PRISM_3D_MAGNITUDE_REPORTED
31-1931,2014-01-12,2014-01-12T23:42:39,96.76952,46455.4897,27520.1804,924.9043,484,2,2014-01-10,1.6,N,,PRISM_3D_MAGNITUDE_REPORTED
31-1931,2014-01-13,2014-01-13T23:40:48,97.15086207,46455.4892,27520.1811,924.9012,487,3,2014-01-11,29.2,N,,PRISM_3D_MAGNITUDE_REPORTED
31-1931,2014-01-15,2014-01-15T20:09:17,102.8419175,46455.4939,27520.1846,924.8993,489,2,2014-01-13,0.2,N,,PRISM_3D_MAGNITUDE_REPORTED
31-1931,2014-01-16,2014-01-16T20:16:19,104.1363049,46455.4907,27520.1882,924.8968,492,3,2014-01-14,0.8,N,,PRISM_3D_MAGNITUDE_REPORTED
31-1931,2014-01-17,2014-01-17T19:55:59,104.7221562,46455.487,27520.1912,924.8963,495,3,2014-01-15,11,N,,PRISM_3D_MAGNITUDE_REPORTED
31-1931,2014-01-18,2014-01-18T19:40:26,108.4934099,46455.4921,27520.1919,924.892,498,3,2014-01-16,15.4,N,,PRISM_3D_MAGNITUDE_REPORTED
31-1931,2014-01-19,2014-01-19T19:39:05,108.2900272,46455.4934,27520.1916,924.8989,501,3,2014-01-17,2,N,,PRISM_3D_MAGNITUDE_REPORTED
31-1931,2014-01-20,2014-01-20T23:48:22,106.3053621,46455.4867,27520.1935,924.8993,504,3,2014-01-18,0.2,N,,PRISM_3D_MAGNITUDE_REPORTED
31-1931,2014-01-21,2014-01-21T21:08:36,113.3453131,46455.4928,27520.1954,924.8826,505,1,2014-01-19,17.6,N,,PRISM_3D_MAGNITUDE_REPORTED
31-1931,2014-01-22,2014-01-22T21:46:45,108.2977839,46455.4878,27520.1951,924.8984,506,1,2014-01-20,0,N,,PRISM_3D_MAGNITUDE_REPORTED
31-1931,2014-01-23,2014-01-23T21:59:37,107.9164955,46455.4872,27520.1952,924.9013,508,2,2014-01-21,0,N,,PRISM_3D_MAGNITUDE_REPORTED
31-1931,2014-01-24,2014-01-24T18:37:57,111.4907171,46455.4921,27520.1964,924.9009,511,3,2014-01-22,10.4,N,,PRISM_3D_MAGNITUDE_REPORTED
31-1931,2014-01-25,2014-01-25T21:20:31,110.2753826,46455.4849,27520.1989,924.8972,515,4,2014-01-23,0.2,N,,PRISM_3D_MAGNITUDE_REPORTED
31-1931,2014-01-26,2014-01-26T19:29:12,112.2963045,46455.4891,27520.1987,924.8954,517,2,2014-01-24,0,N,,PRISM_3D_MAGNITUDE_REPORTED
31-1931,2014-01-27,2014-01-27T01:54:48,115.2246935,46455.496,27520.1982,924.8987,518,1,2014-01-25,0,N,,PRISM_3D_MAGNITUDE_REPORTED
31-1931,2014-01-28,2014-01-28T18:37:52,118.8318139,46455.498,27520.2008,924.8944,519,1,2014-01-26,35,N,,PRISM_3D_MAGNITUDE_REPORTED
31-1931,2014-01-29,2014-01-29T18:39:15,119.5380274,46455.4987,27520.2013,924.8954,522,3,2014-01-27,24.8,N,,PRISM_3D_MAGNITUDE_REPORTED
31-1931,2014-01-30,2014-01-30T21:33:20,126.2519703,46455.5104,27520.2012,924.8956,526,4,2014-01-28,0.8,N,,PRISM_3D_MAGNITUDE_REPORTED
31-1931,2014-01-31,2014-01-31T22:46:23,120.7550827,46455.4927,27520.2051,924.8863,530,4,2014-01-29,0,N,,PRISM_3D_MAGNITUDE_REPORTED
31-1931,2014-02-01,2014-02-01T20:52:35,124.061114,46455.5024,27520.2042,924.8946,532,2,2014-01-30,0,N,,PRISM_3D_MAGNITUDE_REPORTED
31-1931,2014-02-02,2014-02-02T11:32:11,120.7901072,46455.495,27520.2051,924.8952,534,2,2014-01-31,0,N,,PRISM_3D_MAGNITUDE_REPORTED
31-1931,2014-02-04,2014-02-04T17:03:10,120.7363243,46455.496,27520.2045,924.8959,535,1,2014-02-02,0,N,,PRISM_3D_MAGNITUDE_REPORTED
31-1931,2014-02-05,2014-02-05T00:10:17,122.9121231,46455.5015,27520.2037,924.8975,536,1,2014-02-03,19.2,N,,PRISM_3D_MAGNITUDE_REPORTED
31-1931,2014-02-06,2014-02-06T23:19:45,121.3274495,46455.4987,27520.2039,924.9015,538,2,2014-02-04,8.6,N,,PRISM_3D_MAGNITUDE_REPORTED
31-1931,2014-02-07,2014-02-07T22:48:12,124.0723176,46455.5027,27520.2043,924.8976,541,3,2014-02-05,0,N,,PRISM_3D_MAGNITUDE_REPORTED
31-1931,2014-02-08,2014-02-08T21:19:38,121.2061467,46455.4974,27520.2046,924.9019,544,3,2014-02-06,0.4,N,,PRISM_3D_MAGNITUDE_REPORTED
31-1931,2014-02-09,2014-02-09T21:42:04,120.737401,46455.4976,27520.204,924.9054,546,2,2014-02-07,1.6,N,,PRISM_3D_MAGNITUDE_REPORTED
31-1931,2014-02-10,2014-02-10T20:33:35,124.4564582,46455.5007,27520.2064,924.9034,549,3,2014-02-08,3.4,N,,PRISM_3D_MAGNITUDE_REPORTED
31-1931,2014-02-11,2014-02-11T18:58:25,130.7128915,46455.5011,27520.2132,924.8969,551,2,2014-02-09,0.8,N,,PRISM_3D_MAGNITUDE_REPORTED
31-1931,2014-02-12,2014-02-12T21:07:53,138.4521578,46455.5112,27520.216,924.8984,554,3,2014-02-10,29,N,,PRISM_3D_MAGNITUDE_REPORTED
31-1931,2014-02-13,2014-02-13T22:21:28,139.9566719,46455.5081,27520.2195,924.8941,557,3,2014-02-11,8.4,N,,PRISM_3D_MAGNITUDE_REPORTED
31-1931,2014-02-14,2014-02-14T21:36:25,139.2453231,46455.5039,27520.2213,924.8946,560,3,2014-02-12,20.6,N,,PRISM_3D_MAGNITUDE_REPORTED
31-1931,2014-02-15,2014-02-15T14:10:09,140.280077,46455.505,27520.2217,924.8931,562,2,2014-02-13,0.2,N,,PRISM_3D_MAGNITUDE_REPORTED
31-1931,2014-02-16,2014-02-16T17:33:47,185.8375097,46455.5237,27520.263,924.8863,563,1,2014-02-14,0,N,,PRISM_3D_MAGNITUDE_REPORTED
31-1931,2014-02-17,2014-02-17T03:55:18,191.7296534,46455.5295,27520.2669,924.89,564,1,2014-02-15,0,N,,PRISM_3D_MAGNITUDE_REPORTED
31-1931,2014-02-18,2014-02-18T23:08:27,197.1258481,46455.5302,27520.272,924.8834,566,2,2014-02-16,115,N,,PRISM_3D_MAGNITUDE_REPORTED
31-1931,2014-02-19,2014-02-19T17:04:59,190.5207863,46455.5046,27520.2764,924.8785,568,2,2014-02-17,6,N,,PRISM_3D_MAGNITUDE_REPORTED
31-1931,2014-02-20,2014-02-20T07:43:31,203.1610445,46455.5406,27520.2724,924.8803,570,2,2014-02-18,0,N,,PRISM_3D_MAGNITUDE_REPORTED
31-1932,2013-11-20,2013-11-20T17:55:01,0,46490.486,27501.304,925.013,571,1,2013-11-18,0,N,,PRISM_3D_MAGNITUDE_REPORTED
31-1932,2013-11-28,2013-11-28T14:22:39,36.61966685,46490.452,27501.312,925.002,572,1,2013-11-26,0,N,,PRISM_3D_MAGNITUDE_REPORTED
31-1932,2013-11-30,2013-11-30T07:16:49,5.385164808,46490.486,27501.309,925.015,573,1,2013-11-28,0,N,,PRISM_3D_MAGNITUDE_REPORTED
31-1932,2013-12-01,2013-12-01T20:33:09,9.456214888,46490.4881,27501.3095,925.0204,575,2,2013-11-29,0,N,,PRISM_3D_MAGNITUDE_REPORTED
31-1932,2013-12-02,2013-12-02T17:37:26,8.90168523,46490.4812,27501.3114,925.0118,577,2,2013-11-30,0,N,,PRISM_3D_MAGNITUDE_REPORTED
31-1932,2013-12-03,2013-12-03T21:49:19,9.369098145,46490.4921,27501.3104,925.0161,579,2,2013-12-01,0,N,,PRISM_3D_MAGNITUDE_REPORTED
31-1932,2013-12-04,2013-12-04T23:45:06,9.381364506,46490.4833,27501.3126,925.0156,581,2,2013-12-02,0,N,,PRISM_3D_MAGNITUDE_REPORTED
31-1932,2013-12-05,2013-12-05T23:27:12,10.61932202,46490.4892,27501.3123,925.0072,584,3,2013-12-03,20,N,,PRISM_3D_MAGNITUDE_REPORTED
31-1932,2013-12-06,2013-12-06T19:26:20,11.63829885,46490.494,27501.3123,925.0146,586,2,2013-12-04,0.2,N,,PRISM_3D_MAGNITUDE_REPORTED
31-1932,2013-12-07,2013-12-07T22:56:35,11.71238661,46490.4931,27501.3121,925.0176,589,3,2013-12-05,0.6,N,,PRISM_3D_MAGNITUDE_REPORTED
31-1932,2013-12-08,2013-12-08T15:19:41,29.3468908,46490.4594,27501.3162,925.0152,591,2,2013-12-06,8.2,N,,PRISM_3D_MAGNITUDE_REPORTED
31-1932,2013-12-10,2013-12-10T21:11:55,13.14229813,46490.4888,27501.3142,925.0052,593,2,2013-12-08,0,N,,PRISM_3D_MAGNITUDE_REPORTED
31-1932,2013-12-11,2013-12-11T20:27:05,14.08048295,46490.4911,27501.314,925.0045,595,2,2013-12-09,0,N,,PRISM_3D_MAGNITUDE_REPORTED
31-1932,2013-12-13,2013-12-13T20:43:47,10.44796631,46490.4876,27501.3136,925.0092,596,1,2013-12-11,0,N,,PRISM_3D_MAGNITUDE_REPORTED
31-1932,2013-12-14,2013-12-14T19:36:04,9.533624704,46490.4867,27501.3128,925.0166,598,2,2013-12-12,0,N,,PRISM_3D_MAGNITUDE_REPORTED
31-1932,2013-12-16,2013-12-16T20:10:39,11.30707743,46490.4886,27501.315,925.0127,600,2,2013-12-14,0,N,,PRISM_3D_MAGNITUDE_REPORTED
31-1932,2013-12-17,2013-12-17T13:35:16,28.22073705,46490.4613,27501.3174,925.0104,601,1,2013-12-15,0,N,,PRISM_3D_MAGNITUDE_REPORTED
31-1932,2013-12-18,2013-12-18T20:53:09,11.28937554,46490.4908,27501.314,925.0151,602,1,2013-12-16,1.6,N,,PRISM_3D_MAGNITUDE_REPORTED
31-1932,2013-12-19,2013-12-19T17:46:35,15.82434833,46490.4789,27501.3164,925.0062,604,2,2013-12-17,0,N,,PRISM_3D_MAGNITUDE_REPORTED
31-1932,2013-12-20,2013-12-20T18:41:17,12.69566855,46490.4805,27501.3153,925.0148,608,4,2013-12-18,0,N,,PRISM_3D_MAGNITUDE_REPORTED
31-1932,2013-12-21,2013-12-21T22:22:26,15.636176,46490.4772,27501.3167,925.0106,612,4,2013-12-19,0,N,,PRISM_3D_MAGNITUDE_REPORTED
31-1932,2013-12-22,2013-12-22T20:31:56,13.51665639,46490.4823,27501.317,925.0131,615,3,2013-12-20,0,N,,PRISM_3D_MAGNITUDE_REPORTED
31-1932,2013-12-23,2013-12-23T18:28:44,13.01729619,46490.492,27501.3153,925.0106,619,4,2013-12-21,0,N,,PRISM_3D_MAGNITUDE_REPORTED
31-1932,2013-12-24,2013-12-24T18:48:25,14.8145199,46490.4781,27501.3165,925.0121,623,4,2013-12-22,0,N,,PRISM_3D_MAGNITUDE_REPORTED
31-1932,2013-12-25,2013-12-25T19:25:55,13.93233649,46490.4809,27501.3169,925.0117,627,4,2013-12-23,0,N,,PRISM_3D_MAGNITUDE_REPORTED
31-1932,2013-12-26,2013-12-26T19:53:05,16.34961773,46490.4875,27501.3175,925.0039,631,4,2013-12-24,0.2,N,,PRISM_3D_MAGNITUDE_REPORTED
31-1932,2013-12-27,2013-12-27T22:40:39,15.41687387,46490.485,27501.3178,925.0062,635,4,2013-12-25,0,N,,PRISM_3D_MAGNITUDE_REPORTED
31-1932,2013-12-28,2013-12-28T23:11:38,14.88455575,46490.4841,27501.3177,925.0075,639,4,2013-12-26,0,N,,PRISM_3D_MAGNITUDE_REPORTED
31-1932,2013-12-29,2013-12-29T18:06:35,13.00076921,46490.4875,27501.3151,925.0064,642,3,2013-12-27,0,N,,PRISM_3D_MAGNITUDE_REPORTED
31-1932,2013-12-30,2013-12-30T19:41:04,17.94686602,46490.4766,27501.3187,925.0088,646,4,2013-12-28,0,N,,PRISM_3D_MAGNITUDE_REPORTED
31-1932,2013-12-31,2013-12-31T21:00:01,17.24528921,46490.4786,27501.319,925.0088,650,4,2013-12-29,,,,PRISM_3D_MAGNITUDE_REPORTED
31-1932,2014-01-01,2014-01-01T22:12:20,14.97998665,46490.4828,27501.3186,925.012,654,4,2013-12-30,12,N,,PRISM_3D_MAGNITUDE_REPORTED
31-1932,2014-01-02,2014-01-02T19:09:02,20.9076541,46490.4802,27501.321,925.0023,656,2,2013-12-31,3.6,N,,PRISM_3D_MAGNITUDE_REPORTED
31-1932,2014-01-03,2014-01-03T19:39:31,14.43364126,46490.4827,27501.318,925.0142,659,3,2014-01-01,0,N,,PRISM_3D_MAGNITUDE_REPORTED
31-1932,2014-01-04,2014-01-04T17:52:47,15.98436737,46490.495,27501.3171,925.0147,662,3,2014-01-02,0,N,,PRISM_3D_MAGNITUDE_REPORTED
31-1932,2014-01-05,2014-01-05T22:13:17,15.27645247,46490.4844,27501.318,925.0071,665,3,2014-01-03,0,N,,PRISM_3D_MAGNITUDE_REPORTED
31-1932,2014-01-06,2014-01-06T23:42:30,16.89408181,46490.4916,27501.3198,925.0109,669,4,2014-01-04,0,N,,PRISM_3D_MAGNITUDE_REPORTED
31-1932,2014-01-07,2014-01-07T20:44:41,14.97230777,46490.4901,27501.3184,925.013,672,3,2014-01-05,0,N,,PRISM_3D_MAGNITUDE_REPORTED
31-1932,2014-01-08,2014-01-08T21:56:31,16.41493223,46490.4935,27501.3186,925.0128,676,4,2014-01-06,0,N,,PRISM_3D_MAGNITUDE_REPORTED
31-1932,2014-01-09,2014-01-09T23:22:01,15.63873396,46490.486,27501.3196,925.0141,680,4,2014-01-07,0,N,,PRISM_3D_MAGNITUDE_REPORTED
31-1932,2014-01-10,2014-01-10T18:47:06,17.26817883,46490.4833,27501.3209,925.0107,683,3,2014-01-08,0,N,,PRISM_3D_MAGNITUDE_REPORTED
31-1932,2014-01-11,2014-01-11T21:50:01,17.26615186,46490.4872,27501.3208,925.0092,686,3,2014-01-09,0.6,N,,PRISM_3D_MAGNITUDE_REPORTED
31-1932,2014-01-12,2014-01-12T23:42:39,17.07219962,46490.4835,27501.3205,925.0166,688,2,2014-01-10,1.6,N,,PRISM_3D_MAGNITUDE_REPORTED
31-1932,2014-01-13,2014-01-13T16:51:49,16.61715981,46490.4872,27501.3203,925.016,690,2,2014-01-11,29.2,N,,PRISM_3D_MAGNITUDE_REPORTED
31-1932,2014-01-14,2014-01-14T00:01:21,17.78538726,46490.4828,27501.3212,925.0162,691,1,2014-01-12,20,N,,PRISM_3D_MAGNITUDE_REPORTED
31-1932,2014-01-15,2014-01-15T20:09:17,19.86579976,46490.4815,27501.3232,925.0106,693,2,2014-01-13,0.2,N,,PRISM_3D_MAGNITUDE_REPORTED
31-1932,2014-01-16,2014-01-16T20:16:19,20.45825017,46490.4853,27501.3238,925.0079,696,3,2014-01-14,0.8,N,,PRISM_3D_MAGNITUDE_REPORTED
31-1932,2014-01-17,2014-01-17T19:55:59,22.64111304,46490.4821,27501.3261,925.01,699,3,2014-01-15,11,N,,PRISM_3D_MAGNITUDE_REPORTED
31-1932,2014-01-18,2014-01-18T19:40:26,23.09523761,46490.4857,27501.3257,925.0051,702,3,2014-01-16,15.4,N,,PRISM_3D_MAGNITUDE_REPORTED
31-1932,2014-01-19,2014-01-19T19:39:05,21.42358513,46490.4832,27501.3252,925.0117,705,3,2014-01-17,2,N,,PRISM_3D_MAGNITUDE_REPORTED
31-1932,2014-01-20,2014-01-20T23:48:22,24.57498729,46490.4768,27501.3267,925.011,708,3,2014-01-18,0.2,N,,PRISM_3D_MAGNITUDE_REPORTED
31-1932,2014-01-21,2014-01-21T21:08:36,24.91425295,46490.4802,27501.3268,925.0048,709,1,2014-01-19,17.6,N,,PRISM_3D_MAGNITUDE_REPORTED
31-1932,2014-01-22,2014-01-22T21:46:45,23.01021512,46490.4801,27501.3261,925.0155,710,1,2014-01-20,0,N,,PRISM_3D_MAGNITUDE_REPORTED
31-1932,2014-01-23,2014-01-23T22:08:24,24.57600456,46490.4771,27501.3269,925.0136,712,2,2014-01-21,0,N,,PRISM_3D_MAGNITUDE_REPORTED
31-1932,2014-01-24,2014-01-24T18:37:57,23.91003973,46490.4834,27501.3277,925.0148,715,3,2014-01-22,10.4,N,,PRISM_3D_MAGNITUDE_REPORTED
31-1932,2014-01-25,2014-01-25T21:20:31,26.20419813,46490.4761,27501.3281,925.0158,719,4,2014-01-23,0.2,N,,PRISM_3D_MAGNITUDE_REPORTED
31-1932,2014-01-26,2014-01-26T19:29:12,25.25787006,46490.4804,27501.3286,925.0118,721,2,2014-01-24,0,N,,PRISM_3D_MAGNITUDE_REPORTED
31-1932,2014-01-28,2014-01-28T18:45:34,29.89264123,46490.4966,27501.3301,925.003,722,1,2014-01-26,35,N,,PRISM_3D_MAGNITUDE_REPORTED
31-1932,2014-01-29,2014-01-29T18:39:15,27.95013417,46490.4897,27501.3316,925.0106,724,2,2014-01-27,24.8,N,,PRISM_3D_MAGNITUDE_REPORTED
31-1932,2014-01-30,2014-01-30T21:33:20,33.50432808,46490.5021,27501.3317,925.0032,728,4,2014-01-28,0.8,N,,PRISM_3D_MAGNITUDE_REPORTED
31-1932,2014-01-31,2014-01-31T22:46:23,30.28729106,46490.4884,27501.333,925.0046,732,4,2014-01-29,0,N,,PRISM_3D_MAGNITUDE_REPORTED
31-1932,2014-02-01,2014-02-01T20:52:35,29.90434751,46490.4943,27501.3327,925.0143,734,2,2014-01-30,0,N,,PRISM_3D_MAGNITUDE_REPORTED
31-1932,2014-02-02,2014-02-02T11:32:11,31.98640336,46490.501,27501.3322,925.0113,736,2,2014-01-31,0,N,,PRISM_3D_MAGNITUDE_REPORTED
31-1932,2014-02-04,2014-02-04T17:03:10,30.4118398,46490.4916,27501.3334,925.0076,737,1,2014-02-02,0,N,,PRISM_3D_MAGNITUDE_REPORTED
31-1932,2014-02-05,2014-02-05T00:10:17,32.75683135,46490.5011,27501.3326,925.0078,738,1,2014-02-03,19.2,N,,PRISM_3D_MAGNITUDE_REPORTED
31-1932,2014-02-06,2014-02-06T23:19:45,29.04840787,46490.4865,27501.333,925.0146,740,2,2014-02-04,8.6,N,,PRISM_3D_MAGNITUDE_REPORTED
31-1932,2014-02-07,2014-02-07T23:08:54,29.8923067,46490.4865,27501.3333,925.0189,743,3,2014-02-05,0,N,,PRISM_3D_MAGNITUDE_REPORTED
31-1932,2014-02-08,2014-02-08T21:19:38,29.8306889,46490.4851,27501.3331,925.0195,746,3,2014-02-06,0.4,N,,PRISM_3D_MAGNITUDE_REPORTED
31-1932,2014-02-09,2014-02-09T21:42:04,29.54471188,46490.4887,27501.3332,925.0166,748,2,2014-02-07,1.6,N,,PRISM_3D_MAGNITUDE_REPORTED
31-1932,2014-02-10,2014-02-10T20:33:35,30.16885812,46490.4882,27501.3334,925.0194,751,3,2014-02-08,3.4,N,,PRISM_3D_MAGNITUDE_REPORTED
31-1932,2014-02-11,2014-02-11T18:58:25,31.91645344,46490.4917,27501.3349,925.0186,753,2,2014-02-09,0.8,N,,PRISM_3D_MAGNITUDE_REPORTED
31-1932,2014-02-12,2014-02-12T21:07:53,33.97072269,46490.4925,27501.3366,925.02,756,3,2014-02-10,29,N,,PRISM_3D_MAGNITUDE_REPORTED
31-1932,2014-02-13,2014-02-13T22:21:28,37.05846732,46490.4947,27501.3398,925.009,759,3,2014-02-11,8.4,N,,PRISM_3D_MAGNITUDE_REPORTED
31-1932,2014-02-14,2014-02-14T21:36:25,36.29366336,46490.4891,27501.3401,925.0151,762,3,2014-02-12,20.6,N,,PRISM_3D_MAGNITUDE_REPORTED
31-1932,2014-02-15,2014-02-15T14:10:09,37.60983914,46490.494,27501.3407,925.0111,764,2,2014-02-13,0.2,N,,PRISM_3D_MAGNITUDE_REPORTED
31-1932,2014-02-16,2014-02-16T17:39:12,51.02136807,46490.5054,27501.3511,925.0159,765,1,2014-02-14,0,N,,PRISM_3D_MAGNITUDE_REPORTED
31-1932,2014-02-17,2014-02-17T04:02:18,54.19271169,46490.506,27501.3543,925.0104,766,1,2014-02-15,0,N,,PRISM_3D_MAGNITUDE_REPORTED
31-1932,2014-02-18,2014-02-18T23:26:32,57.90405858,46490.5096,27501.3566,925.0076,768,2,2014-02-16,115,N,,PRISM_3D_MAGNITUDE_REPORTED
31-1932,2014-02-19,2014-02-19T17:04:59,55.578593,46490.4845,27501.3592,925.0067,770,2,2014-02-17,6,N,,PRISM_3D_MAGNITUDE_REPORTED
31-1932,2014-02-20,2014-02-20T07:57:30,57.25644068,46490.5058,27501.3575,925.0081,771,1,2014-02-18,0,N,,PRISM_3D_MAGNITUDE_REPORTED
31-1957,2013-11-20,2013-11-20T20:31:19,0,46451.39,27639.905,901.048,2954,1,2013-11-18,0,N,,PRISM_3D_MAGNITUDE_REPORTED
31-1957,2013-11-21,2013-11-21T12:36:07,6.782329982,46451.391,27639.899,901.051,2955,1,2013-11-19,4.2,N,,PRISM_3D_MAGNITUDE_REPORTED
31-1957,2013-11-22,2013-11-22T19:19:00,8.246211249,46451.392,27639.897,901.048,2958,3,2013-11-20,0.2,N,,PRISM_3D_MAGNITUDE_REPORTED
31-1957,2013-11-23,2013-11-23T19:59:18,10.77032961,46451.39,27639.901,901.058,2959,1,2013-11-21,0,N,,PRISM_3D_MAGNITUDE_REPORTED
31-1957,2013-11-24,2013-11-24T11:43:33,14.35270009,46451.389,27639.902,901.062,2960,1,2013-11-22,0,N,,PRISM_3D_MAGNITUDE_REPORTED
31-1957,2013-11-25,2013-11-25T22:02:02,5.099019514,46451.389,27639.91,901.048,2962,2,2013-11-23,0,N,,PRISM_3D_MAGNITUDE_REPORTED
31-1957,2013-11-26,2013-11-26T14:31:26,11.18033989,46451.394,27639.902,901.038,2963,1,2013-11-24,1.8,N,,PRISM_3D_MAGNITUDE_REPORTED
31-1957,2013-11-27,2013-11-27T15:06:10,9.165151388,46451.392,27639.897,901.052,2964,1,2013-11-25,0,N,,PRISM_3D_MAGNITUDE_REPORTED
31-1957,2013-11-29,2013-11-29T21:56:49,5.099019515,46451.391,27639.908,901.044,2966,2,2013-11-27,0,N,,PRISM_3D_MAGNITUDE_REPORTED
31-1957,2013-12-01,2013-12-01T16:20:39,3.813135195,46451.3899,27639.9088,901.0477,2968,2,2013-11-29,0,N,,PRISM_3D_MAGNITUDE_REPORTED
31-1957,2013-12-03,2013-12-03T18:17:33,8.210968274,46451.3891,27639.906,901.0561,2969,1,2013-12-01,0,N,,PRISM_3D_MAGNITUDE_REPORTED
31-1957,2013-12-07,2013-12-07T14:31:59,2.459674776,46451.3914,27639.9053,901.05,2971,2,2013-12-05,0.6,N,,PRISM_3D_MAGNITUDE_REPORTED
31-1957,2013-12-08,2013-12-08T03:13:01,7.716864649,46451.3899,27639.9075,901.0553,2973,2,2013-12-06,8.2,N,,PRISM_3D_MAGNITUDE_REPORTED
31-1957,2013-12-10,2013-12-10T13:23:18,13.02305648,46451.3884,27639.9098,901.06,2974,1,2013-12-08,0,N,,PRISM_3D_MAGNITUDE_REPORTED
31-1957,2013-12-13,2013-12-13T21:51:44,12.18441628,46451.3883,27639.9151,901.0546,2975,1,2013-12-11,0,N,,PRISM_3D_MAGNITUDE_REPORTED
31-1957,2013-12-14,2013-12-14T13:41:02,22.43345716,46451.3869,27639.9041,901.0702,2976,1,2013-12-12,0,N,,PRISM_3D_MAGNITUDE_REPORTED
31-1957,2013-12-16,2013-12-16T13:14:52,14.62702977,46451.3879,27639.9123,901.0605,2977,1,2013-12-14,0,N,,PRISM_3D_MAGNITUDE_REPORTED
31-1957,2013-12-17,2013-12-17T19:49:14,9.558765611,46451.3914,27639.9079,901.057,2978,1,2013-12-15,0,N,,PRISM_3D_MAGNITUDE_REPORTED
31-1957,2013-12-19,2013-12-19T22:48:50,15.8224524,46451.3883,27639.9111,901.0625,2980,2,2013-12-17,0,N,,PRISM_3D_MAGNITUDE_REPORTED
31-1957,2013-12-22,2013-12-22T03:56:32,16.64001202,46451.3899,27639.9088,901.0642,2981,1,2013-12-20,0,N,,PRISM_3D_MAGNITUDE_REPORTED
31-1957,2013-12-23,2013-12-23T17:19:16,6.442049362,46451.3935,27639.9032,901.0531,2983,2,2013-12-21,0,N,,PRISM_3D_MAGNITUDE_REPORTED
31-1957,2013-12-24,2013-12-24T09:06:26,18.42335474,46451.3887,27639.9112,901.0653,2984,1,2013-12-22,0,N,,PRISM_3D_MAGNITUDE_REPORTED
31-1957,2013-12-25,2013-12-25T07:59:20,9.450396817,46451.3913,27639.9079,901.0569,2985,1,2013-12-23,0,N,,PRISM_3D_MAGNITUDE_REPORTED
31-1957,2013-12-28,2013-12-28T16:57:07,9.560334723,46451.3906,27639.913,901.0532,2988,3,2013-12-26,0,N,,PRISM_3D_MAGNITUDE_REPORTED
31-1957,2013-12-29,2013-12-29T10:34:11,9.370699013,46451.3932,27639.9031,901.0566,2989,1,2013-12-27,0,N,,PRISM_3D_MAGNITUDE_REPORTED
31-1957,2013-12-30,2013-12-30T15:10:15,4.87749936,46451.3931,27639.9057,901.0517,2991,2,2013-12-28,0,N,,PRISM_3D_MAGNITUDE_REPORTED
31-1957,2013-12-31,2013-12-31T15:54:45,29.67507371,46451.3847,27639.9194,901.0734,2993,2,2013-12-29,,,,PRISM_3D_MAGNITUDE_REPORTED
31-1957,2014-01-01,2014-01-01T17:18:37,12.84912448,46451.3897,27639.9075,901.0606,2994,1,2013-12-30,12,N,,PRISM_3D_MAGNITUDE_REPORTED
31-1957,2014-01-03,2014-01-03T22:10:05,18.81143269,46451.3895,27639.9101,901.0661,2996,2,2014-01-01,0,N,,PRISM_3D_MAGNITUDE_REPORTED
31-1957,2014-01-04,2014-01-04T14:20:40,17.80449381,46451.3904,27639.905,901.0658,2997,1,2014-01-02,0,N,,PRISM_3D_MAGNITUDE_REPORTED
31-1957,2014-01-06,2014-01-06T20:36:32,11.98373898,46451.3911,27639.9078,901.0596,2998,1,2014-01-04,0,N,,PRISM_3D_MAGNITUDE_REPORTED
31-1957,2014-01-07,2014-01-07T17:40:10,13.29360749,46451.3906,27639.913,901.0586,3000,2,2014-01-05,0,N,,PRISM_3D_MAGNITUDE_REPORTED
31-1957,2014-01-08,2014-01-08T17:28:45,15.04925247,46451.3954,27639.8984,901.0604,3002,2,2014-01-06,0,N,,PRISM_3D_MAGNITUDE_REPORTED
31-1957,2014-01-09,2014-01-09T17:21:03,6.598484674,46451.3927,27639.9109,901.0492,3004,2,2014-01-07,0,N,,PRISM_3D_MAGNITUDE_REPORTED
31-1957,2014-01-10,2014-01-10T16:36:53,26.2608073,46451.3879,27639.9229,901.0671,3006,2,2014-01-08,0,N,,PRISM_3D_MAGNITUDE_REPORTED
31-1957,2014-01-11,2014-01-11T17:18:33,6.835934467,46451.3956,27639.9011,901.0484,3009,3,2014-01-09,0.6,N,,PRISM_3D_MAGNITUDE_REPORTED
31-1957,2014-01-12,2014-01-12T21:54:36,13.6429469,46451.3917,27639.908,901.0612,3010,1,2014-01-10,1.6,N,,PRISM_3D_MAGNITUDE_REPORTED
31-1957,2014-01-13,2014-01-13T21:08:56,13.22497637,46451.3901,27639.9142,901.0575,3012,2,2014-01-11,29.2,N,,PRISM_3D_MAGNITUDE_REPORTED
31-1957,2014-01-14,2014-01-14T19:48:28,23.13049935,46451.3893,27639.9127,901.0698,3015,3,2014-01-12,20,N,,PRISM_3D_MAGNITUDE_REPORTED
31-1957,2014-01-15,2014-01-15T18:40:17,18.39266158,46451.3918,27639.9054,901.0663,3018,3,2014-01-13,0.2,N,,PRISM_3D_MAGNITUDE_REPORTED
31-1957,2014-01-16,2014-01-16T05:52:49,18.21455462,46451.392,27639.9054,901.0661,3019,1,2014-01-14,0.8,N,,PRISM_3D_MAGNITUDE_REPORTED
31-1957,2014-01-17,2014-01-17T21:01:06,26.34406954,46451.3889,27639.9126,901.0732,3020,1,2014-01-15,11,N,,PRISM_3D_MAGNITUDE_REPORTED
31-1957,2014-01-18,2014-01-18T21:29:50,20.87318854,46451.3917,27639.9054,901.0688,3023,3,2014-01-16,15.4,N,,PRISM_3D_MAGNITUDE_REPORTED
31-1957,2014-01-19,2014-01-19T21:38:51,18.7821724,46451.3904,27639.9156,901.0635,3025,2,2014-01-17,2,N,,PRISM_3D_MAGNITUDE_REPORTED
31-1957,2014-01-20,2014-01-20T22:03:10,15.69617788,46451.3918,27639.9133,901.0612,3027,2,2014-01-18,0.2,N,,PRISM_3D_MAGNITUDE_REPORTED
31-1957,2014-01-21,2014-01-21T22:06:04,24.24231837,46451.3914,27639.9053,901.0722,3029,2,2014-01-19,17.6,N,,PRISM_3D_MAGNITUDE_REPORTED
31-1957,2014-01-22,2014-01-22T23:12:35,19.19687475,46451.3904,27639.9156,901.064,3031,2,2014-01-20,0,N,,PRISM_3D_MAGNITUDE_REPORTED
31-1957,2014-01-23,2014-01-23T11:55:09,24.73256962,46451.3896,27639.9127,901.0715,3032,1,2014-01-21,0,N,,PRISM_3D_MAGNITUDE_REPORTED
31-1957,2014-01-24,2014-01-24T02:55:49,18.92749323,46451.3917,27639.9106,901.066,3033,1,2014-01-22,10.4,N,,PRISM_3D_MAGNITUDE_REPORTED
31-1957,2014-01-25,2014-01-25T00:00:50,15.70795977,46451.3928,27639.9083,901.0631,3034,1,2014-01-23,0.2,N,,PRISM_3D_MAGNITUDE_REPORTED
31-1957,2014-01-26,2014-01-26T12:56:44,24.74227152,46451.3955,27639.8958,901.0703,3035,1,2014-01-24,0,N,,PRISM_3D_MAGNITUDE_REPORTED
31-1957,2014-01-29,2014-01-29T17:44:53,10.32521186,46451.3944,27639.914,901.0505,3037,2,2014-01-27,24.8,N,,PRISM_3D_MAGNITUDE_REPORTED
31-1957,2014-01-30,2014-01-30T18:44:43,27.0199926,46451.3928,27639.903,901.0748,3039,2,2014-01-28,0.8,N,,PRISM_3D_MAGNITUDE_REPORTED
31-1957,2014-01-31,2014-01-31T18:17:26,26.33666646,46451.3929,27639.907,901.0741,3041,2,2014-01-29,0,N,,PRISM_3D_MAGNITUDE_REPORTED
31-1957,2014-02-01,2014-02-01T20:46:21,19.48691869,46451.3937,27639.9112,901.0661,3042,1,2014-01-30,0,N,,PRISM_3D_MAGNITUDE_REPORTED
31-1957,2014-02-02,2014-02-02T18:44:09,18.99552579,46451.3937,27639.9085,901.0663,3044,2,2014-01-31,0,N,,PRISM_3D_MAGNITUDE_REPORTED
31-1957,2014-02-03,2014-02-03T17:22:42,23.77267339,46451.3935,27639.9058,901.0715,3046,2,2014-02-01,0,N,,PRISM_3D_MAGNITUDE_REPORTED
31-1957,2014-02-04,2014-02-04T18:02:21,13.96173342,46451.394,27639.9113,901.0598,3048,2,2014-02-02,0,N,,PRISM_3D_MAGNITUDE_REPORTED
31-1957,2014-02-05,2014-02-05T18:40:51,25.97710531,46451.3909,27639.9144,901.0722,3051,3,2014-02-03,19.2,N,,PRISM_3D_MAGNITUDE_REPORTED
31-1957,2014-02-06,2014-02-06T19:17:38,17.84852935,46451.3938,27639.9112,901.0643,3053,2,2014-02-04,8.6,N,,PRISM_3D_MAGNITUDE_REPORTED
31-1957,2014-02-07,2014-02-07T23:49:59,27.53343422,46451.3948,27639.9009,901.0748,3056,3,2014-02-05,0,N,,PRISM_3D_MAGNITUDE_REPORTED
31-1957,2014-02-08,2014-02-08T17:44:26,27.41185875,46451.3899,27639.9208,901.0704,3057,1,2014-02-06,0.4,N,,PRISM_3D_MAGNITUDE_REPORTED
31-1957,2014-02-09,2014-02-09T17:16:10,26.63756746,46451.391,27639.9184,901.071,3059,2,2014-02-07,1.6,N,,PRISM_3D_MAGNITUDE_REPORTED
31-1957,2014-02-10,2014-02-10T13:32:03,25.89362856,46451.3958,27639.8972,901.072,3061,2,2014-02-08,3.4,N,,PRISM_3D_MAGNITUDE_REPORTED
31-1957,2014-02-11,2014-02-11T21:53:49,22.42565495,46451.3947,27639.9061,901.0699,3064,3,2014-02-09,0.8,N,,PRISM_3D_MAGNITUDE_REPORTED
31-1957,2014-02-12,2014-02-12T22:50:10,23.82330792,46451.3945,27639.9087,901.0711,3066,2,2014-02-10,29,N,,PRISM_3D_MAGNITUDE_REPORTED
31-1957,2014-02-13,2014-02-13T12:16:56,39.08631474,46451.3894,27639.9153,901.0857,3067,1,2014-02-11,8.4,N,,PRISM_3D_MAGNITUDE_REPORTED
31-1957,2014-02-14,2014-02-14T15:05:27,26.19274709,46451.3981,27639.8991,901.0722,3070,3,2014-02-12,20.6,N,,PRISM_3D_MAGNITUDE_REPORTED
31-1957,2014-02-15,2014-02-15T18:13:32,28.06724069,46451.3945,27639.9074,901.0756,3072,2,2014-02-13,0.2,N,,PRISM_3D_MAGNITUDE_REPORTED
31-1957,2014-02-17,2014-02-17T19:11:18,45.56961707,46451.3935,27639.9085,901.0933,3073,1,2014-02-15,0,N,,PRISM_3D_MAGNITUDE_REPORTED
31-1957,2014-02-18,2014-02-18T11:56:03,41.17912092,46451.3956,27639.909,901.0886,3074,1,2014-02-16,115,N,,PRISM_3D_MAGNITUDE_REPORTED
31-1957,2014-02-19,2014-02-19T04:54:27,35.34430647,46451.3968,27639.9147,901.0813,3075,1,2014-02-17,6,N,,PRISM_3D_MAGNITUDE_REPORTED
31-1977,2013-11-20,2013-11-20T20:31:19,0,46051.218,27628.341,1143.464,4048,1,2013-11-18,0,N,,PRISM_3D_MAGNITUDE_REPORTED
31-1977,2013-11-21,2013-11-21T12:36:07,24.04163056,46051.221,27628.328,1143.444,4049,1,2013-11-19,4.2,N,,PRISM_3D_MAGNITUDE_REPORTED
31-1977,2013-11-22,2013-11-22T19:19:00,36,46051.218,27628.341,1143.428,4051,2,2013-11-20,0.2,N,,PRISM_3D_MAGNITUDE_REPORTED
31-1977,2013-11-23,2013-11-23T19:59:18,1.414213563,46051.218,27628.342,1143.465,4052,1,2013-11-21,0,N,,PRISM_3D_MAGNITUDE_REPORTED
31-1977,2013-11-24,2013-11-24T11:43:33,17.02938636,46051.223,27628.329,1143.453,4053,1,2013-11-22,0,N,,PRISM_3D_MAGNITUDE_REPORTED
31-1977,2013-11-25,2013-11-25T22:02:02,28.01785145,46051.218,27628.34,1143.436,4054,1,2013-11-23,0,N,,PRISM_3D_MAGNITUDE_REPORTED
31-1977,2013-11-26,2013-11-26T14:31:26,29.22327839,46051.22,27628.326,1143.439,4055,1,2013-11-24,1.8,N,,PRISM_3D_MAGNITUDE_REPORTED
31-1977,2013-11-27,2013-11-27T15:06:10,19.10497317,46051.221,27628.325,1143.454,4056,1,2013-11-25,0,N,,PRISM_3D_MAGNITUDE_REPORTED
31-1977,2013-11-29,2013-11-29T21:56:49,37.02701716,46051.219,27628.342,1143.427,4057,1,2013-11-27,0,N,,PRISM_3D_MAGNITUDE_REPORTED
31-1977,2013-12-01,2013-12-01T16:20:39,44.95164068,46051.2194,27628.3348,1143.4195,4059,2,2013-11-29,0,N,,PRISM_3D_MAGNITUDE_REPORTED
31-1977,2013-12-03,2013-12-03T18:17:33,28.67158873,46051.2214,27628.3265,1143.4395,4060,1,2013-12-01,0,N,,PRISM_3D_MAGNITUDE_REPORTED
31-1977,2013-12-07,2013-12-07T14:31:59,18.43529224,46051.2205,27628.3315,1143.4484,4062,2,2013-12-05,0.6,N,,PRISM_3D_MAGNITUDE_REPORTED
31-1977,2013-12-08,2013-12-08T03:13:01,34.37862708,46051.2192,27628.3452,1143.4299,4063,1,2013-12-06,8.2,N,,PRISM_3D_MAGNITUDE_REPORTED
31-1977,2013-12-10,2013-12-10T13:23:18,28.6966897,46051.2227,27628.3285,1143.4386,4064,1,2013-12-08,0,N,,PRISM_3D_MAGNITUDE_REPORTED
31-1977,2013-12-14,2013-12-14T14:01:24,20.32018701,46051.2219,27628.3301,1143.4473,4065,1,2013-12-12,0,N,,PRISM_3D_MAGNITUDE_REPORTED
31-1977,2013-12-16,2013-12-16T13:14:52,10.86876258,46051.2195,27628.3348,1143.4552,4066,1,2013-12-14,0,N,,PRISM_3D_MAGNITUDE_REPORTED
31-1977,2013-12-17,2013-12-17T19:49:14,40.56242103,46051.2279,27628.3123,1143.4371,4067,1,2013-12-15,0,N,,PRISM_3D_MAGNITUDE_REPORTED
31-1977,2013-12-19,2013-12-19T22:48:50,39.56083922,46051.2268,27628.3051,1143.4499,4069,2,2013-12-17,0,N,,PRISM_3D_MAGNITUDE_REPORTED
31-1977,2013-12-22,2013-12-22T03:56:32,8.371977067,46051.2192,27628.3486,1143.4607,4070,1,2013-12-20,0,N,,PRISM_3D_MAGNITUDE_REPORTED
31-1977,2013-12-23,2013-12-23T17:19:16,33.4850713,46051.223,27628.3286,1143.4333,4071,1,2013-12-21,0,N,,PRISM_3D_MAGNITUDE_REPORTED
31-1977,2013-12-24,2013-12-24T09:06:26,28.28515512,46051.2227,27628.332,1143.4376,4072,1,2013-12-22,0,N,,PRISM_3D_MAGNITUDE_REPORTED
31-1977,2013-12-25,2013-12-25T07:59:20,38.86437958,46051.2254,27628.3222,1143.4308,4073,1,2013-12-23,0,N,,PRISM_3D_MAGNITUDE_REPORTED
31-1977,2013-12-28,2013-12-28T16:57:07,33.8543941,46051.2212,27628.3352,1143.4308,4075,2,2013-12-26,0,N,,PRISM_3D_MAGNITUDE_REPORTED
31-1977,2013-12-30,2013-12-30T15:29:12,39.22473709,46051.2224,27628.3319,1143.4261,4076,1,2013-12-28,0,N,,PRISM_3D_MAGNITUDE_REPORTED
31-1977,2013-12-31,2013-12-31T15:59:29,31.80786066,46051.2213,27628.3352,1143.4329,4078,2,2013-12-29,,,,PRISM_3D_MAGNITUDE_REPORTED
31-1977,2014-01-01,2014-01-01T17:18:37,22.2155351,46051.2223,27628.325,1143.4492,4079,1,2013-12-30,12,N,,PRISM_3D_MAGNITUDE_REPORTED
31-1977,2014-01-03,2014-01-03T07:02:47,36.62731221,46051.2234,27628.3252,1143.4314,4080,1,2014-01-01,0,N,,PRISM_3D_MAGNITUDE_REPORTED
31-1977,2014-01-04,2014-01-04T14:20:40,27.55902756,46051.223,27628.3303,1143.4391,4081,1,2014-01-02,0,N,,PRISM_3D_MAGNITUDE_REPORTED
31-1977,2014-01-06,2014-01-06T20:36:32,29.360688,46051.2209,27628.342,1143.4348,4082,1,2014-01-04,0,N,,PRISM_3D_MAGNITUDE_REPORTED
31-1977,2014-01-07,2014-01-07T17:40:10,23.56034805,46051.2214,27628.3387,1143.4408,4084,2,2014-01-05,0,N,,PRISM_3D_MAGNITUDE_REPORTED
31-1977,2014-01-08,2014-01-08T17:28:45,35.80907706,46051.2272,27628.3208,1143.4359,4086,2,2014-01-06,0,N,,PRISM_3D_MAGNITUDE_REPORTED
31-1977,2014-01-09,2014-01-09T17:21:03,34.36015134,46051.2218,27628.3283,1143.4323,4087,1,2014-01-07,0,N,,PRISM_3D_MAGNITUDE_REPORTED
31-1977,2014-01-11,2014-01-11T17:18:33,35.28370729,46051.2233,27628.3252,1143.4329,4088,1,2014-01-09,0.6,N,,PRISM_3D_MAGNITUDE_REPORTED
31-1977,2014-01-13,2014-01-13T09:25:26,31.50904632,46051.2205,27628.3454,1143.4329,4089,1,2014-01-11,29.2,N,,PRISM_3D_MAGNITUDE_REPORTED
31-1977,2014-01-18,2014-01-18T09:15:28,37.38836717,46051.2276,27628.3157,1143.4382,4090,1,2014-01-16,15.4,N,,PRISM_3D_MAGNITUDE_REPORTED
31-1977,2014-01-19,2014-01-19T09:25:53,20.21781393,46051.2258,27628.3396,1143.4454,4091,1,2014-01-17,2,N,,PRISM_3D_MAGNITUDE_REPORTED
31-1977,2014-01-20,2014-01-20T22:23:21,11.88486432,46051.224,27628.3392,1143.4539,4093,2,2014-01-18,0.2,N,,PRISM_3D_MAGNITUDE_REPORTED
31-1977,2014-01-21,2014-01-21T22:06:04,41.88436463,46051.2307,27628.3059,1143.445,4095,2,2014-01-19,17.6,N,,PRISM_3D_MAGNITUDE_REPORTED
31-1977,2014-01-22,2014-01-22T23:12:35,34.90057306,46051.2199,27628.3522,1143.431,4097,2,2014-01-20,0,N,,PRISM_3D_MAGNITUDE_REPORTED
31-1977,2014-01-23,2014-01-23T11:55:09,25.83021487,46051.2256,27628.3222,1143.448,4098,1,2014-01-21,0,N,,PRISM_3D_MAGNITUDE_REPORTED
31-1977,2014-01-26,2014-01-26T12:56:44,42.79591102,46051.2297,27628.3126,1143.4342,4099,1,2014-01-24,0,N,,PRISM_3D_MAGNITUDE_REPORTED
31-1977,2014-01-29,2014-01-29T17:44:53,33.59836305,46051.2221,27628.3458,1143.431,4100,1,2014-01-27,24.8,N,,PRISM_3D_MAGNITUDE_REPORTED
31-1977,2014-01-30,2014-01-30T18:44:43,44.78772153,46051.2308,27628.3059,1143.4393,4101,1,2014-01-28,0.8,N,,PRISM_3D_MAGNITUDE_REPORTED
31-1977,2014-01-31,2014-01-31T18:17:26,25.22914981,46051.2277,27628.3261,1143.4461,4102,1,2014-01-29,0,N,,PRISM_3D_MAGNITUDE_REPORTED
31-1977,2014-02-02,2014-02-02T09:22:58,37.42138426,46051.2264,27628.3432,1143.4276,4103,1,2014-01-31,0,N,,PRISM_3D_MAGNITUDE_REPORTED
31-1977,2014-02-03,2014-02-03T17:22:42,54.40027573,46051.2343,27628.3101,1143.4223,4104,1,2014-02-01,0,N,,PRISM_3D_MAGNITUDE_REPORTED
31-1977,2014-02-04,2014-02-04T18:02:21,28.5334891,46051.2254,27628.3308,1143.4384,4105,1,2014-02-02,0,N,,PRISM_3D_MAGNITUDE_REPORTED
31-1977,2014-02-05,2014-02-05T18:40:51,42.25565051,46051.2257,27628.343,1143.4225,4106,1,2014-02-03,19.2,N,,PRISM_3D_MAGNITUDE_REPORTED
31-1977,2014-02-07,2014-02-07T11:48:29,41.44828102,46051.2294,27628.3178,1143.4316,4107,1,2014-02-05,0,N,,PRISM_3D_MAGNITUDE_REPORTED
31-1977,2014-02-08,2014-02-08T18:05:13,12.34220402,46051.2256,27628.3361,1143.4556,4108,1,2014-02-06,0.4,N,,PRISM_3D_MAGNITUDE_REPORTED
31-1977,2014-02-11,2014-02-11T03:10:05,21.14332046,46051.2264,27628.3362,1143.4452,4109,1,2014-02-09,0.8,N,,PRISM_3D_MAGNITUDE_REPORTED
31-1977,2014-02-13,2014-02-13T12:16:56,30.01816117,46051.2262,27628.3431,1143.4352,4110,1,2014-02-11,8.4,N,,PRISM_3D_MAGNITUDE_REPORTED
31-1977,2014-02-14,2014-02-14T15:05:27,41.9686788,46051.2336,27628.3134,1143.4365,4111,1,2014-02-12,20.6,N,,PRISM_3D_MAGNITUDE_REPORTED
31-1977,2014-02-15,2014-02-15T18:13:32,51.37285275,46051.2279,27628.34,1143.4136,4112,1,2014-02-13,0.2,N,,PRISM_3D_MAGNITUDE_REPORTED
31-1977,2014-02-17,2014-02-17T19:11:18,39.35746435,46051.2416,27628.3116,1143.4527,4113,1,2014-02-15,0,N,,PRISM_3D_MAGNITUDE_REPORTED
31-1977,2014-02-18,2014-02-18T11:56:03,43.07481863,46051.2382,27628.3352,1143.4264,4114,1,2014-02-16,115,N,,PRISM_3D_MAGNITUDE_REPORTED
31-1991,2013-11-20,2013-11-20T17:55:01,0,46588.309,27477.626,912.989,6578,1,2013-11-18,0,N,,PRISM_3D_MAGNITUDE_REPORTED
31-1991,2013-12-03,2013-12-03T21:49:19,14.50344786,46588.3157,27477.6325,912.9779,6580,2,2013-12-01,0,N,,PRISM_3D_MAGNITUDE_REPORTED
31-1991,2013-12-04,2013-12-04T23:45:06,12.28006515,46588.314,27477.6332,912.9804,6582,2,2013-12-02,0,N,,PRISM_3D_MAGNITUDE_REPORTED
31-1991,2013-12-05,2013-12-05T23:27:12,15.24795068,46588.3146,27477.6327,912.9765,6585,3,2013-12-03,20,N,,PRISM_3D_MAGNITUDE_REPORTED
31-1991,2013-12-06,2013-12-06T19:47:39,14.54544602,46588.3123,27477.6332,912.9768,6587,2,2013-12-04,0.2,N,,PRISM_3D_MAGNITUDE_REPORTED
31-1991,2013-12-07,2013-12-07T22:56:35,16.98617084,46588.3206,27477.6341,912.9796,6590,3,2013-12-05,0.6,N,,PRISM_3D_MAGNITUDE_REPORTED
31-1991,2013-12-08,2013-12-08T15:19:41,16.83953681,46588.3009,27477.6346,912.977,6592,2,2013-12-06,8.2,N,,PRISM_3D_MAGNITUDE_REPORTED
31-1991,2013-12-10,2013-12-10T21:11:55,17.62101019,46588.3155,27477.6345,912.975,6594,2,2013-12-08,0,N,,PRISM_3D_MAGNITUDE_REPORTED
31-1991,2013-12-11,2013-12-11T20:27:05,22.03950998,46588.3163,27477.6353,912.9704,6596,2,2013-12-09,0,N,,PRISM_3D_MAGNITUDE_REPORTED
31-1991,2013-12-13,2013-12-13T20:43:47,26.32470323,46588.3235,27477.6365,912.9697,6597,1,2013-12-11,0,N,,PRISM_3D_MAGNITUDE_REPORTED
31-1991,2013-12-14,2013-12-14T19:36:04,16.75828153,46588.3186,27477.6352,912.9788,6599,2,2013-12-12,0,N,,PRISM_3D_MAGNITUDE_REPORTED
31-1991,2013-12-16,2013-12-16T20:10:39,19.06436466,46588.322,27477.6363,912.9796,6601,2,2013-12-14,0,N,,PRISM_3D_MAGNITUDE_REPORTED
31-1991,2013-12-17,2013-12-17T13:35:16,18.4439692,46588.3009,27477.6364,912.9761,6602,1,2013-12-15,0,N,,PRISM_3D_MAGNITUDE_REPORTED
31-1991,2013-12-18,2013-12-18T20:53:09,22.67245024,46588.3192,27477.637,912.972,6603,1,2013-12-16,1.6,N,,PRISM_3D_MAGNITUDE_REPORTED
31-1991,2013-12-19,2013-12-19T18:07:44,29.92407058,46588.3246,27477.6375,912.9662,6605,2,2013-12-17,0,N,,PRISM_3D_MAGNITUDE_REPORTED
31-1991,2013-12-20,2013-12-20T19:01:24,18.77045551,46588.3198,27477.6365,912.9778,6609,4,2013-12-18,0,N,,PRISM_3D_MAGNITUDE_REPORTED
31-1991,2013-12-21,2013-12-21T22:22:26,17.3971262,46588.3121,27477.6369,912.9758,6613,4,2013-12-19,0,N,,PRISM_3D_MAGNITUDE_REPORTED
31-1991,2013-12-22,2013-12-22T20:31:56,19.86479298,46588.3166,27477.6381,912.9752,6616,3,2013-12-20,0,N,,PRISM_3D_MAGNITUDE_REPORTED
31-1991,2013-12-23,2013-12-23T18:28:44,25.23073522,46588.3295,27477.6363,912.9785,6620,4,2013-12-21,0,N,,PRISM_3D_MAGNITUDE_REPORTED
31-1991,2013-12-24,2013-12-24T18:48:25,14.53650577,46588.3129,27477.6361,912.9793,6624,4,2013-12-22,0,N,,PRISM_3D_MAGNITUDE_REPORTED
31-1991,2013-12-25,2013-12-25T19:25:55,17.76400856,46588.3146,27477.6372,912.9764,6628,4,2013-12-23,0,N,,PRISM_3D_MAGNITUDE_REPORTED
31-1991,2013-12-26,2013-12-26T19:53:05,20.76174366,46588.3218,27477.6371,912.977,6632,4,2013-12-24,0.2,N,,PRISM_3D_MAGNITUDE_REPORTED
31-1991,2013-12-27,2013-12-27T22:40:39,18.69786084,46588.3121,27477.638,912.975,6636,4,2013-12-25,0,N,,PRISM_3D_MAGNITUDE_REPORTED
31-1991,2013-12-28,2013-12-28T23:11:38,23.63450867,46588.3169,27477.6387,912.9707,6640,4,2013-12-26,0,N,,PRISM_3D_MAGNITUDE_REPORTED
31-1991,2013-12-29,2013-12-29T18:06:35,27.33075191,46588.3235,27477.6366,912.9684,6643,3,2013-12-27,0,N,,PRISM_3D_MAGNITUDE_REPORTED
31-1991,2013-12-30,2013-12-30T19:41:04,19.40773042,46588.3161,27477.638,912.9755,6647,4,2013-12-28,0,N,,PRISM_3D_MAGNITUDE_REPORTED
31-1991,2013-12-31,2013-12-31T21:00:01,21.53160468,46588.3198,27477.6384,912.9751,6651,4,2013-12-29,,,,PRISM_3D_MAGNITUDE_REPORTED
31-1991,2014-01-01,2014-01-01T22:12:20,17.18051221,46588.3178,27477.6382,912.9807,6655,4,2013-12-30,12,N,,PRISM_3D_MAGNITUDE_REPORTED
31-1991,2014-01-02,2014-01-02T19:09:02,21.76901468,46588.3189,27477.6392,912.9748,6657,2,2013-12-31,3.6,N,,PRISM_3D_MAGNITUDE_REPORTED
31-1991,2014-01-03,2014-01-03T19:39:31,21.96383391,46588.3183,27477.6386,912.9736,6660,3,2014-01-01,0,N,,PRISM_3D_MAGNITUDE_REPORTED
31-1991,2014-01-04,2014-01-04T17:52:47,23.42157125,46588.3226,27477.6385,912.9746,6663,3,2014-01-02,0,N,,PRISM_3D_MAGNITUDE_REPORTED
31-1991,2014-01-05,2014-01-05T22:13:17,21.11823856,46588.3172,27477.6375,912.9733,6666,3,2014-01-03,0,N,,PRISM_3D_MAGNITUDE_REPORTED
31-1991,2014-01-06,2014-01-06T23:42:30,37.26580202,46588.3198,27477.6431,912.9577,6670,4,2014-01-04,0,N,,PRISM_3D_MAGNITUDE_REPORTED
31-1991,2014-01-07,2014-01-07T21:05:01,19.81136038,46588.3172,27477.639,912.9765,6673,3,2014-01-05,0,N,,PRISM_3D_MAGNITUDE_REPORTED
31-1991,2014-01-08,2014-01-08T22:16:50,24.24231837,46588.3266,27477.6387,912.9782,6677,4,2014-01-06,0,N,,PRISM_3D_MAGNITUDE_REPORTED
31-1991,2014-01-09,2014-01-09T23:22:01,19.18827767,46588.3203,27477.6387,912.9801,6681,4,2014-01-07,0,N,,PRISM_3D_MAGNITUDE_REPORTED
31-1991,2014-01-10,2014-01-10T19:07:44,26.90538979,46588.3032,27477.6411,912.9675,6684,3,2014-01-08,0,N,,PRISM_3D_MAGNITUDE_REPORTED
31-1991,2014-01-11,2014-01-11T21:50:01,21.95472614,46588.3146,27477.6396,912.9727,6687,3,2014-01-09,0.6,N,,PRISM_3D_MAGNITUDE_REPORTED
31-1991,2014-01-12,2014-01-12T23:42:39,23.58982832,46588.3258,27477.6392,912.979,6689,2,2014-01-10,1.6,N,,PRISM_3D_MAGNITUDE_REPORTED
31-1991,2014-01-13,2014-01-13T16:51:49,16.47118696,46588.3135,27477.6389,912.9798,6691,2,2014-01-11,29.2,N,,PRISM_3D_MAGNITUDE_REPORTED
31-1991,2014-01-14,2014-01-14T00:01:21,18.90026455,46588.3186,27477.6395,912.9799,6692,1,2014-01-12,20,N,,PRISM_3D_MAGNITUDE_REPORTED
31-1991,2014-01-15,2014-01-15T20:09:17,18.51944924,46588.3104,27477.6395,912.9764,6694,2,2014-01-13,0.2,N,,PRISM_3D_MAGNITUDE_REPORTED
31-1991,2014-01-16,2014-01-16T20:16:19,18.04688339,46588.3144,27477.6398,912.9787,6697,3,2014-01-14,0.8,N,,PRISM_3D_MAGNITUDE_REPORTED
31-1991,2014-01-17,2014-01-17T19:55:59,18.8433012,46588.3107,27477.6423,912.9797,6700,3,2014-01-15,11,N,,PRISM_3D_MAGNITUDE_REPORTED
31-1991,2014-01-18,2014-01-18T19:40:26,27.26701304,46588.3135,27477.6428,912.968,6703,3,2014-01-16,15.4,N,,PRISM_3D_MAGNITUDE_REPORTED
31-1991,2014-01-19,2014-01-19T19:39:05,20.1509305,46588.3104,27477.6419,912.9767,6706,3,2014-01-17,2,N,,PRISM_3D_MAGNITUDE_REPORTED
31-1991,2014-01-20,2014-01-20T23:48:22,23.67973817,46588.3112,27477.6435,912.9732,6709,3,2014-01-18,0.2,N,,PRISM_3D_MAGNITUDE_REPORTED
31-1991,2014-01-21,2014-01-21T21:08:36,23.98103417,46588.3084,27477.6432,912.9723,6710,1,2014-01-19,17.6,N,,PRISM_3D_MAGNITUDE_REPORTED
31-1991,2014-01-22,2014-01-22T21:46:45,18.24719157,46588.3138,27477.6424,912.9826,6711,1,2014-01-20,0,N,,PRISM_3D_MAGNITUDE_REPORTED
31-1991,2014-01-23,2014-01-23T22:08:24,19.56041922,46588.305,27477.6429,912.98,6713,2,2014-01-21,0,N,,PRISM_3D_MAGNITUDE_REPORTED
31-1991,2014-01-24,2014-01-24T18:37:57,26.11091725,46588.3181,27477.6471,912.9766,6716,3,2014-01-22,10.4,N,,PRISM_3D_MAGNITUDE_REPORTED
31-1991,2014-01-25,2014-01-25T21:20:31,28.95548307,46588.3135,27477.6479,912.9706,6720,4,2014-01-23,0.2,N,,PRISM_3D_MAGNITUDE_REPORTED
31-1991,2014-01-26,2014-01-26T19:29:12,25.93395458,46588.3158,27477.6472,912.9757,6722,2,2014-01-24,0,N,,PRISM_3D_MAGNITUDE_REPORTED
31-1991,2014-01-27,2014-01-27T01:54:48,31.34661066,46588.3238,27477.6486,912.9731,6723,1,2014-01-25,0,N,,PRISM_3D_MAGNITUDE_REPORTED
31-1991,2014-01-28,2014-01-28T18:45:34,40.1853207,46588.3321,27477.6495,912.966,6724,1,2014-01-26,35,N,,PRISM_3D_MAGNITUDE_REPORTED
31-1991,2014-01-29,2014-01-29T18:39:15,33.58213811,46588.3284,27477.6498,912.9754,6727,3,2014-01-27,24.8,N,,PRISM_3D_MAGNITUDE_REPORTED
31-1991,2014-01-30,2014-01-30T21:33:20,45.07649055,46588.3438,27477.6499,912.9732,6731,4,2014-01-28,0.8,N,,PRISM_3D_MAGNITUDE_REPORTED
31-1991,2014-01-31,2014-01-31T22:46:23,38.56604724,46588.3284,27477.6513,912.9673,6735,4,2014-01-29,0,N,,PRISM_3D_MAGNITUDE_REPORTED
31-1991,2014-02-01,2014-02-01T20:52:35,36.9553785,46588.3327,27477.6515,912.9766,6737,2,2014-01-30,0,N,,PRISM_3D_MAGNITUDE_REPORTED
31-1991,2014-02-02,2014-02-02T11:32:11,45.81189802,46588.3384,27477.6529,912.9664,6739,2,2014-01-31,0,N,,PRISM_3D_MAGNITUDE_REPORTED
31-1991,2014-02-04,2014-02-04T17:03:10,40.10049875,46588.3275,27477.6528,912.9656,6740,1,2014-02-02,0,N,,PRISM_3D_MAGNITUDE_REPORTED
31-1991,2014-02-05,2014-02-05T00:10:17,44.83960303,46588.3387,27477.6523,912.9681,6741,1,2014-02-03,19.2,N,,PRISM_3D_MAGNITUDE_REPORTED
31-1991,2014-02-06,2014-02-06T23:19:45,32.99833329,46588.3221,27477.6512,912.9722,6743,2,2014-02-04,8.6,N,,PRISM_3D_MAGNITUDE_REPORTED
31-1991,2014-02-07,2014-02-07T23:08:54,29.81710918,46588.3255,27477.6501,912.983,6746,3,2014-02-05,0,N,,PRISM_3D_MAGNITUDE_REPORTED
31-1991,2014-02-08,2014-02-08T21:19:38,30.52048492,46588.3233,27477.651,912.9789,6749,3,2014-02-06,0.4,N,,PRISM_3D_MAGNITUDE_REPORTED
31-1991,2014-02-09,2014-02-09T21:42:04,30.79301869,46588.3275,27477.6496,912.982,6751,2,2014-02-07,1.6,N,,PRISM_3D_MAGNITUDE_REPORTED
31-1991,2014-02-10,2014-02-10T20:33:35,30.17333259,46588.3255,27477.6507,912.9837,6754,3,2014-02-08,3.4,N,,PRISM_3D_MAGNITUDE_REPORTED
31-1991,2014-02-11,2014-02-11T18:58:25,34.7213191,46588.329,27477.6526,912.9791,6756,2,2014-02-09,0.8,N,,PRISM_3D_MAGNITUDE_REPORTED
31-1991,2014-02-12,2014-02-12T21:07:53,37.89115992,46588.3313,27477.6541,912.9768,6759,3,2014-02-10,29,N,,PRISM_3D_MAGNITUDE_REPORTED
31-1991,2014-02-13,2014-02-13T22:21:28,39.85699437,46588.3318,27477.6553,912.9745,6762,3,2014-02-11,8.4,N,,PRISM_3D_MAGNITUDE_REPORTED
31-1991,2014-02-14,2014-02-14T21:36:25,38.86630932,46588.3293,27477.6559,912.9747,6765,3,2014-02-12,20.6,N,,PRISM_3D_MAGNITUDE_REPORTED
31-1991,2014-02-15,2014-02-15T14:10:09,39.65513838,46588.3307,27477.656,912.9748,6767,2,2014-02-13,0.2,N,,PRISM_3D_MAGNITUDE_REPORTED
31-1991,2014-02-16,2014-02-16T17:39:12,45.29249386,46588.3393,27477.6586,912.9806,6768,1,2014-02-14,0,N,,PRISM_3D_MAGNITUDE_REPORTED
31-1991,2014-02-17,2014-02-17T04:02:18,46.6914339,46588.3384,27477.6603,912.9772,6769,1,2014-02-15,0,N,,PRISM_3D_MAGNITUDE_REPORTED
31-1991,2014-02-18,2014-02-18T23:26:32,51.34549639,46588.341,27477.663,912.9734,6771,2,2014-02-16,115,N,,PRISM_3D_MAGNITUDE_REPORTED
31-1991,2014-02-19,2014-02-19T17:26:25,53.70316564,46588.3453,27477.6625,912.9737,6773,2,2014-02-17,6,N,,PRISM_3D_MAGNITUDE_REPORTED
31-1991,2014-02-20,2014-02-20T07:57:30,47.52799175,46588.3347,27477.6631,912.9741,6774,1,2014-02-18,0,N,,PRISM_3D_MAGNITUDE_REPORTED
31-1992,2013-11-20,2013-11-20T17:55:01,0,46552.21,27495.109,913.013,6775,1,2013-11-18,0,N,,PRISM_3D_MAGNITUDE_REPORTED
31-1992,2013-12-03,2013-12-03T21:49:19,19.78206258,46552.2238,27495.117,913.0013,6777,2,2013-12-01,0,N,,PRISM_3D_MAGNITUDE_REPORTED
31-1992,2013-12-04,2013-12-04T23:45:06,15.5373743,46552.2174,27495.1182,913.0029,6779,2,2013-12-02,0,N,,PRISM_3D_MAGNITUDE_REPORTED
31-1992,2013-12-05,2013-12-05T23:27:12,22.55260517,46552.2222,27495.1187,912.9967,6782,3,2013-12-03,20,N,,PRISM_3D_MAGNITUDE_REPORTED
31-1992,2013-12-06,2013-12-06T19:47:39,17.92595883,46552.2219,27495.1177,913.0028,6784,2,2013-12-04,0.2,N,,PRISM_3D_MAGNITUDE_REPORTED
31-1992,2013-12-07,2013-12-07T22:56:35,23.25016129,46552.2284,27495.119,913.0029,6787,3,2013-12-05,0.6,N,,PRISM_3D_MAGNITUDE_REPORTED
31-1992,2013-12-08,2013-12-08T15:19:41,18.56098058,46552.2061,27495.1227,913.0011,6789,2,2013-12-06,8.2,N,,PRISM_3D_MAGNITUDE_REPORTED
31-1992,2013-12-10,2013-12-10T21:11:55,23.99854162,46552.2264,27495.1194,912.9989,6791,2,2013-12-08,0,N,,PRISM_3D_MAGNITUDE_REPORTED
31-1992,2013-12-11,2013-12-11T20:27:05,19.93238571,46552.2211,27495.1195,913.0002,6793,2,2013-12-09,0,N,,PRISM_3D_MAGNITUDE_REPORTED
31-1992,2013-12-13,2013-12-13T20:43:47,13.43354011,46552.2126,27495.1189,913.0043,6794,1,2013-12-11,0,N,,PRISM_3D_MAGNITUDE_REPORTED
31-1992,2013-12-14,2013-12-14T19:36:04,15.73213272,46552.223,27495.1175,913.0105,6796,2,2013-12-12,0,N,,PRISM_3D_MAGNITUDE_REPORTED
31-1992,2013-12-16,2013-12-16T20:10:39,27.41331793,46552.229,27495.121,912.9973,6798,2,2013-12-14,0,N,,PRISM_3D_MAGNITUDE_REPORTED
31-1992,2013-12-17,2013-12-17T13:35:16,15.35089574,46552.2146,27495.1197,913.003,6799,1,2013-12-15,0,N,,PRISM_3D_MAGNITUDE_REPORTED
31-1992,2013-12-18,2013-12-18T20:53:09,10.38171469,46552.2073,27495.1185,913.0162,6800,1,2013-12-16,1.6,N,,PRISM_3D_MAGNITUDE_REPORTED
31-1992,2013-12-19,2013-12-19T18:07:44,36.00958206,46552.2221,27495.1232,912.9822,6802,2,2013-12-17,0,N,,PRISM_3D_MAGNITUDE_REPORTED
31-1992,2013-12-20,2013-12-20T19:01:24,21.99772716,46552.2254,27495.1205,913.0023,6806,4,2013-12-18,0,N,,PRISM_3D_MAGNITUDE_REPORTED
31-1992,2013-12-21,2013-12-21T22:22:26,20.89090711,46552.2187,27495.1215,912.9987,6810,4,2013-12-19,0,N,,PRISM_3D_MAGNITUDE_REPORTED
31-1992,2013-12-22,2013-12-22T20:31:56,23.38567938,46552.2238,27495.1224,912.9997,6813,3,2013-12-20,0,N,,PRISM_3D_MAGNITUDE_REPORTED
31-1992,2013-12-23,2013-12-23T18:49:15,20.62934803,46552.2212,27495.1213,913.0008,6816,3,2013-12-21,0,N,,PRISM_3D_MAGNITUDE_REPORTED
31-1992,2013-12-24,2013-12-24T18:48:25,18.40380396,46552.2225,27495.1203,913.0056,6820,4,2013-12-22,0,N,,PRISM_3D_MAGNITUDE_REPORTED
31-1992,2013-12-25,2013-12-25T19:25:55,18.62390936,46552.2164,27495.122,913.0013,6824,4,2013-12-23,0,N,,PRISM_3D_MAGNITUDE_REPORTED
31-1992,2013-12-26,2013-12-26T19:53:05,17.59829537,46552.2175,27495.1217,913.0034,6828,4,2013-12-24,0.2,N,,PRISM_3D_MAGNITUDE_REPORTED
31-1992,2013-12-27,2013-12-27T22:40:39,22.23825533,46552.2237,27495.1223,913.0016,6832,4,2013-12-25,0,N,,PRISM_3D_MAGNITUDE_REPORTED
31-1992,2013-12-28,2013-12-28T23:11:38,19.10942176,46552.2184,27495.1225,913.0024,6836,4,2013-12-26,0,N,,PRISM_3D_MAGNITUDE_REPORTED
31-1992,2013-12-29,2013-12-29T18:06:35,23.25639697,46552.2206,27495.1215,912.9965,6838,2,2013-12-27,0,N,,PRISM_3D_MAGNITUDE_REPORTED
31-1992,2013-12-30,2013-12-30T19:41:04,20.18588616,46552.2165,27495.1231,913.0001,6842,4,2013-12-28,0,N,,PRISM_3D_MAGNITUDE_REPORTED
31-1992,2013-12-31,2013-12-31T21:00:01,23.06794313,46552.2232,27495.1232,913.0005,6846,4,2013-12-29,,,,PRISM_3D_MAGNITUDE_REPORTED
31-1992,2014-01-01,2014-01-01T22:12:20,20.08108563,46552.224,27495.1225,913.008,6850,4,2013-12-30,12,N,,PRISM_3D_MAGNITUDE_REPORTED
31-1992,2014-01-02,2014-01-02T19:09:02,21.0746293,46552.2215,27495.1232,913.0025,6852,2,2013-12-31,3.6,N,,PRISM_3D_MAGNITUDE_REPORTED
31-1992,2014-01-03,2014-01-03T19:39:31,19.34218188,46552.2204,27495.1226,913.004,6855,3,2014-01-01,0,N,,PRISM_3D_MAGNITUDE_REPORTED
31-1992,2014-01-04,2014-01-04T17:52:47,35.329591,46552.2356,27495.1241,912.9939,6858,3,2014-01-02,0,N,,PRISM_3D_MAGNITUDE_REPORTED
31-1992,2014-01-05,2014-01-05T22:13:17,23.93115125,46552.2279,27495.1215,913.0032,6861,3,2014-01-03,0,N,,PRISM_3D_MAGNITUDE_REPORTED
31-1992,2014-01-06,2014-01-06T23:42:30,28.61415734,46552.2292,27495.1252,912.9993,6865,4,2014-01-04,0,N,,PRISM_3D_MAGNITUDE_REPORTED
31-1992,2014-01-07,2014-01-07T21:05:01,23.16117441,46552.2238,27495.124,913.002,6868,3,2014-01-05,0,N,,PRISM_3D_MAGNITUDE_REPORTED
31-1992,2014-01-08,2014-01-08T22:16:50,23.28840914,46552.2277,27495.1231,913.0075,6872,4,2014-01-06,0,N,,PRISM_3D_MAGNITUDE_REPORTED
31-1992,2014-01-09,2014-01-09T23:43:15,19.18567174,46552.2232,27495.1229,913.0122,6876,4,2014-01-07,0,N,,PRISM_3D_MAGNITUDE_REPORTED
31-1992,2014-01-10,2014-01-10T19:07:44,19.87611632,46552.2165,27495.1249,913.003,6879,3,2014-01-08,0,N,,PRISM_3D_MAGNITUDE_REPORTED
31-1992,2014-01-11,2014-01-11T21:50:01,17.48656627,46552.2143,27495.1242,913.0055,6882,3,2014-01-09,0.6,N,,PRISM_3D_MAGNITUDE_REPORTED
31-1992,2014-01-12,2014-01-12T23:42:39,24.42232585,46552.2264,27495.1247,913.004,6884,2,2014-01-10,1.6,N,,PRISM_3D_MAGNITUDE_REPORTED
31-1992,2014-01-13,2014-01-13T16:51:49,24.73277178,46552.2289,27495.1239,913.0073,6886,2,2014-01-11,29.2,N,,PRISM_3D_MAGNITUDE_REPORTED
31-1992,2014-01-14,2014-01-14T00:01:21,25.36572491,46552.2295,27495.1244,913.0079,6887,1,2014-01-12,20,N,,PRISM_3D_MAGNITUDE_REPORTED
31-1992,2014-01-15,2014-01-15T20:09:17,29.1187225,46552.2322,27495.1231,913.0255,6889,2,2014-01-13,0.2,N,,PRISM_3D_MAGNITUDE_REPORTED
31-1992,2014-01-16,2014-01-16T20:16:19,27.3987226,46552.2273,27495.1268,913.0014,6892,3,2014-01-14,0.8,N,,PRISM_3D_MAGNITUDE_REPORTED
31-1992,2014-01-17,2014-01-17T19:55:59,25.63708252,46552.2229,27495.1292,913.0039,6895,3,2014-01-15,11,N,,PRISM_3D_MAGNITUDE_REPORTED
31-1992,2014-01-18,2014-01-18T19:40:26,29.73230566,46552.2251,27495.129,912.997,6898,3,2014-01-16,15.4,N,,PRISM_3D_MAGNITUDE_REPORTED
31-1992,2014-01-19,2014-01-19T19:39:05,26.50490521,46552.2237,27495.1289,913.0021,6901,3,2014-01-17,2,N,,PRISM_3D_MAGNITUDE_REPORTED
31-1992,2014-01-20,2014-01-20T23:48:22,23.05775358,46552.2153,27495.1296,913.0041,6904,3,2014-01-18,0.2,N,,PRISM_3D_MAGNITUDE_REPORTED
31-1992,2014-01-21,2014-01-21T21:08:36,32.83077824,46552.2269,27495.1303,912.9946,6905,1,2014-01-19,17.6,N,,PRISM_3D_MAGNITUDE_REPORTED
31-1992,2014-01-22,2014-01-22T21:46:45,28.08593954,46552.2291,27495.129,913.0081,6906,1,2014-01-20,0,N,,PRISM_3D_MAGNITUDE_REPORTED
31-1992,2014-01-23,2014-01-23T22:08:24,24.54730128,46552.2187,27495.1302,913.0042,6908,2,2014-01-21,0,N,,PRISM_3D_MAGNITUDE_REPORTED
31-1992,2014-01-24,2014-01-24T12:07:07,20.28250478,46552.2133,27495.129,913.0137,6910,2,2014-01-22,10.4,N,,PRISM_3D_MAGNITUDE_REPORTED
31-1992,2014-01-26,2014-01-26T19:29:12,30.11776884,46552.2228,27495.135,913.0048,6911,1,2014-01-24,0,N,,PRISM_3D_MAGNITUDE_REPORTED
31-1992,2014-01-27,2014-01-27T01:54:48,31.75988035,46552.2254,27495.1358,913.0057,6912,1,2014-01-25,0,N,,PRISM_3D_MAGNITUDE_REPORTED
31-1992,2014-01-28,2014-01-28T18:45:34,45.46614125,46552.2398,27495.1378,912.9943,6913,1,2014-01-26,35,N,,PRISM_3D_MAGNITUDE_REPORTED
31-1992,2014-01-29,2014-01-29T18:39:15,39.01294657,46552.2326,27495.1388,913.0019,6916,3,2014-01-27,24.8,N,,PRISM_3D_MAGNITUDE_REPORTED
31-1992,2014-01-30,2014-01-30T21:33:20,50.38710153,46552.2513,27495.1371,913.0064,6920,4,2014-01-28,0.8,N,,PRISM_3D_MAGNITUDE_REPORTED
31-1992,2014-01-31,2014-01-31T22:46:23,43.54503416,46552.2376,27495.1394,912.9985,6923,3,2014-01-29,0,N,,PRISM_3D_MAGNITUDE_REPORTED
31-1992,2014-02-01,2014-02-01T20:52:35,42.80677517,46552.2396,27495.1395,913.0079,6925,2,2014-01-30,0,N,,PRISM_3D_MAGNITUDE_REPORTED
31-1992,2014-02-02,2014-02-02T11:54:09,48.5700525,46552.2447,27495.1404,913,6927,2,2014-01-31,0,N,,PRISM_3D_MAGNITUDE_REPORTED
31-1992,2014-02-04,2014-02-04T17:03:10,43.56787807,46552.2374,27495.1406,913.0008,6928,1,2014-02-02,0,N,,PRISM_3D_MAGNITUDE_REPORTED
31-1992,2014-02-05,2014-02-05T00:32:31,49.30608482,46552.2469,27495.1402,913.0032,6929,1,2014-02-03,19.2,N,,PRISM_3D_MAGNITUDE_REPORTED
31-1992,2014-02-06,2014-02-06T23:19:45,41.18312761,46552.2368,27495.14,913.0089,6931,2,2014-02-04,8.6,N,,PRISM_3D_MAGNITUDE_REPORTED
31-1992,2014-02-07,2014-02-07T15:10:09,39.38261038,46552.2307,27495.1413,913.0041,6933,2,2014-02-05,0,N,,PRISM_3D_MAGNITUDE_REPORTED
31-1992,2014-02-08,2014-02-08T21:19:38,38.60064767,46552.2323,27495.1404,913.0104,6936,3,2014-02-06,0.4,N,,PRISM_3D_MAGNITUDE_REPORTED
31-1992,2014-02-09,2014-02-09T21:42:04,38.82486317,46552.2343,27495.1392,913.0152,6938,2,2014-02-07,1.6,N,,PRISM_3D_MAGNITUDE_REPORTED
31-1992,2014-02-10,2014-02-10T20:33:35,43.11449872,46552.2391,27495.1408,913.0121,6940,2,2014-02-08,3.4,N,,PRISM_3D_MAGNITUDE_REPORTED
31-1992,2014-02-11,2014-02-11T19:05:13,49.19735765,46552.2421,27495.1456,913.0059,6942,2,2014-02-09,0.8,N,,PRISM_3D_MAGNITUDE_REPORTED
31-1992,2014-02-12,2014-02-12T21:07:53,53.88144393,46552.2461,27495.1474,913.0018,6945,3,2014-02-10,29,N,,PRISM_3D_MAGNITUDE_REPORTED
31-1992,2014-02-13,2014-02-13T22:21:28,55.93871647,46552.2467,27495.149,912.9995,6948,3,2014-02-11,8.4,N,,PRISM_3D_MAGNITUDE_REPORTED
31-1992,2014-02-14,2014-02-14T21:57:43,57.86855796,46552.2496,27495.1496,913.0015,6951,3,2014-02-12,20.6,N,,PRISM_3D_MAGNITUDE_REPORTED
31-1992,2014-02-15,2014-02-15T14:10:09,53.67839417,46552.2448,27495.1493,913.0062,6953,2,2014-02-13,0.2,N,,PRISM_3D_MAGNITUDE_REPORTED
31-1992,2014-02-16,2014-02-16T17:47:56,74.6645833,46552.263,27495.1612,913.0066,6954,1,2014-02-14,0,N,,PRISM_3D_MAGNITUDE_REPORTED
31-1992,2014-02-17,2014-02-17T04:09:21,73.43970316,46552.2605,27495.1623,913.0115,6955,1,2014-02-15,0,N,,PRISM_3D_MAGNITUDE_REPORTED
31-1992,2014-02-18,2014-02-18T23:31:25,77.81831404,46552.2637,27495.165,913.007,6957,2,2014-02-16,115,N,,PRISM_3D_MAGNITUDE_REPORTED
31-1992,2014-02-19,2014-02-19T17:26:25,84.81638992,46552.2749,27495.1635,913.0096,6959,2,2014-02-17,6,N,,PRISM_3D_MAGNITUDE_REPORTED
31-1992,2014-02-20,2014-02-20T07:57:30,78.69243928,46552.2648,27495.1651,913.0065,6960,1,2014-02-18,0,N,,PRISM_3D_MAGNITUDE_REPORTED
31-2002,2013-11-20,2013-11-20T17:55:01,0,46618.318,27477.677,900.965,6332,1,2013-11-18,0,N,,PRISM_3D_MAGNITUDE_REPORTED
31-2002,2013-11-28,2013-11-28T14:43:06,19.6468827,46618.315,27477.681,900.946,6333,1,2013-11-26,0,N,,PRISM_3D_MAGNITUDE_REPORTED
31-2002,2013-11-29,2013-11-29T04:14:21,11.44552314,46618.311,27477.678,900.956,6334,1,2013-11-27,0,N,,PRISM_3D_MAGNITUDE_REPORTED
31-2002,2013-11-30,2013-11-30T07:21:46,10.04987562,46618.319,27477.677,900.955,6335,1,2013-11-28,0,N,,PRISM_3D_MAGNITUDE_REPORTED
31-2002,2013-12-01,2013-12-01T20:33:09,6.810286337,46618.3238,27477.6777,900.9615,6337,2,2013-11-29,0,N,,PRISM_3D_MAGNITUDE_REPORTED
31-2002,2013-12-02,2013-12-02T17:59:15,10.16070864,46618.312,27477.6788,900.957,6339,2,2013-11-30,0,N,,PRISM_3D_MAGNITUDE_REPORTED
31-2002,2013-12-03,2013-12-03T21:49:19,15.64288976,46618.3191,27477.6813,900.95,6341,2,2013-12-01,0,N,,PRISM_3D_MAGNITUDE_REPORTED
31-2002,2013-12-04,2013-12-04T23:45:06,9.161331781,46618.3168,27477.6813,900.957,6343,2,2013-12-02,0,N,,PRISM_3D_MAGNITUDE_REPORTED
31-2002,2013-12-05,2013-12-05T23:27:12,13.7698947,46618.3174,27477.6812,900.9519,6346,3,2013-12-03,20,N,,PRISM_3D_MAGNITUDE_REPORTED
31-2002,2013-12-06,2013-12-06T19:47:39,9.523129737,46618.316,27477.6808,900.9565,6348,2,2013-12-04,0.2,N,,PRISM_3D_MAGNITUDE_REPORTED
31-2002,2013-12-07,2013-12-07T22:56:35,9.996499389,46618.3254,27477.6816,900.9601,6351,3,2013-12-05,0.6,N,,PRISM_3D_MAGNITUDE_REPORTED
31-2002,2013-12-08,2013-12-08T15:19:41,16.0623784,46618.3082,27477.6834,900.954,6353,2,2013-12-06,8.2,N,,PRISM_3D_MAGNITUDE_REPORTED
31-2002,2013-12-10,2013-12-10T21:11:55,15.1095996,46618.3202,27477.6825,900.9511,6355,2,2013-12-08,0,N,,PRISM_3D_MAGNITUDE_REPORTED
31-2002,2013-12-11,2013-12-11T20:27:05,19.17420142,46618.326,27477.6823,900.9484,6357,2,2013-12-09,0,N,,PRISM_3D_MAGNITUDE_REPORTED
31-2002,2013-12-13,2013-12-13T20:43:47,17.33060876,46618.3219,27477.6837,900.9495,6358,1,2013-12-11,0,N,,PRISM_3D_MAGNITUDE_REPORTED
31-2002,2013-12-14,2013-12-14T19:36:04,12.71613149,46618.3245,27477.6829,900.9558,6360,2,2013-12-12,0,N,,PRISM_3D_MAGNITUDE_REPORTED
31-2002,2013-12-16,2013-12-16T20:31:41,16.16508583,46618.3205,27477.6845,900.9509,6362,2,2013-12-14,0,N,,PRISM_3D_MAGNITUDE_REPORTED
31-2002,2013-12-17,2013-12-17T13:35:16,10.88025735,46618.3134,27477.6829,900.9571,6363,1,2013-12-15,0,N,,PRISM_3D_MAGNITUDE_REPORTED
31-2002,2013-12-18,2013-12-18T20:53:09,9.834632684,46618.3094,27477.681,900.9676,6364,1,2013-12-16,1.6,N,,PRISM_3D_MAGNITUDE_REPORTED
31-2002,2013-12-19,2013-12-19T18:07:44,28.49526276,46618.3181,27477.6864,900.9381,6366,2,2013-12-17,0,N,,PRISM_3D_MAGNITUDE_REPORTED
31-2002,2013-12-20,2013-12-20T19:01:24,13.45399569,46618.3242,27477.6841,900.9554,6370,4,2013-12-18,0,N,,PRISM_3D_MAGNITUDE_REPORTED
31-2002,2013-12-21,2013-12-21T22:22:26,14.78005413,46618.3085,27477.6836,900.9558,6374,4,2013-12-19,0,N,,PRISM_3D_MAGNITUDE_REPORTED
31-2002,2013-12-22,2013-12-22T20:31:56,10.00299955,46618.3185,27477.6845,900.9584,6377,3,2013-12-20,0,N,,PRISM_3D_MAGNITUDE_REPORTED
31-2002,2013-12-23,2013-12-23T18:49:15,13.82353066,46618.3213,27477.6844,900.9538,6380,3,2013-12-21,0,N,,PRISM_3D_MAGNITUDE_REPORTED
31-2002,2013-12-24,2013-12-24T18:48:25,11.73371211,46618.3156,27477.6836,900.9556,6384,4,2013-12-22,0,N,,PRISM_3D_MAGNITUDE_REPORTED
31-2002,2013-12-25,2013-12-25T19:25:55,16.46268508,46618.3187,27477.6853,900.9508,6388,4,2013-12-23,0,N,,PRISM_3D_MAGNITUDE_REPORTED
31-2002,2013-12-26,2013-12-26T19:53:05,19.14836808,46618.3199,27477.6858,900.9481,6392,4,2013-12-24,0.2,N,,PRISM_3D_MAGNITUDE_REPORTED
31-2002,2013-12-27,2013-12-27T22:40:39,15.79208663,46618.3199,27477.6853,900.9517,6396,4,2013-12-25,0,N,,PRISM_3D_MAGNITUDE_REPORTED
31-2002,2013-12-28,2013-12-28T23:11:38,16.42284994,46618.3219,27477.6855,900.9515,6400,4,2013-12-26,0,N,,PRISM_3D_MAGNITUDE_REPORTED
31-2002,2013-12-29,2013-12-29T18:06:35,23.54272711,46618.3267,27477.6849,900.9446,6403,3,2013-12-27,0,N,,PRISM_3D_MAGNITUDE_REPORTED
31-2002,2013-12-30,2013-12-30T19:41:04,21.05706532,46618.311,27477.6862,900.9474,6407,4,2013-12-28,0,N,,PRISM_3D_MAGNITUDE_REPORTED
31-2002,2013-12-31,2013-12-31T21:00:01,19.40335023,46618.3176,27477.6867,900.9482,6411,4,2013-12-29,,,,PRISM_3D_MAGNITUDE_REPORTED
31-2002,2014-01-01,2014-01-01T22:32:43,9.57914401,46618.3136,27477.6844,900.9608,6415,4,2013-12-30,12,N,,PRISM_3D_MAGNITUDE_REPORTED
31-2002,2014-01-02,2014-01-02T19:29:21,13.81629473,46618.319,27477.6853,900.954,6417,2,2013-12-31,3.6,N,,PRISM_3D_MAGNITUDE_REPORTED
31-2002,2014-01-03,2014-01-03T19:39:31,15.05024917,46618.3159,27477.6857,900.9529,6420,3,2014-01-01,0,N,,PRISM_3D_MAGNITUDE_REPORTED
31-2002,2014-01-04,2014-01-04T18:00:01,24.51856439,46618.331,27477.6874,900.947,6423,3,2014-01-02,0,N,,PRISM_3D_MAGNITUDE_REPORTED
31-2002,2014-01-05,2014-01-05T22:13:17,12.63803782,46618.3196,27477.684,900.9546,6426,3,2014-01-03,0,N,,PRISM_3D_MAGNITUDE_REPORTED
31-2002,2014-01-06,2014-01-06T23:42:30,20.20989856,46618.323,27477.688,900.9488,6430,4,2014-01-04,0,N,,PRISM_3D_MAGNITUDE_REPORTED
31-2002,2014-01-07,2014-01-07T21:05:01,14.97898528,46618.3187,27477.6862,900.9532,6433,3,2014-01-05,0,N,,PRISM_3D_MAGNITUDE_REPORTED
31-2002,2014-01-08,2014-01-08T22:16:50,11.77879451,46618.3225,27477.6855,900.9582,6437,4,2014-01-06,0,N,,PRISM_3D_MAGNITUDE_REPORTED
31-2002,2014-01-09,2014-01-09T23:43:15,13.2939836,46618.3233,27477.6862,900.957,6441,4,2014-01-07,0,N,,PRISM_3D_MAGNITUDE_REPORTED
31-2002,2014-01-10,2014-01-10T19:07:44,18.62498322,46618.3079,27477.6868,900.9528,6444,3,2014-01-08,0,N,,PRISM_3D_MAGNITUDE_REPORTED
31-2002,2014-01-11,2014-01-11T21:50:01,20.96902477,46618.3221,27477.6878,900.9475,6447,3,2014-01-09,0.6,N,,PRISM_3D_MAGNITUDE_REPORTED
31-2002,2014-01-12,2014-01-12T23:42:39,20.17671926,46618.3187,27477.688,900.9481,6449,2,2014-01-10,1.6,N,,PRISM_3D_MAGNITUDE_REPORTED
31-2002,2014-01-13,2014-01-13T17:13:06,14.89966443,46618.319,27477.687,900.954,6451,2,2014-01-11,29.2,N,,PRISM_3D_MAGNITUDE_REPORTED
31-2002,2014-01-14,2014-01-14T00:01:21,16.6171598,46618.3127,27477.6872,900.953,6452,1,2014-01-12,20,N,,PRISM_3D_MAGNITUDE_REPORTED
31-2002,2014-01-15,2014-01-15T20:09:17,15.54670383,46618.3161,27477.6867,900.953,6454,2,2014-01-13,0.2,N,,PRISM_3D_MAGNITUDE_REPORTED
31-2002,2014-01-16,2014-01-16T20:16:19,14.43779762,46618.3159,27477.687,900.9548,6457,3,2014-01-14,0.8,N,,PRISM_3D_MAGNITUDE_REPORTED
31-2002,2014-01-17,2014-01-17T19:55:59,16.53632366,46618.3161,27477.6892,900.954,6460,3,2014-01-15,11,N,,PRISM_3D_MAGNITUDE_REPORTED
31-2002,2014-01-18,2014-01-18T19:40:26,18.47755395,46618.3178,27477.6887,900.9507,6463,3,2014-01-16,15.4,N,,PRISM_3D_MAGNITUDE_REPORTED
31-2002,2014-01-19,2014-01-19T19:39:05,14.33910736,46618.3161,27477.688,900.956,6466,3,2014-01-17,2,N,,PRISM_3D_MAGNITUDE_REPORTED
31-2002,2014-01-20,2014-01-20T23:48:22,16.99441085,46618.3129,27477.6896,900.9548,6469,3,2014-01-18,0.2,N,,PRISM_3D_MAGNITUDE_REPORTED
31-2002,2014-01-21,2014-01-21T21:08:36,16.4541788,46618.3132,27477.6889,900.9547,6470,1,2014-01-19,17.6,N,,PRISM_3D_MAGNITUDE_REPORTED
31-2002,2014-01-22,2014-01-22T21:46:45,16.15085137,46618.3206,27477.6898,900.9555,6471,1,2014-01-20,0,N,,PRISM_3D_MAGNITUDE_REPORTED
31-2002,2014-01-23,2014-01-23T22:08:24,17.75330955,46618.3166,27477.6901,900.9531,6473,2,2014-01-21,0,N,,PRISM_3D_MAGNITUDE_REPORTED
31-2002,2014-01-24,2014-01-24T18:37:57,14.74720313,46618.318,27477.6908,900.9598,6476,3,2014-01-22,10.4,N,,PRISM_3D_MAGNITUDE_REPORTED
31-2002,2014-01-25,2014-01-25T21:41:26,23.29141473,46618.3112,27477.6925,900.949,6480,4,2014-01-23,0.2,N,,PRISM_3D_MAGNITUDE_REPORTED
31-2002,2014-01-26,2014-01-26T19:29:12,18.8902091,46618.3232,27477.6916,900.9542,6481,1,2014-01-24,0,N,,PRISM_3D_MAGNITUDE_REPORTED
31-2002,2014-01-28,2014-01-28T18:45:34,27.55739466,46618.3331,27477.6932,900.9486,6482,1,2014-01-26,35,N,,PRISM_3D_MAGNITUDE_REPORTED
31-2002,2014-01-29,2014-01-29T18:39:15,17.70536642,46618.3234,27477.6926,900.9586,6484,2,2014-01-27,24.8,N,,PRISM_3D_MAGNITUDE_REPORTED
31-2002,2014-01-30,2014-01-30T21:33:20,30.62319382,46618.3348,27477.6947,900.9465,6488,4,2014-01-28,0.8,N,,PRISM_3D_MAGNITUDE_REPORTED
31-2002,2014-01-31,2014-01-31T22:46:23,26.37669426,46618.3317,27477.694,900.9502,6492,4,2014-01-29,0,N,,PRISM_3D_MAGNITUDE_REPORTED
31-2002,2014-02-01,2014-02-01T20:52:35,26.00711441,46618.3365,27477.6944,900.9594,6494,2,2014-01-30,0,N,,PRISM_3D_MAGNITUDE_REPORTED
31-2002,2014-02-02,2014-02-02T11:54:09,22.08279874,46618.3274,27477.6943,900.955,6496,2,2014-01-31,0,N,,PRISM_3D_MAGNITUDE_REPORTED
31-2002,2014-02-04,2014-02-04T17:03:10,21.06845984,46618.3268,27477.694,900.9562,6497,1,2014-02-02,0,N,,PRISM_3D_MAGNITUDE_REPORTED
31-2002,2014-02-05,2014-02-05T00:32:31,27.82103521,46618.3296,27477.6959,900.9482,6498,1,2014-02-03,19.2,N,,PRISM_3D_MAGNITUDE_REPORTED
31-2002,2014-02-06,2014-02-06T23:39:42,19.46124354,46618.3205,27477.6938,900.9555,6500,2,2014-02-04,8.6,N,,PRISM_3D_MAGNITUDE_REPORTED
31-2002,2014-02-07,2014-02-07T15:10:09,21.01071155,46618.32,27477.6946,900.9537,6502,2,2014-02-05,0,N,,PRISM_3D_MAGNITUDE_REPORTED
31-2002,2014-02-08,2014-02-08T21:19:38,17.04347382,46618.3174,27477.6934,900.9604,6505,3,2014-02-06,0.4,N,,PRISM_3D_MAGNITUDE_REPORTED
31-2002,2014-02-09,2014-02-09T21:42:04,27.24444898,46618.3179,27477.6955,900.945,6508,3,2014-02-07,1.6,N,,PRISM_3D_MAGNITUDE_REPORTED
31-2002,2014-02-10,2014-02-10T20:33:35,15.98686961,46618.3194,27477.6929,900.9641,6511,3,2014-02-08,3.4,N,,PRISM_3D_MAGNITUDE_REPORTED
31-2002,2014-02-11,2014-02-11T19:05:13,17.85805141,46618.3205,27477.6941,900.9605,6513,2,2014-02-09,0.8,N,,PRISM_3D_MAGNITUDE_REPORTED
31-2002,2014-02-12,2014-02-12T21:07:53,19.71319355,46618.3268,27477.6944,900.9621,6516,3,2014-02-10,29,N,,PRISM_3D_MAGNITUDE_REPORTED
31-2002,2014-02-13,2014-02-13T22:21:28,24.97078293,46618.3228,27477.6969,900.9507,6519,3,2014-02-11,8.4,N,,PRISM_3D_MAGNITUDE_REPORTED
31-2002,2014-02-14,2014-02-14T21:57:43,21.68363438,46618.3225,27477.6963,900.9562,6522,3,2014-02-12,20.6,N,,PRISM_3D_MAGNITUDE_REPORTED
31-2002,2014-02-15,2014-02-15T14:10:09,25.64254278,46618.3216,27477.6977,900.9503,6524,2,2014-02-13,0.2,N,,PRISM_3D_MAGNITUDE_REPORTED
31-2002,2014-02-16,2014-02-16T17:47:56,19.20494728,46618.3231,27477.6951,900.9689,6525,1,2014-02-14,0,N,,PRISM_3D_MAGNITUDE_REPORTED
31-2002,2014-02-17,2014-02-17T04:09:21,19.40747279,46618.3208,27477.6961,900.963,6526,1,2014-02-15,0,N,,PRISM_3D_MAGNITUDE_REPORTED
31-2002,2014-02-18,2014-02-18T23:31:25,24.36472861,46618.323,27477.699,900.9558,6528,2,2014-02-16,115,N,,PRISM_3D_MAGNITUDE_REPORTED
31-2002,2014-02-19,2014-02-19T17:26:25,28.06385576,46618.3367,27477.6975,900.9608,6530,2,2014-02-17,6,N,,PRISM_3D_MAGNITUDE_REPORTED
31-2002,2014-02-20,2014-02-20T08:04:52,23.49340333,46618.3239,27477.6987,900.9582,6531,1,2014-02-18,0,N,,PRISM_3D_MAGNITUDE_REPORTED
31-2004,2013-11-20,2013-11-20T18:16:15,0,46531.887,27518.591,901.188,6532,1,2013-11-18,0,N,,PRISM_3D_MAGNITUDE_REPORTED
31-2004,2013-11-28,2013-11-28T14:43:06,24.35159133,46531.867,27518.603,901.181,6533,1,2013-11-26,0,N,,PRISM_3D_MAGNITUDE_REPORTED
31-2004,2013-12-01,2013-12-01T12:31:35,15.02564475,46531.8729,27518.596,901.1866,6534,1,2013-11-29,0,N,,PRISM_3D_MAGNITUDE_REPORTED
31-2004,2013-12-02,2013-12-02T17:59:15,35.87603657,46531.8798,27518.5829,901.2222,6535,1,2013-11-30,0,N,,PRISM_3D_MAGNITUDE_REPORTED
31-2004,2013-12-03,2013-12-03T22:09:54,7.291090459,46531.8806,27518.5902,901.1846,6537,2,2013-12-01,0,N,,PRISM_3D_MAGNITUDE_REPORTED
31-2004,2013-12-04,2013-12-04T15:04:27,15.09337603,46531.8754,27518.6003,901.1854,6538,1,2013-12-02,0,N,,PRISM_3D_MAGNITUDE_REPORTED
31-2004,2013-12-05,2013-12-05T15:29:16,7.598026063,46531.8832,27518.597,901.1853,6540,2,2013-12-03,20,N,,PRISM_3D_MAGNITUDE_REPORTED
31-2004,2013-12-06,2013-12-06T11:44:35,20.30591047,46531.8696,27518.6009,901.1846,6541,1,2013-12-04,0.2,N,,PRISM_3D_MAGNITUDE_REPORTED
31-2004,2013-12-07,2013-12-07T14:48:41,23.36107874,46531.8648,27518.5979,901.1903,6543,2,2013-12-05,0.6,N,,PRISM_3D_MAGNITUDE_REPORTED
31-2004,2013-12-08,2013-12-08T15:39:11,18.31638611,46531.8722,27518.6017,901.1894,6544,1,2013-12-06,8.2,N,,PRISM_3D_MAGNITUDE_REPORTED
31-2004,2013-12-10,2013-12-10T12:19:50,27.65158224,46531.8664,27518.6065,901.178,6545,1,2013-12-08,0,N,,PRISM_3D_MAGNITUDE_REPORTED
31-2004,2013-12-11,2013-12-11T20:58:30,63.15837237,46531.8686,27518.5831,901.2479,6547,2,2013-12-09,0,N,,PRISM_3D_MAGNITUDE_REPORTED
31-2004,2013-12-14,2013-12-14T13:58:16,21.63446325,46531.8748,27518.6085,901.1844,6548,1,2013-12-12,0,N,,PRISM_3D_MAGNITUDE_REPORTED
31-2004,2013-12-17,2013-12-17T13:55:20,17.39913791,46531.891,27518.6077,901.1852,6549,1,2013-12-15,0,N,,PRISM_3D_MAGNITUDE_REPORTED
31-2004,2013-12-22,2013-12-22T14:40:12,21.84238998,46531.8745,27518.6088,901.19,6550,1,2013-12-20,0,N,,PRISM_3D_MAGNITUDE_REPORTED
31-2004,2013-12-23,2013-12-23T12:26:35,24.06927502,46531.8737,27518.6098,901.195,6551,1,2013-12-21,0,N,,PRISM_3D_MAGNITUDE_REPORTED
31-2004,2013-12-27,2013-12-27T16:31:54,20.09527308,46531.8909,27518.6104,901.1845,6552,1,2013-12-25,0,N,,PRISM_3D_MAGNITUDE_REPORTED
31-2004,2013-12-30,2013-12-30T13:22:38,22.26634231,46531.8777,27518.6111,901.1857,6553,1,2013-12-28,0,N,,PRISM_3D_MAGNITUDE_REPORTED
31-2004,2013-12-31,2013-12-31T14:47:51,22.51888097,46531.8759,27518.6093,901.195,6555,2,2013-12-29,,,,PRISM_3D_MAGNITUDE_REPORTED
31-2004,2014-01-01,2014-01-01T16:06:33,31.87820572,46531.864,27518.6119,901.1951,6556,1,2013-12-30,12,N,,PRISM_3D_MAGNITUDE_REPORTED
31-2004,2014-01-07,2014-01-07T14:29:05,23.52403027,46531.8905,27518.6142,901.1863,6557,1,2014-01-05,0,N,,PRISM_3D_MAGNITUDE_REPORTED
31-2004,2014-01-08,2014-01-08T16:00:37,27.91021318,46531.8802,27518.6167,901.1795,6558,1,2014-01-06,0,N,,PRISM_3D_MAGNITUDE_REPORTED
31-2004,2014-01-11,2014-01-11T15:20:37,32.22592124,46531.8681,27518.6171,901.1883,6559,1,2014-01-09,0.6,N,,PRISM_3D_MAGNITUDE_REPORTED
31-2004,2014-01-15,2014-01-15T12:23:25,60.17690587,46531.8745,27518.6036,901.2455,6560,1,2014-01-13,0.2,N,,PRISM_3D_MAGNITUDE_REPORTED
31-2004,2014-01-16,2014-01-16T12:38:37,28.52402496,46531.8783,27518.6173,901.1948,6561,1,2014-01-14,0.8,N,,PRISM_3D_MAGNITUDE_REPORTED
31-2004,2014-01-17,2014-01-17T12:19:45,33.77528682,46531.8758,27518.6168,901.2067,6562,1,2014-01-15,11,N,,PRISM_3D_MAGNITUDE_REPORTED
31-2004,2014-01-18,2014-01-18T11:56:42,85.99517428,46531.8788,27518.6027,901.2728,6563,1,2014-01-16,15.4,N,,PRISM_3D_MAGNITUDE_REPORTED
31-2004,2014-01-19,2014-01-19T11:54:20,100.8712546,46531.8721,27518.6016,901.2872,6564,1,2014-01-17,2,N,,PRISM_3D_MAGNITUDE_REPORTED
31-2004,2014-01-23,2014-01-23T15:40:46,36.74914965,46531.8806,27518.6237,901.2035,6565,1,2014-01-21,0,N,,PRISM_3D_MAGNITUDE_REPORTED
31-2004,2014-01-25,2014-01-25T15:11:06,50.7004931,46531.8589,27518.6332,901.1883,6566,1,2014-01-23,0.2,N,,PRISM_3D_MAGNITUDE_REPORTED
31-2004,2014-01-30,2014-01-30T15:03:30,46.2709412,46531.877,27518.636,901.184,6567,1,2014-01-28,0.8,N,,PRISM_3D_MAGNITUDE_REPORTED
31-2004,2014-01-31,2014-01-31T16:36:18,47.06389274,46531.8804,27518.6374,901.1837,6568,1,2014-01-29,0,N,,PRISM_3D_MAGNITUDE_REPORTED
31-2004,2014-02-02,2014-02-02T11:54:09,46.74762026,46531.8881,27518.6377,901.1862,6569,1,2014-01-31,0,N,,PRISM_3D_MAGNITUDE_REPORTED
31-2004,2014-02-06,2014-02-06T14:59:09,54.20424338,46531.8795,27518.6281,901.2268,6570,1,2014-02-04,8.6,N,,PRISM_3D_MAGNITUDE_REPORTED
31-2004,2014-02-07,2014-02-07T15:10:09,48.44842619,46531.8704,27518.6365,901.1868,6571,1,2014-02-05,0,N,,PRISM_3D_MAGNITUDE_REPORTED
31-2004,2014-02-08,2014-02-08T13:13:05,42.85090431,46531.894,27518.6306,901.2028,6572,1,2014-02-06,0.4,N,,PRISM_3D_MAGNITUDE_REPORTED
31-2004,2014-02-09,2014-02-09T14:02:32,47.71865463,46531.8771,27518.6375,901.1921,6573,1,2014-02-07,1.6,N,,PRISM_3D_MAGNITUDE_REPORTED
31-2004,2014-02-13,2014-02-13T14:10:51,78.12944387,46531.8782,27518.6336,901.2529,6574,1,2014-02-11,8.4,N,,PRISM_3D_MAGNITUDE_REPORTED
31-2004,2014-02-14,2014-02-14T15:08:55,123.9398645,46531.8804,27518.6243,901.3072,6575,1,2014-02-12,20.6,N,,PRISM_3D_MAGNITUDE_REPORTED
31-2004,2014-02-15,2014-02-15T14:10:09,175.8073946,46531.8798,27518.6136,901.3622,6576,1,2014-02-13,0.2,N,,PRISM_3D_MAGNITUDE_REPORTED
31-2004,2014-02-20,2014-02-20T08:12:10,122.6905457,46531.8632,27518.6632,901.2843,6577,1,2014-02-18,0,N,,PRISM_3D_MAGNITUDE_REPORTED
31-2006,2013-11-20,2013-11-20T12:54:04,0,46454.413,27581.906,901.017,6961,1,2013-11-18,0,N,,PRISM_3D_MAGNITUDE_REPORTED
31-2006,2013-11-21,2013-11-21T20:04:44,4.472135956,46454.417,27581.906,901.015,6963,2,2013-11-19,4.2,N,,PRISM_3D_MAGNITUDE_REPORTED
31-2006,2013-11-22,2013-11-22T11:22:57,9.433981133,46454.419,27581.904,901.01,6964,1,2013-11-20,0.2,N,,PRISM_3D_MAGNITUDE_REPORTED
31-2006,2013-11-23,2013-11-23T12:10:46,9.273618497,46454.415,27581.915,901.018,6966,2,2013-11-21,0,N,,PRISM_3D_MAGNITUDE_REPORTED
31-2006,2013-11-24,2013-11-24T03:08:41,6.000000001,46454.417,27581.902,901.019,6967,1,2013-11-22,0,N,,PRISM_3D_MAGNITUDE_REPORTED
31-2006,2013-11-26,2013-11-26T21:30:04,12.4498996,46454.424,27581.909,901.012,6968,1,2013-11-24,1.8,N,,PRISM_3D_MAGNITUDE_REPORTED
31-2006,2013-11-27,2013-11-27T20:31:26,10.34408043,46454.422,27581.911,901.016,6969,1,2013-11-25,0,N,,PRISM_3D_MAGNITUDE_REPORTED
31-2006,2013-11-30,2013-11-30T18:34:18,12.34098861,46454.4229,27581.913,901.0147,6970,1,2013-11-28,0,N,,PRISM_3D_MAGNITUDE_REPORTED
31-2006,2013-12-01,2013-12-01T21:07:17,12.55786606,46454.4238,27581.9119,901.0145,6971,1,2013-11-29,0,N,,PRISM_3D_MAGNITUDE_REPORTED
31-2006,2013-12-02,2013-12-02T16:24:46,16.57226599,46454.4258,27581.9126,901.0088,6972,1,2013-11-30,0,N,,PRISM_3D_MAGNITUDE_REPORTED
31-2006,2013-12-06,2013-12-06T18:55:55,21.12202642,46454.4201,27581.9243,901.0248,6974,2,2013-12-04,0.2,N,,PRISM_3D_MAGNITUDE_REPORTED
31-2006,2013-12-07,2013-12-07T20:20:23,17.67059705,46454.4258,27581.918,901.0149,6976,2,2013-12-05,0.6,N,,PRISM_3D_MAGNITUDE_REPORTED
31-2006,2013-12-10,2013-12-10T19:17:47,18.2660888,46454.4274,27581.9158,901.0115,6977,1,2013-12-08,0,N,,PRISM_3D_MAGNITUDE_REPORTED
31-2006,2013-12-13,2013-12-13T15:52:16,17.02615635,46454.4272,27581.9143,901.0126,6978,1,2013-12-11,0,N,,PRISM_3D_MAGNITUDE_REPORTED
31-2006,2013-12-14,2013-12-14T19:21:11,19.28756076,46454.4256,27581.9206,901.0167,6979,1,2013-12-12,0,N,,PRISM_3D_MAGNITUDE_REPORTED
31-2006,2013-12-16,2013-12-16T19:17:20,18.15075756,46454.4276,27581.9158,901.0215,6981,2,2013-12-14,0,N,,PRISM_3D_MAGNITUDE_REPORTED
31-2006,2013-12-17,2013-12-17T12:45:04,17.25253604,46454.428,27581.9092,901.0249,6982,1,2013-12-15,0,N,,PRISM_3D_MAGNITUDE_REPORTED
31-2006,2013-12-18,2013-12-18T19:52:34,18.47024634,46454.4313,27581.9061,901.0195,6984,2,2013-12-16,1.6,N,,PRISM_3D_MAGNITUDE_REPORTED
31-2006,2013-12-20,2013-12-20T19:18:57,18.65073725,46454.4282,27581.916,901.0211,6985,1,2013-12-18,0,N,,PRISM_3D_MAGNITUDE_REPORTED
31-2006,2013-12-21,2013-12-21T15:59:55,22.8442553,46454.4249,27581.9177,901.0326,6986,1,2013-12-19,0,N,,PRISM_3D_MAGNITUDE_REPORTED
31-2006,2013-12-22,2013-12-22T15:48:37,23.01260524,46454.4343,27581.9125,901.0112,6988,2,2013-12-20,0,N,,PRISM_3D_MAGNITUDE_REPORTED
31-2006,2013-12-23,2013-12-23T12:35:20,19.38040247,46454.432,27581.9064,901.0132,6989,1,2013-12-21,0,N,,PRISM_3D_MAGNITUDE_REPORTED
31-2006,2013-12-24,2013-12-24T19:08:52,22.63183598,46454.431,27581.9196,901.0152,6991,2,2013-12-22,0,N,,PRISM_3D_MAGNITUDE_REPORTED
31-2006,2013-12-25,2013-12-25T13:32:30,19.10759011,46454.4312,27581.9115,901.0189,6992,1,2013-12-23,0,N,,PRISM_3D_MAGNITUDE_REPORTED
31-2006,2013-12-26,2013-12-26T19:05:55,20.69685967,46454.4334,27581.9068,901.0204,6993,1,2013-12-24,0.2,N,,PRISM_3D_MAGNITUDE_REPORTED
31-2006,2013-12-28,2013-12-28T01:12:08,21.0964452,46454.431,27581.9169,901.0155,6994,1,2013-12-26,0,N,,PRISM_3D_MAGNITUDE_REPORTED
31-2006,2013-12-29,2013-12-29T16:08:47,32.34887942,46454.4249,27581.9082,901.047,6996,2,2013-12-27,0,N,,PRISM_3D_MAGNITUDE_REPORTED
31-2006,2013-12-30,2013-12-30T21:03:34,23.36835467,46454.4298,27581.922,901.0198,6998,2,2013-12-28,0,N,,PRISM_3D_MAGNITUDE_REPORTED
31-2006,2013-12-31,2013-12-31T21:19:22,20.74632498,46454.4294,27581.9164,901.0243,7000,2,2013-12-29,,,,PRISM_3D_MAGNITUDE_REPORTED
31-2006,2014-01-01,2014-01-01T21:48:36,21.9702071,46454.4302,27581.9194,901.0197,7002,2,2013-12-30,12,N,,PRISM_3D_MAGNITUDE_REPORTED
31-2006,2014-01-03,2014-01-03T12:55:03,25.24183036,46454.4371,27581.8985,901.0167,7003,1,2014-01-01,0,N,,PRISM_3D_MAGNITUDE_REPORTED
31-2006,2014-01-04,2014-01-04T19:49:57,25.08485599,46454.438,27581.9055,901.019,7006,3,2014-01-02,0,N,,PRISM_3D_MAGNITUDE_REPORTED
31-2006,2014-01-06,2014-01-06T14:32:33,23.73815494,46454.4325,27581.9133,901.0284,7007,1,2014-01-04,0,N,,PRISM_3D_MAGNITUDE_REPORTED
31-2006,2014-01-07,2014-01-07T23:16:43,22.12080469,46454.4345,27581.9112,901.0172,7009,2,2014-01-05,0,N,,PRISM_3D_MAGNITUDE_REPORTED
31-2006,2014-01-08,2014-01-08T23:14:05,24.29753074,46454.4338,27581.9178,901.0127,7011,2,2014-01-06,0,N,,PRISM_3D_MAGNITUDE_REPORTED
31-2006,2014-01-09,2014-01-09T22:50:10,23.19245567,46454.4351,27581.9128,901.0152,7013,2,2014-01-07,0,N,,PRISM_3D_MAGNITUDE_REPORTED
31-2006,2014-01-10,2014-01-10T22:31:18,23.23897588,46454.4324,27581.9173,901.023,7015,2,2014-01-08,0,N,,PRISM_3D_MAGNITUDE_REPORTED
31-2006,2014-01-12,2014-01-12T15:46:37,29.92022727,46454.4353,27581.9237,901.0078,7016,1,2014-01-10,1.6,N,,PRISM_3D_MAGNITUDE_REPORTED
31-2006,2014-01-13,2014-01-13T14:56:26,24.01291319,46454.4363,27581.9118,901.0167,7018,2,2014-01-11,29.2,N,,PRISM_3D_MAGNITUDE_REPORTED
31-2006,2014-01-14,2014-01-14T02:41:57,27.19172668,46454.4313,27581.9251,901.0233,7019,1,2014-01-12,20,N,,PRISM_3D_MAGNITUDE_REPORTED
31-2006,2014-01-15,2014-01-15T23:46:42,24.69068651,46454.4357,27581.9157,901.0165,7021,2,2014-01-13,0.2,N,,PRISM_3D_MAGNITUDE_REPORTED
31-2006,2014-01-17,2014-01-17T14:52:45,31.05752727,46454.4301,27581.922,901.0374,7022,1,2014-01-15,11,N,,PRISM_3D_MAGNITUDE_REPORTED
31-2006,2014-01-18,2014-01-18T15:00:11,26.12699753,46454.4369,27581.9106,901.0265,7024,2,2014-01-16,15.4,N,,PRISM_3D_MAGNITUDE_REPORTED
31-2006,2014-01-19,2014-01-19T15:21:52,28.71880917,46454.4334,27581.915,901.0351,7026,2,2014-01-17,2,N,,PRISM_3D_MAGNITUDE_REPORTED
31-2006,2014-01-20,2014-01-20T15:47:39,26.89739764,46454.4375,27581.9081,901.0279,7028,2,2014-01-18,0.2,N,,PRISM_3D_MAGNITUDE_REPORTED
31-2006,2014-01-21,2014-01-21T04:01:08,30.70065146,46454.4319,27581.9226,901.0346,7029,1,2014-01-19,17.6,N,,PRISM_3D_MAGNITUDE_REPORTED
31-2006,2014-01-22,2014-01-22T14:22:41,28.94736603,46454.4357,27581.9075,901.0349,7031,2,2014-01-20,0,N,,PRISM_3D_MAGNITUDE_REPORTED
31-2006,2014-01-23,2014-01-23T05:03:22,31.46172277,46454.4324,27581.9228,901.0352,7032,1,2014-01-21,0,N,,PRISM_3D_MAGNITUDE_REPORTED
31-2006,2014-01-24,2014-01-24T08:50:12,27.65736791,46454.439,27581.9113,901.0248,7033,1,2014-01-22,10.4,N,,PRISM_3D_MAGNITUDE_REPORTED
31-2006,2014-01-25,2014-01-25T05:46:01,30.77937621,46454.4341,27581.9206,901.034,7034,1,2014-01-23,0.2,N,,PRISM_3D_MAGNITUDE_REPORTED
31-2006,2014-01-26,2014-01-26T06:30:12,32.14809481,46454.4368,27581.9269,901.0115,7035,1,2014-01-24,0,N,,PRISM_3D_MAGNITUDE_REPORTED
31-2006,2014-01-28,2014-01-28T17:31:04,30.95319047,46454.4377,27581.9109,901.035,7036,1,2014-01-26,35,N,,PRISM_3D_MAGNITUDE_REPORTED
31-2006,2014-01-29,2014-01-29T23:43:47,28.77724796,46454.4394,27581.9114,901.0271,7039,3,2014-01-27,24.8,N,,PRISM_3D_MAGNITUDE_REPORTED
31-2006,2014-01-30,2014-01-30T12:15:38,33.20527067,46454.4403,27581.9063,901.0359,7040,1,2014-01-28,0.8,N,,PRISM_3D_MAGNITUDE_REPORTED
31-2006,2014-01-31,2014-01-31T23:58:04,32.67736219,46454.4404,27581.9144,901.0327,7043,3,2014-01-29,0,N,,PRISM_3D_MAGNITUDE_REPORTED
31-2006,2014-02-01,2014-02-01T14:05:36,33.30225217,46454.4428,27581.9016,901.0312,7044,1,2014-01-30,0,N,,PRISM_3D_MAGNITUDE_REPORTED
31-2006,2014-02-02,2014-02-02T02:36:13,30.56354037,46454.4386,27581.9166,901.0299,7045,1,2014-01-31,0,N,,PRISM_3D_MAGNITUDE_REPORTED
31-2006,2014-02-03,2014-02-03T23:14:59,30.24913222,46454.4406,27581.9145,901.026,7047,2,2014-02-01,0,N,,PRISM_3D_MAGNITUDE_REPORTED
31-2006,2014-02-04,2014-02-04T23:49:45,31.24803994,46454.4428,27581.9098,901.0256,7049,2,2014-02-02,0,N,,PRISM_3D_MAGNITUDE_REPORTED
31-2006,2014-02-05,2014-02-05T11:59:31,31.58053198,46454.4402,27581.9117,901.032,7050,1,2014-02-03,19.2,N,,PRISM_3D_MAGNITUDE_REPORTED
31-2006,2014-02-06,2014-02-06T12:35:57,40.17486777,46454.4361,27581.9185,901.0474,7052,2,2014-02-04,8.6,N,,PRISM_3D_MAGNITUDE_REPORTED
31-2006,2014-02-07,2014-02-07T17:32:52,32.72476127,46454.4409,27581.9105,901.0335,7055,3,2014-02-05,0,N,,PRISM_3D_MAGNITUDE_REPORTED
31-2006,2014-02-08,2014-02-08T23:18:12,33.10256788,46454.4435,27581.9073,901.0298,7058,3,2014-02-06,0.4,N,,PRISM_3D_MAGNITUDE_REPORTED
31-2006,2014-02-09,2014-02-09T11:05:45,33.69703251,46454.4432,27581.9072,901.0319,7059,1,2014-02-07,1.6,N,,PRISM_3D_MAGNITUDE_REPORTED
31-2006,2014-02-10,2014-02-10T20:34:27,34.60751363,46454.4404,27581.9144,901.0364,7060,1,2014-02-08,3.4,N,,PRISM_3D_MAGNITUDE_REPORTED
31-2006,2014-02-12,2014-02-12T15:35:10,38.33888365,46454.4477,27581.9167,901.0293,7061,1,2014-02-10,29,N,,PRISM_3D_MAGNITUDE_REPORTED
31-2006,2014-02-13,2014-02-13T18:20:21,40.74444748,46454.4501,27581.9121,901.0327,7063,2,2014-02-11,8.4,N,,PRISM_3D_MAGNITUDE_REPORTED
31-2006,2014-02-14,2014-02-14T21:40:00,43.38790154,46454.4499,27581.9147,901.0381,7065,2,2014-02-12,20.6,N,,PRISM_3D_MAGNITUDE_REPORTED
31-2006,2014-02-15,2014-02-15T11:25:58,43.12226803,46454.4508,27581.915,901.0357,7066,1,2014-02-13,0.2,N,,PRISM_3D_MAGNITUDE_REPORTED
31-2006,2014-02-18,2014-02-18T19:24:19,48.47030019,46454.4562,27581.9167,901.0362,7068,2,2014-02-16,115,N,,PRISM_3D_MAGNITUDE_REPORTED
31-2006,2014-02-19,2014-02-19T11:28:39,50.00249993,46454.4575,27581.9144,901.0382,7069,1,2014-02-17,6,N,,PRISM_3D_MAGNITUDE_REPORTED
31-2007,2013-11-20,2013-11-20T19:11:45,0,46087.861,27673.004,1129.865,5255,1,2013-11-18,0,N,,PRISM_3D_MAGNITUDE_REPORTED
31-2007,2013-11-21,2013-11-21T18:34:21,9.797958969,46087.857,27673,1129.857,5256,1,2013-11-19,4.2,N,,PRISM_3D_MAGNITUDE_REPORTED
31-2007,2013-11-22,2013-11-22T23:23:00,2.999999999,46087.86,27673.002,1129.863,5259,3,2013-11-20,0.2,N,,PRISM_3D_MAGNITUDE_REPORTED
31-2007,2013-11-23,2013-11-23T23:41:50,7.280109889,46087.863,27673.004,1129.858,5261,2,2013-11-21,0,N,,PRISM_3D_MAGNITUDE_REPORTED
31-2007,2013-12-04,2013-12-04T16:21:21,24.06158764,46087.8556,27672.9928,1129.8444,5263,2,2013-12-02,0,N,,PRISM_3D_MAGNITUDE_REPORTED
31-2007,2013-12-11,2013-12-11T22:06:00,23.06404128,46087.8605,27672.9947,1129.8439,5267,4,2013-12-09,0,N,,PRISM_3D_MAGNITUDE_REPORTED
31-2007,2013-12-13,2013-12-13T19:23:21,21.78370951,46087.8734,27673.0046,1129.8471,5268,1,2013-12-11,0,N,,PRISM_3D_MAGNITUDE_REPORTED
31-2007,2013-12-14,2013-12-14T20:19:30,24.03102162,46087.8692,27673.002,1129.8425,5272,4,2013-12-12,0,N,,PRISM_3D_MAGNITUDE_REPORTED
31-2007,2013-12-15,2013-12-15T15:31:21,24.04537378,46087.8677,27672.9988,1129.8425,5274,2,2013-12-13,0,N,,PRISM_3D_MAGNITUDE_REPORTED
31-2007,2013-12-16,2013-12-16T18:29:08,25.9385813,46087.8666,27672.9984,1129.8403,5276,2,2013-12-14,0,N,,PRISM_3D_MAGNITUDE_REPORTED
31-2007,2013-12-17,2013-12-17T16:27:34,43.07737225,46087.8664,27672.9979,1129.8227,5278,2,2013-12-15,0,N,,PRISM_3D_MAGNITUDE_REPORTED
31-2007,2013-12-18,2013-12-18T19:31:01,22.66120032,46087.8649,27672.9954,1129.8444,5281,3,2013-12-16,1.6,N,,PRISM_3D_MAGNITUDE_REPORTED
31-2007,2013-12-19,2013-12-19T23:23:35,27.04237416,46087.8742,27673.0037,1129.8414,5285,4,2013-12-17,0,N,,PRISM_3D_MAGNITUDE_REPORTED
31-2007,2013-12-20,2013-12-20T21:43:28,29.15836072,46087.8676,27672.9973,1129.8374,5290,5,2013-12-18,0,N,,PRISM_3D_MAGNITUDE_REPORTED
31-2007,2013-12-21,2013-12-21T20:35:58,10.26693723,46087.8679,27672.9978,1129.8606,5295,5,2013-12-19,0,N,,PRISM_3D_MAGNITUDE_REPORTED
31-2007,2013-12-22,2013-12-22T22:47:18,27.21139467,46087.8719,27673.0006,1129.8403,5301,6,2013-12-20,0,N,,PRISM_3D_MAGNITUDE_REPORTED
31-2007,2013-12-23,2013-12-23T21:42:00,21.30305143,46087.8679,27672.997,1129.8461,5306,5,2013-12-21,0,N,,PRISM_3D_MAGNITUDE_REPORTED
31-2007,2013-12-24,2013-12-24T20:19:04,47.45250257,46087.8683,27672.9966,1129.8187,5311,5,2013-12-22,0,N,,PRISM_3D_MAGNITUDE_REPORTED
31-2007,2013-12-25,2013-12-25T22:02:24,28.30989226,46087.8713,27672.9996,1129.839,5317,6,2013-12-23,0,N,,PRISM_3D_MAGNITUDE_REPORTED
31-2007,2013-12-26,2013-12-26T23:30:35,28.57026426,46087.8726,27673.0007,1129.8391,5323,6,2013-12-24,0.2,N,,PRISM_3D_MAGNITUDE_REPORTED
31-2007,2013-12-27,2013-12-27T21:04:32,29.60641822,46087.8681,27672.9967,1129.8372,5328,5,2013-12-25,0,N,,PRISM_3D_MAGNITUDE_REPORTED
31-2007,2013-12-28,2013-12-28T22:01:13,39.54794559,46087.8714,27672.9988,1129.8272,5334,6,2013-12-26,0,N,,PRISM_3D_MAGNITUDE_REPORTED
31-2007,2013-12-29,2013-12-29T23:57:39,29.29112494,46087.8688,27672.9968,1129.8377,5340,6,2013-12-27,0,N,,PRISM_3D_MAGNITUDE_REPORTED
31-2007,2013-12-30,2013-12-30T22:26:30,25.35507839,46087.871,27672.9992,1129.8422,5345,5,2013-12-28,0,N,,PRISM_3D_MAGNITUDE_REPORTED
31-2007,2013-12-31,2013-12-31T20:10:35,28.69320477,46087.875,27673.0013,1129.8401,5350,5,2013-12-29,,,,PRISM_3D_MAGNITUDE_REPORTED
31-2007,2014-01-01,2014-01-01T22:41:14,53.56538061,46087.8728,27672.9989,1129.813,5356,6,2013-12-30,12,N,,PRISM_3D_MAGNITUDE_REPORTED
31-2007,2014-01-02,2014-01-02T20:13:59,42.09132927,46087.8666,27672.9936,1129.9054,5360,4,2013-12-31,3.6,N,,PRISM_3D_MAGNITUDE_REPORTED
31-2007,2014-01-03,2014-01-03T20:10:06,20.51487265,46087.8672,27672.9929,1129.8489,5365,5,2014-01-01,0,N,,PRISM_3D_MAGNITUDE_REPORTED
31-2007,2014-01-04,2014-01-04T22:18:16,28.65431905,46087.8735,27672.9981,1129.8399,5371,6,2014-01-02,0,N,,PRISM_3D_MAGNITUDE_REPORTED
31-2007,2014-01-05,2014-01-05T22:43:27,28.3446644,46087.8697,27672.9958,1129.8393,5376,5,2014-01-03,0,N,,PRISM_3D_MAGNITUDE_REPORTED
31-2007,2014-01-06,2014-01-06T22:29:03,24.42580603,46087.8697,27672.9958,1129.8437,5381,5,2014-01-04,0,N,,PRISM_3D_MAGNITUDE_REPORTED
31-2007,2014-01-07,2014-01-07T19:56:56,32.72552521,46087.8694,27672.9946,1129.8348,5386,5,2014-01-05,0,N,,PRISM_3D_MAGNITUDE_REPORTED
31-2007,2014-01-08,2014-01-08T22:20:13,29.11855079,46087.8734,27672.9982,1129.8393,5392,6,2014-01-06,0,N,,PRISM_3D_MAGNITUDE_REPORTED
31-2007,2014-01-09,2014-01-09T20:21:09,24.3043206,46087.8707,27672.9955,1129.8444,5397,5,2014-01-07,0,N,,PRISM_3D_MAGNITUDE_REPORTED
31-2007,2014-01-10,2014-01-10T23:08:13,29.64624766,46087.8713,27672.9956,1129.8385,5403,6,2014-01-08,0,N,,PRISM_3D_MAGNITUDE_REPORTED
31-2007,2014-01-11,2014-01-11T22:50:36,18.87458609,46087.8678,27672.9915,1129.8526,5408,5,2014-01-09,0.6,N,,PRISM_3D_MAGNITUDE_REPORTED
31-2007,2014-01-12,2014-01-12T20:50:50,20.0344703,46087.8742,27672.9973,1129.8515,5413,5,2014-01-10,1.6,N,,PRISM_3D_MAGNITUDE_REPORTED
31-2007,2014-01-13,2014-01-13T22:05:10,20.71738401,46087.8723,27672.9946,1129.8504,5419,6,2014-01-11,29.2,N,,PRISM_3D_MAGNITUDE_REPORTED
31-2007,2014-01-14,2014-01-14T22:28:52,18.94148886,46087.8689,27672.9911,1129.8536,5423,4,2014-01-12,20,N,,PRISM_3D_MAGNITUDE_REPORTED
31-2007,2014-01-15,2014-01-15T22:23:52,22.28048474,46087.8703,27672.9927,1129.8482,5427,4,2014-01-13,0.2,N,,PRISM_3D_MAGNITUDE_REPORTED
31-2007,2014-01-16,2014-01-16T19:56:02,20.62571211,46087.8715,27672.9939,1129.8504,5431,4,2014-01-14,0.8,N,,PRISM_3D_MAGNITUDE_REPORTED
31-2007,2014-01-17,2014-01-17T20:13:57,15.26925015,46087.8723,27672.9945,1129.8689,5434,3,2014-01-15,11,N,,PRISM_3D_MAGNITUDE_REPORTED
31-2007,2014-01-18,2014-01-18T22:04:11,25.73596705,46087.8711,27672.9927,1129.8442,5439,5,2014-01-16,15.4,N,,PRISM_3D_MAGNITUDE_REPORTED
31-2007,2014-01-19,2014-01-19T23:56:30,23.96872963,46087.8738,27672.9945,1129.8471,5444,5,2014-01-17,2,N,,PRISM_3D_MAGNITUDE_REPORTED
31-2007,2014-01-20,2014-01-20T21:39:28,29.5164361,46087.8755,27672.9959,1129.8406,5449,5,2014-01-18,0.2,N,,PRISM_3D_MAGNITUDE_REPORTED
31-2007,2014-01-21,2014-01-21T23:05:50,22.8834001,46087.8719,27672.9918,1129.849,5455,6,2014-01-19,17.6,N,,PRISM_3D_MAGNITUDE_REPORTED
31-2007,2014-01-22,2014-01-22T20:24:46,28.63092733,46087.8728,27672.9908,1129.8425,5460,5,2014-01-20,0,N,,PRISM_3D_MAGNITUDE_REPORTED
31-2007,2014-01-23,2014-01-23T23:08:15,34.99342796,46087.8727,27672.9917,1129.8344,5466,6,2014-01-21,0,N,,PRISM_3D_MAGNITUDE_REPORTED
31-2007,2014-01-24,2014-01-24T21:57:29,34.21432449,46087.874,27672.9911,1129.8361,5471,5,2014-01-22,10.4,N,,PRISM_3D_MAGNITUDE_REPORTED
31-2007,2014-01-25,2014-01-25T23:13:44,31.52284886,46087.8758,27672.9924,1129.8397,5477,6,2014-01-23,0.2,N,,PRISM_3D_MAGNITUDE_REPORTED
31-2007,2014-01-26,2014-01-26T23:32:54,30.071415,46087.877,27672.9942,1129.8415,5483,6,2014-01-24,0,N,,PRISM_3D_MAGNITUDE_REPORTED
31-2007,2014-01-27,2014-01-27T19:59:04,23.18232085,46087.8788,27672.9963,1129.8523,5487,4,2014-01-25,0,N,,PRISM_3D_MAGNITUDE_REPORTED
31-2007,2014-01-28,2014-01-28T20:45:06,27.36512379,46087.8811,27672.997,1129.8478,5493,6,2014-01-26,35,N,,PRISM_3D_MAGNITUDE_REPORTED
31-2007,2014-01-29,2014-01-29T22:48:49,31.47745225,46087.8811,27672.9961,1129.8421,5499,6,2014-01-27,24.8,N,,PRISM_3D_MAGNITUDE_REPORTED
31-2007,2014-01-30,2014-01-30T22:55:23,31.94010019,46087.875,27672.9884,1129.8409,5504,5,2014-01-28,0.8,N,,PRISM_3D_MAGNITUDE_REPORTED
31-2007,2014-01-31,2014-01-31T20:59:35,28.30653635,46087.8791,27672.9927,1129.8464,5509,5,2014-01-29,0,N,,PRISM_3D_MAGNITUDE_REPORTED
31-2007,2014-02-01,2014-02-01T18:45:22,23.76152352,46087.8711,27672.9854,1129.8758,5513,4,2014-01-30,0,N,,PRISM_3D_MAGNITUDE_REPORTED
31-2007,2014-02-02,2014-02-02T21:03:49,30.92135185,46087.8726,27672.9846,1129.8439,5519,6,2014-01-31,0,N,,PRISM_3D_MAGNITUDE_REPORTED
31-2007,2014-02-03,2014-02-03T23:40:47,33.48955061,46087.8741,27672.9853,1129.8405,5525,6,2014-02-01,0,N,,PRISM_3D_MAGNITUDE_REPORTED
31-2007,2014-02-04,2014-02-04T21:01:15,33.87639296,46087.8802,27672.9891,1129.8414,5530,5,2014-02-02,0,N,,PRISM_3D_MAGNITUDE_REPORTED
31-2007,2014-02-05,2014-02-05T21:08:47,34.14234907,46087.8755,27672.9861,1129.8398,5536,6,2014-02-03,19.2,N,,PRISM_3D_MAGNITUDE_REPORTED
31-2007,2014-02-06,2014-02-06T22:10:56,40.53146926,46087.8828,27672.991,1129.8334,5541,5,2014-02-04,8.6,N,,PRISM_3D_MAGNITUDE_REPORTED
31-2007,2014-02-07,2014-02-07T22:34:58,35.21420168,46087.8852,27672.9924,1129.8422,5546,5,2014-02-05,0,N,,PRISM_3D_MAGNITUDE_REPORTED
31-2007,2014-02-08,2014-02-08T22:31:49,43.3944697,46087.8854,27672.9914,1129.8314,5552,6,2014-02-06,0.4,N,,PRISM_3D_MAGNITUDE_REPORTED
31-2007,2014-02-09,2014-02-09T19:14:06,36.71539187,46087.8749,27672.982,1129.8391,5556,4,2014-02-07,1.6,N,,PRISM_3D_MAGNITUDE_REPORTED
31-2007,2014-02-10,2014-02-10T21:09:39,34.31777965,46087.8737,27672.9801,1129.8439,5559,3,2014-02-08,3.4,N,,PRISM_3D_MAGNITUDE_REPORTED
31-2007,2014-02-11,2014-02-11T19:36:38,40.29565733,46087.8751,27672.9802,1129.8357,5564,5,2014-02-09,0.8,N,,PRISM_3D_MAGNITUDE_REPORTED
31-2007,2014-02-12,2014-02-12T23:18:05,42.56818061,46087.882,27672.9847,1129.8334,5569,5,2014-02-10,29,N,,PRISM_3D_MAGNITUDE_REPORTED
31-2007,2014-02-13,2014-02-13T22:34:03,49.93736076,46087.8868,27672.9867,1129.8259,5574,5,2014-02-11,8.4,N,,PRISM_3D_MAGNITUDE_REPORTED
31-2007,2014-02-14,2014-02-14T21:35:25,43.42038692,46087.8856,27672.9839,1129.8354,5578,4,2014-02-12,20.6,N,,PRISM_3D_MAGNITUDE_REPORTED
31-2007,2014-02-15,2014-02-15T19:00:35,44.97799462,46087.8863,27672.9823,1129.8348,5583,5,2014-02-13,0.2,N,,PRISM_3D_MAGNITUDE_REPORTED
31-2007,2014-02-16,2014-02-16T22:51:36,58.57601899,46087.8859,27672.9723,1129.8225,5588,5,2014-02-14,0,N,,PRISM_3D_MAGNITUDE_REPORTED
31-2007,2014-02-17,2014-02-17T19:53:32,62.79490425,46087.8986,27672.972,1129.8262,5590,2,2014-02-15,0,N,,PRISM_3D_MAGNITUDE_REPORTED
31-2007,2014-02-18,2014-02-18T20:07:13,77.70752859,46087.9009,27672.9614,1129.8137,5595,5,2014-02-16,115,N,,PRISM_3D_MAGNITUDE_REPORTED
31-2007,2014-02-19,2014-02-19T15:17:51,91.00214284,46087.9123,27672.9641,1129.8013,5599,4,2014-02-17,6,N,,PRISM_3D_MAGNITUDE_REPORTED
31-2007,2014-02-20,2014-02-20T09:17:53,93.93002715,46087.9092,27672.9555,1129.8006,5602,3,2014-02-18,0,N,,PRISM_3D_MAGNITUDE_REPORTED
31-2008,2013-11-20,2013-11-20T12:54:04,0,46110.197,27777.247,1121.034,5827,1,2013-11-18,0,N,,PRISM_3D_MAGNITUDE_REPORTED
31-2008,2013-11-21,2013-11-21T20:04:44,21.56385865,46110.199,27777.257,1121.053,5829,2,2013-11-19,4.2,N,,PRISM_3D_MAGNITUDE_REPORTED
31-2008,2013-11-22,2013-11-22T11:22:57,14.89966442,46110.199,27777.26,1121.041,5830,1,2013-11-20,0.2,N,,PRISM_3D_MAGNITUDE_REPORTED
31-2008,2013-11-23,2013-11-23T12:10:46,21.28379665,46110.199,27777.267,1121.041,5832,2,2013-11-21,0,N,,PRISM_3D_MAGNITUDE_REPORTED
31-2008,2013-11-24,2013-11-24T03:08:41,13.03840481,46110.198,27777.252,1121.046,5833,1,2013-11-22,0,N,,PRISM_3D_MAGNITUDE_REPORTED
31-2008,2013-11-26,2013-11-26T21:30:04,11.78982612,46110.2,27777.254,1121.043,5834,1,2013-11-24,1.8,N,,PRISM_3D_MAGNITUDE_REPORTED
31-2008,2013-11-27,2013-11-27T20:31:26,13.19090596,46110.199,27777.254,1121.045,5835,1,2013-11-25,0,N,,PRISM_3D_MAGNITUDE_REPORTED
31-2008,2013-12-01,2013-12-01T21:07:17,8.034923771,46110.1996,27777.2504,1121.0408,5837,2,2013-11-29,0,N,,PRISM_3D_MAGNITUDE_REPORTED
31-2008,2013-12-02,2013-12-02T16:24:46,8.646964783,46110.2003,27777.2538,1121.0382,5838,1,2013-11-30,0,N,,PRISM_3D_MAGNITUDE_REPORTED
31-2008,2013-12-06,2013-12-06T19:16:33,11.33225485,46110.1998,27777.2537,1121.0427,5840,2,2013-12-04,0.2,N,,PRISM_3D_MAGNITUDE_REPORTED
31-2008,2013-12-07,2013-12-07T20:20:23,16.97439248,46110.2008,27777.2635,1121.0328,5842,2,2013-12-05,0.6,N,,PRISM_3D_MAGNITUDE_REPORTED
31-2008,2013-12-10,2013-12-10T19:17:47,14.92447654,46110.2009,27777.2538,1121.0213,5843,1,2013-12-08,0,N,,PRISM_3D_MAGNITUDE_REPORTED
31-2008,2013-12-13,2013-12-13T15:52:16,11.77667186,46110.2007,27777.257,1121.039,5844,1,2013-12-11,0,N,,PRISM_3D_MAGNITUDE_REPORTED
31-2008,2013-12-14,2013-12-14T19:21:11,17.03672504,46110.2,27777.2635,1121.037,5845,1,2013-12-12,0,N,,PRISM_3D_MAGNITUDE_REPORTED
31-2008,2013-12-16,2013-12-16T19:17:20,12.40241912,46110.2,27777.2521,1121.0449,5847,2,2013-12-14,0,N,,PRISM_3D_MAGNITUDE_REPORTED
31-2008,2013-12-17,2013-12-17T13:06:15,8.423775875,46110.2008,27777.2506,1121.0406,5848,1,2013-12-15,0,N,,PRISM_3D_MAGNITUDE_REPORTED
31-2008,2013-12-18,2013-12-18T19:52:34,5.65066368,46110.2015,27777.2458,1121.0372,5850,2,2013-12-16,1.6,N,,PRISM_3D_MAGNITUDE_REPORTED
31-2008,2013-12-20,2013-12-20T19:18:57,11.73072888,46110.2024,27777.2572,1121.0361,5851,1,2013-12-18,0,N,,PRISM_3D_MAGNITUDE_REPORTED
31-2008,2013-12-21,2013-12-21T15:59:55,15.5826827,46110.2002,27777.2537,1121.0477,5852,1,2013-12-19,0,N,,PRISM_3D_MAGNITUDE_REPORTED
31-2008,2013-12-22,2013-12-22T15:48:37,17.08566651,46110.206,27777.2414,1121.0206,5854,2,2013-12-20,0,N,,PRISM_3D_MAGNITUDE_REPORTED
31-2008,2013-12-23,2013-12-23T12:35:20,6.456779385,46110.1998,27777.2521,1121.0368,5855,1,2013-12-21,0,N,,PRISM_3D_MAGNITUDE_REPORTED
31-2008,2013-12-24,2013-12-24T19:08:52,13.11640195,46110.2038,27777.2542,1121.0254,5857,2,2013-12-22,0,N,,PRISM_3D_MAGNITUDE_REPORTED
31-2008,2013-12-25,2013-12-25T13:32:30,7.671375364,46110.2005,27777.2538,1121.0334,5858,1,2013-12-23,0,N,,PRISM_3D_MAGNITUDE_REPORTED
31-2008,2013-12-26,2013-12-26T19:05:55,11.28051417,46110.2041,27777.2542,1121.029,5859,1,2013-12-24,0.2,N,,PRISM_3D_MAGNITUDE_REPORTED
31-2008,2013-12-28,2013-12-28T01:12:08,9.135097155,46110.2027,27777.254,1121.0326,5860,1,2013-12-26,0,N,,PRISM_3D_MAGNITUDE_REPORTED
31-2008,2013-12-29,2013-12-29T16:08:47,23.15556089,46110.1997,27777.2537,1121.056,5862,2,2013-12-27,0,N,,PRISM_3D_MAGNITUDE_REPORTED
31-2008,2013-12-30,2013-12-30T21:03:34,10.88760764,46110.2032,27777.2557,1121.0361,5864,2,2013-12-28,0,N,,PRISM_3D_MAGNITUDE_REPORTED
31-2008,2013-12-31,2013-12-31T21:19:22,10.75778788,46110.2022,27777.254,1121.0403,5866,2,2013-12-29,,,,PRISM_3D_MAGNITUDE_REPORTED
31-2008,2014-01-01,2014-01-01T21:48:36,7.321885003,46110.2031,27777.2508,1121.0326,5868,2,2013-12-30,12,N,,PRISM_3D_MAGNITUDE_REPORTED
31-2008,2014-01-03,2014-01-03T12:55:03,5.685068163,46110.2018,27777.2442,1121.0352,5869,1,2014-01-01,0,N,,PRISM_3D_MAGNITUDE_REPORTED
31-2008,2014-01-04,2014-01-04T19:49:57,11.09143814,46110.2064,27777.2415,1121.0319,5872,3,2014-01-02,0,N,,PRISM_3D_MAGNITUDE_REPORTED
31-2008,2014-01-06,2014-01-06T14:32:33,12.88642697,46110.2024,27777.2507,1121.0451,5873,1,2014-01-04,0,N,,PRISM_3D_MAGNITUDE_REPORTED
31-2008,2014-01-07,2014-01-07T23:16:43,9.43716059,46110.2039,27777.2477,1121.0276,5875,2,2014-01-05,0,N,,PRISM_3D_MAGNITUDE_REPORTED
31-2008,2014-01-08,2014-01-08T23:14:05,16.40152432,46110.202,27777.2621,1121.03,5877,2,2014-01-06,0,N,,PRISM_3D_MAGNITUDE_REPORTED
31-2008,2014-01-09,2014-01-09T22:50:10,14.50310312,46110.2023,27777.2605,1121.034,5879,2,2014-01-07,0,N,,PRISM_3D_MAGNITUDE_REPORTED
31-2008,2014-01-10,2014-01-10T22:31:18,16.29570496,46110.2039,27777.2607,1121.0395,5881,2,2014-01-08,0,N,,PRISM_3D_MAGNITUDE_REPORTED
31-2008,2014-01-12,2014-01-12T15:46:37,7.831347266,46110.2042,27777.2477,1121.031,5882,1,2014-01-10,1.6,N,,PRISM_3D_MAGNITUDE_REPORTED
31-2008,2014-01-13,2014-01-13T14:56:26,12.34827923,46110.2042,27777.251,1121.0248,5884,2,2014-01-11,29.2,N,,PRISM_3D_MAGNITUDE_REPORTED
31-2008,2014-01-14,2014-01-14T02:41:57,17.95605748,46110.2033,27777.2638,1121.0333,5885,1,2014-01-12,20,N,,PRISM_3D_MAGNITUDE_REPORTED
31-2008,2014-01-15,2014-01-15T12:41:23,8.553946454,46110.2052,27777.2462,1121.0363,5886,1,2014-01-13,0.2,N,,PRISM_3D_MAGNITUDE_REPORTED
31-2008,2014-01-17,2014-01-17T14:52:45,15.72068701,46110.2037,27777.2574,1121.0437,5887,1,2014-01-15,11,N,,PRISM_3D_MAGNITUDE_REPORTED
31-2008,2014-01-18,2014-01-18T15:00:11,7.930321559,46110.2038,27777.2509,1121.0328,5889,2,2014-01-16,15.4,N,,PRISM_3D_MAGNITUDE_REPORTED
31-2008,2014-01-19,2014-01-19T15:21:52,8.400595218,46110.205,27777.2446,1121.0349,5891,2,2014-01-17,2,N,,PRISM_3D_MAGNITUDE_REPORTED
31-2008,2014-01-20,2014-01-20T15:47:39,11.58706175,46110.2055,27777.2446,1121.0415,5893,2,2014-01-18,0.2,N,,PRISM_3D_MAGNITUDE_REPORTED
31-2008,2014-01-21,2014-01-21T04:01:08,20.78220392,46110.2055,27777.2641,1121.0422,5894,1,2014-01-19,17.6,N,,PRISM_3D_MAGNITUDE_REPORTED
31-2008,2014-01-22,2014-01-22T14:22:41,17.39827578,46110.2047,27777.2445,1121.0494,5896,2,2014-01-20,0,N,,PRISM_3D_MAGNITUDE_REPORTED
31-2008,2014-01-23,2014-01-23T05:03:22,21.86366849,46110.2047,27777.2607,1121.0492,5897,1,2014-01-21,0,N,,PRISM_3D_MAGNITUDE_REPORTED
31-2008,2014-01-24,2014-01-24T08:50:12,17.70564881,46110.2086,27777.2352,1121.0277,5898,1,2014-01-22,10.4,N,,PRISM_3D_MAGNITUDE_REPORTED
31-2008,2014-01-25,2014-01-25T05:46:01,15.91225943,46110.2058,27777.2544,1121.045,5899,1,2014-01-23,0.2,N,,PRISM_3D_MAGNITUDE_REPORTED
31-2008,2014-01-28,2014-01-28T17:31:04,15.11853168,46110.2076,27777.2384,1121.0405,5900,1,2014-01-26,35,N,,PRISM_3D_MAGNITUDE_REPORTED
31-2008,2014-01-29,2014-01-29T23:43:47,14.97831766,46110.2087,27777.2385,1121.0301,5903,3,2014-01-27,24.8,N,,PRISM_3D_MAGNITUDE_REPORTED
31-2008,2014-01-30,2014-01-30T12:15:38,22.27375137,46110.208,27777.2416,1121.0526,5904,1,2014-01-28,0.8,N,,PRISM_3D_MAGNITUDE_REPORTED
31-2008,2014-01-31,2014-01-31T23:58:04,15.48838274,46110.2112,27777.2485,1121.04,5907,3,2014-01-29,0,N,,PRISM_3D_MAGNITUDE_REPORTED
31-2008,2014-02-01,2014-02-01T14:05:36,13.17042141,46110.2091,27777.2418,1121.0341,5908,1,2014-01-30,0,N,,PRISM_3D_MAGNITUDE_REPORTED
31-2008,2014-02-02,2014-02-02T02:36:13,11.79576195,46110.2087,27777.2482,1121.0331,5909,1,2014-01-31,0,N,,PRISM_3D_MAGNITUDE_REPORTED
31-2008,2014-02-03,2014-02-03T23:14:59,13.61396342,46110.2092,27777.2483,1121.0281,5911,2,2014-02-01,0,N,,PRISM_3D_MAGNITUDE_REPORTED
31-2008,2014-02-04,2014-02-04T23:49:45,19.053871,46110.21,27777.2451,1121.0202,5913,2,2014-02-02,0,N,,PRISM_3D_MAGNITUDE_REPORTED
31-2008,2014-02-05,2014-02-05T11:59:31,23.36343297,46110.2111,27777.229,1121.0388,5914,1,2014-02-03,19.2,N,,PRISM_3D_MAGNITUDE_REPORTED
31-2008,2014-02-06,2014-02-06T12:35:57,11.94068675,46110.2089,27777.2466,1121.0349,5916,2,2014-02-04,8.6,N,,PRISM_3D_MAGNITUDE_REPORTED
31-2008,2014-02-07,2014-02-07T17:32:52,24.60264213,46110.2108,27777.2387,1121.0154,5919,3,2014-02-05,0,N,,PRISM_3D_MAGNITUDE_REPORTED
31-2008,2014-02-08,2014-02-08T23:18:12,17.26354541,46110.2117,27777.2405,1121.0277,5922,3,2014-02-06,0.4,N,,PRISM_3D_MAGNITUDE_REPORTED
31-2008,2014-02-09,2014-02-09T11:05:45,16.60301177,46110.2109,27777.2452,1121.0251,5923,1,2014-02-07,1.6,N,,PRISM_3D_MAGNITUDE_REPORTED
31-2008,2014-02-10,2014-02-10T20:34:27,15.33786165,46110.2112,27777.2485,1121.0396,5924,1,2014-02-08,3.4,N,,PRISM_3D_MAGNITUDE_REPORTED
31-2008,2014-02-12,2014-02-12T15:41:38,23.97206708,46110.2149,27777.2311,1121.0328,5925,1,2014-02-10,29,N,,PRISM_3D_MAGNITUDE_REPORTED
31-2008,2014-02-13,2014-02-13T18:29:47,26.49867921,46110.2157,27777.2295,1121.0272,5927,2,2014-02-11,8.4,N,,PRISM_3D_MAGNITUDE_REPORTED
31-2008,2014-02-14,2014-02-14T21:40:00,21.05540311,46110.216,27777.2393,1121.0292,5929,2,2014-02-12,20.6,N,,PRISM_3D_MAGNITUDE_REPORTED
31-2008,2014-02-15,2014-02-15T11:36:30,31.13422554,46110.2189,27777.2332,1121.0167,5930,1,2014-02-13,0.2,N,,PRISM_3D_MAGNITUDE_REPORTED
31-2008,2014-02-18,2014-02-18T19:33:31,67.77831512,46110.2373,27777.206,1120.9981,5932,2,2014-02-16,115,N,,PRISM_3D_MAGNITUDE_REPORTED
31-2008,2014-02-19,2014-02-19T11:36:53,75.97387709,46110.2407,27777.1967,1120.9975,5933,1,2014-02-17,6,N,,PRISM_3D_MAGNITUDE_REPORTED
31-2009,2013-11-20,2013-11-20T12:54:04,0,46114.471,27834.134,1120.545,5934,1,2013-11-18,0,N,,PRISM_3D_MAGNITUDE_REPORTED
31-2009,2013-11-21,2013-11-21T04:41:54,15.62049935,46114.471,27834.146,1120.535,5935,1,2013-11-19,4.2,N,,PRISM_3D_MAGNITUDE_REPORTED
31-2009,2013-11-22,2013-11-22T11:22:57,23.43074903,46114.472,27834.156,1120.537,5936,1,2013-11-20,0.2,N,,PRISM_3D_MAGNITUDE_REPORTED
31-2009,2013-11-23,2013-11-23T12:10:46,17.49285569,46114.472,27834.15,1120.538,5938,2,2013-11-21,0,N,,PRISM_3D_MAGNITUDE_REPORTED
31-2009,2013-11-24,2013-11-24T03:08:41,15.55634919,46114.47,27834.149,1120.549,5939,1,2013-11-22,0,N,,PRISM_3D_MAGNITUDE_REPORTED
31-2009,2013-11-26,2013-11-26T21:51:00,22.64950331,46114.469,27834.156,1120.54,5940,1,2013-11-24,1.8,N,,PRISM_3D_MAGNITUDE_REPORTED
31-2009,2013-11-27,2013-11-27T20:31:26,21.11871208,46114.469,27834.153,1120.536,5941,1,2013-11-25,0,N,,PRISM_3D_MAGNITUDE_REPORTED
31-2009,2013-11-29,2013-11-29T13:56:33,6.403124238,46114.47,27834.14,1120.543,5942,1,2013-11-27,0,N,,PRISM_3D_MAGNITUDE_REPORTED
31-2009,2013-11-30,2013-11-30T18:55:49,15.62466,46114.4694,27834.1494,1120.5429,5943,1,2013-11-28,0,N,,PRISM_3D_MAGNITUDE_REPORTED
31-2009,2013-12-01,2013-12-01T21:07:17,9.445104554,46114.4696,27834.143,1120.5425,5945,2,2013-11-29,0,N,,PRISM_3D_MAGNITUDE_REPORTED
31-2009,2013-12-02,2013-12-02T16:24:46,17.86253062,46114.4707,27834.1447,1120.5307,5946,1,2013-11-30,0,N,,PRISM_3D_MAGNITUDE_REPORTED
31-2009,2013-12-06,2013-12-06T19:16:33,12.88332255,46114.47,27834.1463,1120.5413,5948,2,2013-12-04,0.2,N,,PRISM_3D_MAGNITUDE_REPORTED
31-2009,2013-12-07,2013-12-07T20:41:33,23.66051564,46114.47,27834.1559,1120.5361,5950,2,2013-12-05,0.6,N,,PRISM_3D_MAGNITUDE_REPORTED
31-2009,2013-12-14,2013-12-14T19:21:11,24.25407183,46114.4694,27834.1559,1120.5347,5951,1,2013-12-12,0,N,,PRISM_3D_MAGNITUDE_REPORTED
31-2009,2013-12-16,2013-12-16T19:17:20,28.46366105,46114.469,27834.1623,1120.5427,5953,2,2013-12-14,0,N,,PRISM_3D_MAGNITUDE_REPORTED
31-2009,2013-12-17,2013-12-17T13:06:15,10.24939023,46114.4714,27834.14,1120.5367,5954,1,2013-12-15,0,N,,PRISM_3D_MAGNITUDE_REPORTED
31-2009,2013-12-18,2013-12-18T19:52:34,17.09093327,46114.4698,27834.1495,1120.5379,5956,2,2013-12-16,1.6,N,,PRISM_3D_MAGNITUDE_REPORTED
31-2009,2013-12-20,2013-12-20T19:18:57,16.11521021,46114.4723,27834.14,1120.5301,5957,1,2013-12-18,0,N,,PRISM_3D_MAGNITUDE_REPORTED
31-2009,2013-12-21,2013-12-21T15:59:55,20.13703057,46114.4685,27834.1526,1120.5523,5958,1,2013-12-19,0,N,,PRISM_3D_MAGNITUDE_REPORTED
31-2009,2013-12-22,2013-12-22T15:48:37,21.87464286,46114.473,27834.1497,1120.5299,5960,2,2013-12-20,0,N,,PRISM_3D_MAGNITUDE_REPORTED
31-2009,2013-12-23,2013-12-23T12:35:20,13.23366918,46114.4695,27834.1398,1120.5332,5961,1,2013-12-21,0,N,,PRISM_3D_MAGNITUDE_REPORTED
31-2009,2013-12-24,2013-12-24T19:08:52,23.2477956,46114.472,27834.1529,1120.5315,5963,2,2013-12-22,0,N,,PRISM_3D_MAGNITUDE_REPORTED
31-2009,2013-12-25,2013-12-25T13:32:30,14.68536687,46114.4696,27834.1463,1120.5371,5964,1,2013-12-23,0,N,,PRISM_3D_MAGNITUDE_REPORTED
31-2009,2013-12-26,2013-12-26T19:05:55,20.14025819,46114.4719,27834.1529,1120.5381,5965,1,2013-12-24,0.2,N,,PRISM_3D_MAGNITUDE_REPORTED
31-2009,2013-12-28,2013-12-28T01:12:08,28.6190496,46114.4706,27834.156,1120.5267,5966,1,2013-12-26,0,N,,PRISM_3D_MAGNITUDE_REPORTED
31-2009,2013-12-29,2013-12-29T16:08:47,26.46148144,46114.4666,27834.1589,1120.5528,5968,2,2013-12-27,0,N,,PRISM_3D_MAGNITUDE_REPORTED
31-2009,2013-12-30,2013-12-30T21:03:34,16.42010962,46114.4715,27834.1496,1120.5399,5970,2,2013-12-28,0,N,,PRISM_3D_MAGNITUDE_REPORTED
31-2009,2013-12-31,2013-12-31T21:19:22,16.15518493,46114.4703,27834.1495,1120.5495,5972,2,2013-12-29,,,,PRISM_3D_MAGNITUDE_REPORTED
31-2009,2014-01-01,2014-01-01T21:48:36,14.17815221,46114.4708,27834.1447,1120.5357,5974,2,2013-12-30,12,N,,PRISM_3D_MAGNITUDE_REPORTED
31-2009,2014-01-03,2014-01-03T12:55:03,11.61034022,46114.4696,27834.143,1120.5378,5975,1,2014-01-01,0,N,,PRISM_3D_MAGNITUDE_REPORTED
31-2009,2014-01-04,2014-01-04T19:49:57,6.792643079,46114.4756,27834.1323,1120.5403,5978,3,2014-01-02,0,N,,PRISM_3D_MAGNITUDE_REPORTED
31-2009,2014-01-06,2014-01-06T14:32:33,12.43302055,46114.4711,27834.1464,1120.5459,5979,1,2014-01-04,0,N,,PRISM_3D_MAGNITUDE_REPORTED
31-2009,2014-01-07,2014-01-07T23:16:43,15.16871781,46114.4718,27834.1464,1120.5363,5981,2,2014-01-05,0,N,,PRISM_3D_MAGNITUDE_REPORTED
31-2009,2014-01-08,2014-01-08T23:14:05,25.40275576,46114.4709,27834.156,1120.5323,5983,2,2014-01-06,0,N,,PRISM_3D_MAGNITUDE_REPORTED
31-2009,2014-01-09,2014-01-09T22:50:10,13.83979769,46114.4719,27834.1432,1120.5347,5984,1,2014-01-07,0,N,,PRISM_3D_MAGNITUDE_REPORTED
31-2009,2014-01-10,2014-01-10T22:31:18,42.7388582,46114.4726,27834.1722,1120.5259,5986,2,2014-01-08,0,N,,PRISM_3D_MAGNITUDE_REPORTED
31-2009,2014-01-12,2014-01-12T15:46:37,26.38275952,46114.4716,27834.1528,1120.5265,5987,1,2014-01-10,1.6,N,,PRISM_3D_MAGNITUDE_REPORTED
31-2009,2014-01-13,2014-01-13T14:56:26,18.46808057,46114.4727,27834.1417,1120.5283,5989,2,2014-01-11,29.2,N,,PRISM_3D_MAGNITUDE_REPORTED
31-2009,2014-01-14,2014-01-14T02:41:57,38.24905228,46114.4717,27834.1625,1120.5195,5990,1,2014-01-12,20,N,,PRISM_3D_MAGNITUDE_REPORTED
31-2009,2014-01-17,2014-01-17T14:52:45,17.46825693,46114.4722,27834.1513,1120.5429,5991,1,2014-01-15,11,N,,PRISM_3D_MAGNITUDE_REPORTED
31-2009,2014-01-19,2014-01-19T15:21:52,17.44534322,46114.4713,27834.1512,1120.5421,5992,1,2014-01-17,2,N,,PRISM_3D_MAGNITUDE_REPORTED
31-2009,2014-01-20,2014-01-20T15:47:39,7.791020475,46114.4728,27834.1401,1120.5405,5994,2,2014-01-18,0.2,N,,PRISM_3D_MAGNITUDE_REPORTED
31-2009,2014-01-21,2014-01-21T04:01:08,32.76293638,46114.4731,27834.1658,1120.5526,5995,1,2014-01-19,17.6,N,,PRISM_3D_MAGNITUDE_REPORTED
31-2009,2014-01-24,2014-01-24T08:50:12,13.25330148,46114.4754,27834.1338,1120.5325,5996,1,2014-01-22,10.4,N,,PRISM_3D_MAGNITUDE_REPORTED
31-2009,2014-01-25,2014-01-25T05:46:01,29.30443652,46114.4727,27834.1609,1120.5335,5997,1,2014-01-23,0.2,N,,PRISM_3D_MAGNITUDE_REPORTED
31-2009,2014-01-31,2014-01-31T23:58:04,17.89888265,46114.4784,27834.1309,1120.529,5998,1,2014-01-29,0,N,,PRISM_3D_MAGNITUDE_REPORTED
31-2009,2014-02-01,2014-02-01T14:05:36,6.591661401,46114.4752,27834.137,1120.5409,5999,1,2014-01-30,0,N,,PRISM_3D_MAGNITUDE_REPORTED
31-2009,2014-02-02,2014-02-02T02:36:13,29.42889737,46114.4739,27834.1562,1120.5259,6000,1,2014-01-31,0,N,,PRISM_3D_MAGNITUDE_REPORTED
31-2009,2014-02-07,2014-02-07T17:32:52,37.82776758,46114.4768,27834.1243,1120.5089,6001,1,2014-02-05,0,N,,PRISM_3D_MAGNITUDE_REPORTED
31-2009,2014-02-12,2014-02-12T15:41:38,29.56163054,46114.481,27834.1407,1120.518,6002,1,2014-02-10,29,N,,PRISM_3D_MAGNITUDE_REPORTED
31-2009,2014-02-13,2014-02-13T18:29:47,15.29248181,46114.4825,27834.128,1120.5369,6003,1,2014-02-11,8.4,N,,PRISM_3D_MAGNITUDE_REPORTED
31-2009,2014-02-14,2014-02-14T21:40:00,16.12978611,46114.4786,27834.1469,1120.539,6004,1,2014-02-12,20.6,N,,PRISM_3D_MAGNITUDE_REPORTED
31-2009,2014-02-18,2014-02-18T19:33:31,55.05787864,46114.494,27834.0999,1120.5084,6005,1,2014-02-16,115,N,,PRISM_3D_MAGNITUDE_REPORTED
31-2010,2013-11-20,2013-11-20T13:02:12,0,46114.469,27834.145,1120.554,6006,1,2013-11-18,0,N,,PRISM_3D_MAGNITUDE_REPORTED
31-2010,2013-11-21,2013-11-21T04:49:22,223.2800932,46114.474,27834.155,1120.331,6007,1,2013-11-19,4.2,N,,PRISM_3D_MAGNITUDE_REPORTED
31-2010,2013-11-22,2013-11-22T11:22:57,13.60147051,46114.473,27834.15,1120.542,6008,1,2013-11-20,0.2,N,,PRISM_3D_MAGNITUDE_REPORTED
31-2010,2013-11-23,2013-11-23T12:10:46,18.13835715,46114.472,27834.153,1120.538,6010,2,2013-11-21,0,N,,PRISM_3D_MAGNITUDE_REPORTED
31-2010,2013-11-24,2013-11-24T03:29:08,8.544003747,46114.47,27834.151,1120.548,6011,1,2013-11-22,0,N,,PRISM_3D_MAGNITUDE_REPORTED
31-2010,2013-11-26,2013-11-26T21:51:00,20.24845673,46114.469,27834.156,1120.537,6012,1,2013-11-24,1.8,N,,PRISM_3D_MAGNITUDE_REPORTED
31-2010,2013-11-27,2013-11-27T20:31:26,14.31782106,46114.469,27834.151,1120.541,6013,1,2013-11-25,0,N,,PRISM_3D_MAGNITUDE_REPORTED
31-2010,2013-11-29,2013-11-29T13:56:33,11.09053651,46114.47,27834.146,1120.543,6014,1,2013-11-27,0,N,,PRISM_3D_MAGNITUDE_REPORTED
31-2010,2013-11-30,2013-11-30T18:55:49,9.398936109,46114.4693,27834.1494,1120.5457,6015,1,2013-11-28,0,N,,PRISM_3D_MAGNITUDE_REPORTED
31-2010,2013-12-02,2013-12-02T16:24:46,21.15348671,46114.4705,27834.1479,1120.5331,6016,1,2013-11-30,0,N,,PRISM_3D_MAGNITUDE_REPORTED
31-2010,2013-12-06,2013-12-06T19:16:33,13.3783407,46114.4694,27834.1511,1120.5421,6018,2,2013-12-04,0.2,N,,PRISM_3D_MAGNITUDE_REPORTED
31-2010,2013-12-07,2013-12-07T20:41:33,21.84078753,46114.47,27834.1559,1120.5351,6020,2,2013-12-05,0.6,N,,PRISM_3D_MAGNITUDE_REPORTED
31-2010,2013-12-14,2013-12-14T19:21:11,18.95125326,46114.4693,27834.1559,1120.5385,6021,1,2013-12-12,0,N,,PRISM_3D_MAGNITUDE_REPORTED
31-2010,2013-12-16,2013-12-16T19:17:20,17.54251977,46114.4688,27834.1623,1120.5569,6023,2,2013-12-14,0,N,,PRISM_3D_MAGNITUDE_REPORTED
31-2010,2013-12-17,2013-12-17T13:06:15,9.131812527,46114.4727,27834.1497,1120.5471,6024,1,2013-12-15,0,N,,PRISM_3D_MAGNITUDE_REPORTED
31-2010,2013-12-18,2013-12-18T19:52:34,22.93883171,46114.4707,27834.1399,1120.5317,6026,2,2013-12-16,1.6,N,,PRISM_3D_MAGNITUDE_REPORTED
31-2010,2013-12-20,2013-12-20T19:18:57,27.5610232,46114.4696,27834.172,1120.5485,6027,1,2013-12-18,0,N,,PRISM_3D_MAGNITUDE_REPORTED
31-2010,2013-12-21,2013-12-21T15:59:55,18.14442063,46114.4694,27834.1559,1120.5685,6028,1,2013-12-19,0,N,,PRISM_3D_MAGNITUDE_REPORTED
31-2010,2013-12-22,2013-12-22T15:48:37,18.15791838,46114.4729,27834.1497,1120.5369,6030,2,2013-12-20,0,N,,PRISM_3D_MAGNITUDE_REPORTED
31-2010,2013-12-23,2013-12-23T12:35:20,18.35919388,46114.4699,27834.1415,1120.536,6031,1,2013-12-21,0,N,,PRISM_3D_MAGNITUDE_REPORTED
31-2010,2013-12-24,2013-12-24T19:08:52,27.04274394,46114.4719,27834.1529,1120.5283,6033,2,2013-12-22,0,N,,PRISM_3D_MAGNITUDE_REPORTED
31-2010,2013-12-25,2013-12-25T13:32:30,14.01249442,46114.4695,27834.1479,1120.5403,6034,1,2013-12-23,0,N,,PRISM_3D_MAGNITUDE_REPORTED
31-2010,2013-12-26,2013-12-26T19:05:55,16.46481096,46114.4714,27834.1528,1120.5397,6035,1,2013-12-24,0.2,N,,PRISM_3D_MAGNITUDE_REPORTED
31-2010,2013-12-28,2013-12-28T01:12:08,26.9113359,46114.4707,27834.1528,1120.5283,6036,1,2013-12-26,0,N,,PRISM_3D_MAGNITUDE_REPORTED
31-2010,2013-12-29,2013-12-29T16:08:47,11.93817406,46114.466,27834.1556,1120.5586,6038,2,2013-12-27,0,N,,PRISM_3D_MAGNITUDE_REPORTED
31-2010,2013-12-30,2013-12-30T21:03:34,22.31165615,46114.4714,27834.1496,1120.5323,6040,2,2013-12-28,0,N,,PRISM_3D_MAGNITUDE_REPORTED
31-2010,2013-12-31,2013-12-31T21:19:22,8.346256646,46114.4704,27834.1479,1120.5463,6042,2,2013-12-29,,,,PRISM_3D_MAGNITUDE_REPORTED
31-2010,2014-01-01,2014-01-01T21:48:36,15.03163331,46114.4705,27834.1463,1120.5391,6044,2,2013-12-30,12,N,,PRISM_3D_MAGNITUDE_REPORTED
31-2010,2014-01-03,2014-01-03T12:55:03,8.709764636,46114.4697,27834.1414,1120.5461,6045,1,2014-01-01,0,N,,PRISM_3D_MAGNITUDE_REPORTED
31-2010,2014-01-04,2014-01-04T19:49:57,17.43387507,46114.4759,27834.1307,1120.5468,6048,3,2014-01-02,0,N,,PRISM_3D_MAGNITUDE_REPORTED
31-2010,2014-01-06,2014-01-06T14:32:33,5.437830453,46114.4714,27834.1416,1120.5505,6049,1,2014-01-04,0,N,,PRISM_3D_MAGNITUDE_REPORTED
31-2010,2014-01-07,2014-01-07T23:16:43,17.57071427,46114.4724,27834.1416,1120.5371,6051,2,2014-01-05,0,N,,PRISM_3D_MAGNITUDE_REPORTED
31-2010,2014-01-08,2014-01-08T23:14:05,28.48666355,46114.4714,27834.1512,1120.5263,6053,2,2014-01-06,0,N,,PRISM_3D_MAGNITUDE_REPORTED
31-2010,2014-01-09,2014-01-09T22:50:10,21.51604053,46114.4717,27834.1464,1120.5327,6055,2,2014-01-07,0,N,,PRISM_3D_MAGNITUDE_REPORTED
31-2010,2014-01-10,2014-01-10T22:31:18,33.15931242,46114.4723,27834.1738,1120.5379,6057,2,2014-01-08,0,N,,PRISM_3D_MAGNITUDE_REPORTED
31-2010,2014-01-12,2014-01-12T15:46:37,28.10800598,46114.4729,27834.1304,1120.5303,6058,1,2014-01-10,1.6,N,,PRISM_3D_MAGNITUDE_REPORTED
31-2010,2014-01-13,2014-01-13T03:25:29,22.91506055,46114.472,27834.1529,1120.5327,6059,1,2014-01-11,29.2,N,,PRISM_3D_MAGNITUDE_REPORTED
31-2010,2014-01-18,2014-01-18T15:00:11,4.839421455,46114.4708,27834.1463,1120.5497,6061,2,2014-01-16,15.4,N,,PRISM_3D_MAGNITUDE_REPORTED
31-2010,2014-01-19,2014-01-19T15:21:52,7.92022727,46114.4716,27834.1496,1120.5481,6062,1,2014-01-17,2,N,,PRISM_3D_MAGNITUDE_REPORTED
31-2010,2014-01-20,2014-01-20T15:47:39,19.01104942,46114.4732,27834.1337,1120.5393,6064,2,2014-01-18,0.2,N,,PRISM_3D_MAGNITUDE_REPORTED
31-2010,2014-01-21,2014-01-21T04:01:08,11.51347037,46114.474,27834.153,1120.5474,6065,1,2014-01-19,17.6,N,,PRISM_3D_MAGNITUDE_REPORTED
31-2010,2014-01-22,2014-01-22T14:22:41,29.73129664,46114.4769,27834.1275,1120.5313,6066,1,2014-01-20,0,N,,PRISM_3D_MAGNITUDE_REPORTED
31-2010,2014-01-23,2014-01-23T05:03:22,9.10549285,46114.4729,27834.1529,1120.5517,6067,1,2014-01-21,0,N,,PRISM_3D_MAGNITUDE_REPORTED
31-2010,2014-01-24,2014-01-24T08:50:12,26.91653767,46114.4745,27834.1466,1120.5277,6068,1,2014-01-22,10.4,N,,PRISM_3D_MAGNITUDE_REPORTED
31-2010,2014-01-28,2014-01-28T17:40:34,18.24664353,46114.4724,27834.1497,1120.5367,6069,1,2014-01-26,35,N,,PRISM_3D_MAGNITUDE_REPORTED
31-2010,2014-01-29,2014-01-29T06:20:04,10.23767552,46114.4738,27834.1466,1120.5451,6070,1,2014-01-27,24.8,N,,PRISM_3D_MAGNITUDE_REPORTED
31-2010,2014-01-31,2014-01-31T23:58:04,19.81741658,46114.4755,27834.1628,1120.5482,6071,1,2014-01-29,0,N,,PRISM_3D_MAGNITUDE_REPORTED
31-2010,2014-02-02,2014-02-02T02:36:13,38.28916296,46114.4768,27834.1179,1120.5281,6072,1,2014-01-31,0,N,,PRISM_3D_MAGNITUDE_REPORTED
31-2010,2014-02-07,2014-02-07T17:32:52,42.80770959,46114.4754,27834.1435,1120.5117,6073,1,2014-02-05,0,N,,PRISM_3D_MAGNITUDE_REPORTED
31-2010,2014-02-13,2014-02-13T18:34:30,29.55824758,46114.4778,27834.1485,1120.526,6074,1,2014-02-11,8.4,N,,PRISM_3D_MAGNITUDE_REPORTED
31-2010,2014-02-18,2014-02-18T19:33:31,68.77601326,46114.4933,27834.1063,1120.5026,6075,1,2014-02-16,115,N,,PRISM_3D_MAGNITUDE_REPORTED
36-1969,2013-11-21,2013-11-21T19:59:18,0,46531.964,28360.018,978.242,3705,1,2013-11-19,4.2,N,,PRISM_3D_MAGNITUDE_REPORTED
36-1969,2013-11-22,2013-11-22T02:20:29,7.483314775,46531.958,28360.016,978.238,3706,1,2013-11-20,0.2,N,,PRISM_3D_MAGNITUDE_REPORTED
36-1969,2013-11-23,2013-11-23T19:31:14,22.93468988,46531.973,28360.016,978.221,3707,1,2013-11-21,0,N,,PRISM_3D_MAGNITUDE_REPORTED
36-1969,2013-12-04,2013-12-04T22:27:20,30.028986,46531.9777,28360.0094,978.2167,3710,3,2013-12-02,0,N,,PRISM_3D_MAGNITUDE_REPORTED
36-1969,2013-12-05,2013-12-05T09:35:18,14.80202689,46531.9778,28360.0135,978.2391,3711,1,2013-12-03,20,N,,PRISM_3D_MAGNITUDE_REPORTED
36-1969,2013-12-08,2013-12-08T21:58:46,27.83487022,46531.9785,28360.0098,978.2197,3714,3,2013-12-06,8.2,N,,PRISM_3D_MAGNITUDE_REPORTED
36-1969,2013-12-09,2013-12-09T17:06:15,24.06096424,46531.9767,28360.011,978.2228,3718,4,2013-12-07,0,N,,PRISM_3D_MAGNITUDE_REPORTED
36-1969,2013-12-11,2013-12-11T23:28:15,36.96633604,46531.9871,28360.0099,978.2143,3722,4,2013-12-09,0,N,,PRISM_3D_MAGNITUDE_REPORTED
36-1969,2013-12-13,2013-12-13T20:46:58,26.94494387,46531.9905,28360.0133,978.2407,3723,1,2013-12-11,0,N,,PRISM_3D_MAGNITUDE_REPORTED
36-1969,2013-12-16,2013-12-16T19:30:48,17.32137408,46531.9783,28360.0107,978.2485,3725,2,2013-12-14,0,N,,PRISM_3D_MAGNITUDE_REPORTED
36-1969,2013-12-17,2013-12-17T17:22:36,51.2473414,46531.98,28360.0053,978.195,3727,2,2013-12-15,0,N,,PRISM_3D_MAGNITUDE_REPORTED
36-1969,2013-12-18,2013-12-18T20:33:32,17.17760169,46531.9703,28360.0067,978.2307,3730,3,2013-12-16,1.6,N,,PRISM_3D_MAGNITUDE_REPORTED
36-1969,2013-12-19,2013-12-19T19:59:57,25.22875344,46531.9828,28360.0072,978.2291,3733,3,2013-12-17,0,N,,PRISM_3D_MAGNITUDE_REPORTED
36-1969,2013-12-20,2013-12-20T22:45:39,31.39968153,46531.9753,28360.0053,978.2156,3739,6,2013-12-18,0,N,,PRISM_3D_MAGNITUDE_REPORTED
36-1969,2013-12-21,2013-12-21T21:37:52,31.26947393,46531.9829,28360.0071,978.2196,3744,5,2013-12-19,0,N,,PRISM_3D_MAGNITUDE_REPORTED
36-1969,2013-12-22,2013-12-22T23:50:03,39.3489517,46531.9716,28360.0033,978.2063,3750,6,2013-12-20,0,N,,PRISM_3D_MAGNITUDE_REPORTED
36-1969,2013-12-23,2013-12-23T23:03:34,22.07441959,46531.9668,28360.0042,978.225,3755,5,2013-12-21,0,N,,PRISM_3D_MAGNITUDE_REPORTED
36-1969,2013-12-24,2013-12-24T21:19:43,25.74762125,46531.9783,28360.0061,978.2242,3760,5,2013-12-22,0,N,,PRISM_3D_MAGNITUDE_REPORTED
36-1969,2013-12-25,2013-12-25T23:04:42,29.18424232,46531.9684,28360.0036,978.217,3766,6,2013-12-23,0,N,,PRISM_3D_MAGNITUDE_REPORTED
36-1969,2013-12-26,2013-12-26T20:06:02,31.06992115,46531.9641,28360.0013,978.2158,3771,5,2013-12-24,0.2,N,,PRISM_3D_MAGNITUDE_REPORTED
36-1969,2013-12-27,2013-12-27T22:06:01,19.98749609,46531.9759,28360.0063,978.231,3777,6,2013-12-25,0,N,,PRISM_3D_MAGNITUDE_REPORTED
36-1969,2013-12-28,2013-12-28T22:44:31,19.6035711,46531.9729,28360.0055,978.2298,3783,6,2013-12-26,0,N,,PRISM_3D_MAGNITUDE_REPORTED
36-1969,2013-12-29,2013-12-29T15:40:07,25.67294296,46531.9725,28360.0026,978.2233,3787,4,2013-12-27,0,N,,PRISM_3D_MAGNITUDE_REPORTED
36-1969,2013-12-30,2013-12-30T23:29:15,38.44203429,46531.9667,28360.0091,978.2793,3793,6,2013-12-28,0,N,,PRISM_3D_MAGNITUDE_REPORTED
36-1969,2013-12-31,2013-12-31T21:12:15,37.4766594,46531.9865,28360.004,978.2155,3798,5,2013-12-29,,,,PRISM_3D_MAGNITUDE_REPORTED
36-1969,2014-01-01,2014-01-01T18:58:24,35.14157082,46531.9865,28360.0042,978.2188,3803,5,2013-12-30,12,N,,PRISM_3D_MAGNITUDE_REPORTED
36-1969,2014-01-02,2014-01-02T21:38:19,65.40068807,46531.9765,28359.998,978.181,3808,5,2013-12-31,3.6,N,,PRISM_3D_MAGNITUDE_REPORTED
36-1969,2014-01-03,2014-01-03T21:12:58,39.39923857,46531.9798,28360.0015,978.2099,3813,5,2014-01-01,0,N,,PRISM_3D_MAGNITUDE_REPORTED
36-1969,2014-01-04,2014-01-04T23:20:50,31.59129627,46531.9788,28360.0031,978.2184,3819,6,2014-01-02,0,N,,PRISM_3D_MAGNITUDE_REPORTED
36-1969,2014-01-05,2014-01-05T23:24:54,32.57621832,46531.9879,28360.0054,978.2238,3823,4,2014-01-03,0,N,,PRISM_3D_MAGNITUDE_REPORTED
36-1969,2014-01-06,2014-01-06T23:10:48,30.16388569,46531.9795,28360.0036,978.2205,3828,5,2014-01-04,0,N,,PRISM_3D_MAGNITUDE_REPORTED
36-1969,2014-01-07,2014-01-07T20:37:33,21.0964452,46531.9775,28360.006,978.2311,3833,5,2014-01-05,0,N,,PRISM_3D_MAGNITUDE_REPORTED
36-1969,2014-01-08,2014-01-08T23:29:27,38.76635139,46531.9767,28360.0015,978.2093,3839,6,2014-01-06,0,N,,PRISM_3D_MAGNITUDE_REPORTED
36-1969,2014-01-09,2014-01-09T21:22:24,33.16760468,46531.9766,28360.0022,978.2157,3844,5,2014-01-07,0,N,,PRISM_3D_MAGNITUDE_REPORTED
36-1969,2014-01-10,2014-01-10T20:12:05,32.38471862,46531.9672,28360.0017,978.2142,3849,5,2014-01-08,0,N,,PRISM_3D_MAGNITUDE_REPORTED
36-1969,2014-01-11,2014-01-11T23:51:43,22.18062217,46531.9757,28360.0027,978.231,3855,6,2014-01-09,0.6,N,,PRISM_3D_MAGNITUDE_REPORTED
36-1969,2014-01-12,2014-01-12T21:51:57,18.96865836,46531.9754,28360.0044,978.2487,3860,5,2014-01-10,1.6,N,,PRISM_3D_MAGNITUDE_REPORTED
36-1969,2014-01-13,2014-01-13T23:08:35,26.7591106,46531.9736,28360.001,978.2237,3866,6,2014-01-11,29.2,N,,PRISM_3D_MAGNITUDE_REPORTED
36-1969,2014-01-14,2014-01-14T23:09:23,22.50777643,46531.9752,28360.001,978.2324,3872,6,2014-01-12,20,N,,PRISM_3D_MAGNITUDE_REPORTED
36-1969,2014-01-15,2014-01-15T23:05:52,24.87890673,46531.9848,28360.0046,978.2394,3877,5,2014-01-13,0.2,N,,PRISM_3D_MAGNITUDE_REPORTED
36-1969,2014-01-16,2014-01-16T20:37:20,24.00562434,46531.9743,28360.0017,978.2277,3882,5,2014-01-14,0.8,N,,PRISM_3D_MAGNITUDE_REPORTED
36-1969,2014-01-17,2014-01-17T21:15:04,36.42650134,46531.9839,28360.0008,978.2168,3886,4,2014-01-15,11,N,,PRISM_3D_MAGNITUDE_REPORTED
36-1969,2014-01-18,2014-01-18T22:45:53,24.21528443,46531.9707,28359.9998,978.2275,3892,6,2014-01-16,15.4,N,,PRISM_3D_MAGNITUDE_REPORTED
36-1969,2014-01-19,2014-01-19T20:48:22,35.89679651,46531.9732,28359.9985,978.2133,3897,5,2014-01-17,2,N,,PRISM_3D_MAGNITUDE_REPORTED
36-1969,2014-01-20,2014-01-20T22:40:45,27.32196918,46531.9776,28360.0008,978.2257,3903,6,2014-01-18,0.2,N,,PRISM_3D_MAGNITUDE_REPORTED
36-1969,2014-01-21,2014-01-21T20:05:33,38.66510054,46531.9777,28359.9999,978.2107,3907,4,2014-01-19,17.6,N,,PRISM_3D_MAGNITUDE_REPORTED
36-1969,2014-01-22,2014-01-22T21:25:30,26.53243298,46531.9716,28359.9991,978.225,3913,6,2014-01-20,0,N,,PRISM_3D_MAGNITUDE_REPORTED
36-1969,2014-01-23,2014-01-23T19:04:51,45.44810227,46531.9665,28359.9962,978.2022,3918,5,2014-01-21,0,N,,PRISM_3D_MAGNITUDE_REPORTED
36-1969,2014-01-24,2014-01-24T22:59:49,51.12650976,46531.9844,28359.998,978.1996,3924,6,2014-01-22,10.4,N,,PRISM_3D_MAGNITUDE_REPORTED
36-1969,2014-01-25,2014-01-25T20:19:38,32.81615456,46531.9764,28359.9985,978.2187,3929,5,2014-01-23,0.2,N,,PRISM_3D_MAGNITUDE_REPORTED
36-1969,2014-01-26,2014-01-26T20:26:23,39.62246837,46531.9653,28359.994,978.2105,3935,6,2014-01-24,0,N,,PRISM_3D_MAGNITUDE_REPORTED
36-1969,2014-01-27,2014-01-27T20:40:02,30.05079034,46531.9818,28359.9994,978.2265,3939,4,2014-01-25,0,N,,PRISM_3D_MAGNITUDE_REPORTED
36-1969,2014-01-28,2014-01-28T21:48:00,32.0551088,46531.9908,28360.002,978.2347,3944,5,2014-01-26,35,N,,PRISM_3D_MAGNITUDE_REPORTED
36-1969,2014-01-29,2014-01-29T23:32:08,36.93778553,46531.9842,28359.999,978.2176,3950,6,2014-01-27,24.8,N,,PRISM_3D_MAGNITUDE_REPORTED
36-1969,2014-01-30,2014-01-30T23:58:30,37.52265982,46531.9805,28359.9977,978.2151,3955,5,2014-01-28,0.8,N,,PRISM_3D_MAGNITUDE_REPORTED
36-1969,2014-01-31,2014-01-31T22:01:06,37.55289603,46531.9767,28359.9967,978.2138,3959,4,2014-01-29,0,N,,PRISM_3D_MAGNITUDE_REPORTED
36-1969,2014-02-01,2014-02-01T20:08:38,38.3084847,46531.9737,28359.9957,978.2124,3962,3,2014-01-30,0,N,,PRISM_3D_MAGNITUDE_REPORTED
36-1969,2014-02-02,2014-02-02T18:04:37,40.97328398,46531.9814,28359.9966,978.2117,3967,5,2014-01-31,0,N,,PRISM_3D_MAGNITUDE_REPORTED
36-1969,2014-02-03,2014-02-03T20:41:04,35.93132338,46531.9844,28359.9979,978.2203,3971,4,2014-02-01,0,N,,PRISM_3D_MAGNITUDE_REPORTED
36-1969,2014-02-04,2014-02-04T22:03:57,34.49115829,46531.9692,28359.9946,978.2172,3977,6,2014-02-02,0,N,,PRISM_3D_MAGNITUDE_REPORTED
36-1969,2014-02-05,2014-02-05T22:11:21,31.71293112,46531.9729,28359.9955,978.2215,3983,6,2014-02-03,19.2,N,,PRISM_3D_MAGNITUDE_REPORTED
36-1969,2014-02-06,2014-02-06T22:53:18,33.02620172,46531.9806,28359.9966,978.2231,3989,6,2014-02-04,8.6,N,,PRISM_3D_MAGNITUDE_REPORTED
36-1969,2014-02-07,2014-02-07T23:37:14,32.26437664,46531.9683,28359.9947,978.2201,3995,6,2014-02-05,0,N,,PRISM_3D_MAGNITUDE_REPORTED
36-1969,2014-02-08,2014-02-08T23:13:40,39.14715826,46531.9847,28359.996,978.2171,4001,6,2014-02-06,0.4,N,,PRISM_3D_MAGNITUDE_REPORTED
36-1969,2014-02-09,2014-02-09T20:15:29,36.72710171,46531.9846,28359.9964,978.2206,4005,4,2014-02-07,1.6,N,,PRISM_3D_MAGNITUDE_REPORTED
36-1969,2014-02-10,2014-02-10T22:12:42,37.10714217,46531.9717,28359.9933,978.2154,4009,4,2014-02-08,3.4,N,,PRISM_3D_MAGNITUDE_REPORTED
36-1969,2014-02-11,2014-02-11T20:17:41,43.27077536,46531.9756,28359.9936,978.2082,4013,4,2014-02-09,0.8,N,,PRISM_3D_MAGNITUDE_REPORTED
36-1969,2014-02-12,2014-02-12T19:55:25,41.14340773,46531.9818,28359.9945,978.2133,4018,5,2014-02-10,29,N,,PRISM_3D_MAGNITUDE_REPORTED
36-1969,2014-02-13,2014-02-13T23:36:41,58.21176857,46532.0004,28359.9961,978.2022,4024,6,2014-02-11,8.4,N,,PRISM_3D_MAGNITUDE_REPORTED
36-1969,2014-02-14,2014-02-14T22:39:31,38.52077361,46531.9805,28359.9926,978.2182,4029,5,2014-02-12,20.6,N,,PRISM_3D_MAGNITUDE_REPORTED
36-1969,2014-02-15,2014-02-15T20:02:13,57.63705406,46531.9849,28359.9901,978.1961,4033,4,2014-02-13,0.2,N,,PRISM_3D_MAGNITUDE_REPORTED
36-1969,2014-02-16,2014-02-16T18:57:20,47.28096869,46531.9808,28359.9865,978.211,4036,3,2014-02-14,0,N,,PRISM_3D_MAGNITUDE_REPORTED
36-1969,2014-02-17,2014-02-17T20:50:47,57.22883888,46531.9835,28359.984,978.2003,4038,2,2014-02-15,0,N,,PRISM_3D_MAGNITUDE_REPORTED
36-1969,2014-02-18,2014-02-18T21:12:28,53.32738509,46531.9861,28359.9826,978.2088,4042,4,2014-02-16,115,N,,PRISM_3D_MAGNITUDE_REPORTED
36-1969,2014-02-19,2014-02-19T16:32:50,62.66865245,46531.9804,28359.9792,978.1956,4046,4,2014-02-17,6,N,,PRISM_3D_MAGNITUDE_REPORTED
36-1969,2014-02-20,2014-02-20T05:40:52,59.42482646,46531.9919,28359.9811,978.2047,4047,1,2014-02-18,0,N,,PRISM_3D_MAGNITUDE_REPORTED
40-1928,2013-11-20,2013-11-20T23:32:59,11.70469991,46408.68,27630.647,924.845,936,2,2013-11-18,0,N,,PRISM_3D_MAGNITUDE_REPORTED
40-1928,2013-11-21,2013-11-21T22:02:19,15.55634919,46408.677,27630.649,924.857,941,5,2013-11-19,4.2,N,,PRISM_3D_MAGNITUDE_REPORTED
40-1928,2013-11-22,2013-11-22T23:48:27,20.1246118,46408.678,27630.647,924.861,946,5,2013-11-20,0.2,N,,PRISM_3D_MAGNITUDE_REPORTED
40-1928,2013-11-23,2013-11-23T22:26:15,13.49073756,46408.68,27630.646,924.849,950,4,2013-11-21,0,N,,PRISM_3D_MAGNITUDE_REPORTED
40-1928,2013-11-24,2013-11-24T14:09:14,16.91153453,46408.68,27630.642,924.849,953,3,2013-11-22,0,N,,PRISM_3D_MAGNITUDE_REPORTED
40-1928,2013-11-26,2013-11-26T23:55:35,15.03329638,46408.682,27630.648,924.853,959,6,2013-11-24,1.8,N,,PRISM_3D_MAGNITUDE_REPORTED
40-1928,2013-11-27,2013-11-27T22:45:56,16.30950643,46408.679,27630.653,924.859,962,3,2013-11-25,0,N,,PRISM_3D_MAGNITUDE_REPORTED
40-1928,2013-11-29,2013-11-29T03:30:47,8.999999999,46408.681,27630.653,924.848,963,1,2013-11-27,0,N,,PRISM_3D_MAGNITUDE_REPORTED
40-1928,2013-11-30,2013-11-30T16:28:46,10.94440497,46408.6825,27630.6507,924.8468,966,3,2013-11-28,0,N,,PRISM_3D_MAGNITUDE_REPORTED
40-1928,2013-12-01,2013-12-01T19:10:02,14.89630827,46408.6818,27630.6505,924.8549,969,3,2013-11-29,0,N,,PRISM_3D_MAGNITUDE_REPORTED
40-1928,2013-12-02,2013-12-02T18:20:23,19.41262476,46408.6811,27630.649,924.8602,972,3,2013-11-30,0,N,,PRISM_3D_MAGNITUDE_REPORTED
40-1928,2013-12-03,2013-12-03T22:14:55,16.26222617,46408.6794,27630.6581,924.8593,975,3,2013-12-01,0,N,,PRISM_3D_MAGNITUDE_REPORTED
40-1928,2013-12-06,2013-12-06T20:59:36,10.25670512,46408.6832,27630.6536,924.847,977,2,2013-12-04,0.2,N,,PRISM_3D_MAGNITUDE_REPORTED
40-1928,2013-12-07,2013-12-07T22:20:33,18.7880281,46408.6833,27630.6495,924.8585,983,6,2013-12-05,0.6,N,,PRISM_3D_MAGNITUDE_REPORTED
40-1928,2013-12-08,2013-12-08T06:52:18,16.09627286,46408.6824,27630.6507,924.8562,985,2,2013-12-06,8.2,N,,PRISM_3D_MAGNITUDE_REPORTED
40-1928,2013-12-10,2013-12-10T20:53:52,14.50241359,46408.6838,27630.6538,924.8542,989,4,2013-12-08,0,N,,PRISM_3D_MAGNITUDE_REPORTED
40-1928,2013-12-12,2013-12-12T20:28:53,18.34257343,46408.6832,27630.6536,924.8595,991,2,2013-12-10,0,N,,PRISM_3D_MAGNITUDE_REPORTED
40-1928,2013-12-13,2013-12-13T12:36:04,16.92631088,46408.6835,27630.6455,924.852,992,1,2013-12-11,0,N,,PRISM_3D_MAGNITUDE_REPORTED
40-1928,2013-12-14,2013-12-14T20:48:50,24.84874242,46408.6843,27630.6539,924.8664,995,3,2013-12-12,0,N,,PRISM_3D_MAGNITUDE_REPORTED
40-1928,2013-12-15,2013-12-15T14:04:33,27.26682967,46408.6814,27630.6504,924.8694,996,1,2013-12-13,0,N,,PRISM_3D_MAGNITUDE_REPORTED
40-1928,2013-12-16,2013-12-16T17:05:25,24.02914896,46408.683,27630.6508,924.8654,998,2,2013-12-14,0,N,,PRISM_3D_MAGNITUDE_REPORTED
40-1928,2013-12-17,2013-12-17T21:49:26,17.96162576,46408.6819,27630.656,924.8601,1001,3,2013-12-15,0,N,,PRISM_3D_MAGNITUDE_REPORTED
40-1928,2013-12-18,2013-12-18T17:37:33,16.34625339,46408.68,27630.6638,924.8576,1002,1,2013-12-16,1.6,N,,PRISM_3D_MAGNITUDE_REPORTED
40-1928,2013-12-19,2013-12-19T18:12:05,20.8540164,46408.6876,27630.6438,924.8527,1005,3,2013-12-17,0,N,,PRISM_3D_MAGNITUDE_REPORTED
40-1928,2013-12-20,2013-12-20T17:06:57,20.25586335,46408.6845,27630.6499,924.8598,1011,6,2013-12-18,0,N,,PRISM_3D_MAGNITUDE_REPORTED
40-1928,2013-12-21,2013-12-21T13:45:20,22.08461003,46408.6827,27630.659,924.8642,1013,2,2013-12-19,0,N,,PRISM_3D_MAGNITUDE_REPORTED
40-1928,2013-12-22,2013-12-22T17:20:18,13.32779052,46408.6849,27630.6541,924.8511,1017,4,2013-12-20,0,N,,PRISM_3D_MAGNITUDE_REPORTED
40-1928,2013-12-23,2013-12-23T19:22:30,22.78464395,46408.6823,27630.6561,924.8652,1021,4,2013-12-21,0,N,,PRISM_3D_MAGNITUDE_REPORTED
40-1928,2013-12-24,2013-12-24T17:45:01,26.2842158,46408.6821,27630.652,924.8685,1026,5,2013-12-22,0,N,,PRISM_3D_MAGNITUDE_REPORTED
40-1928,2013-12-25,2013-12-25T11:30:16,16.32360254,46408.6849,27630.6541,924.8558,1029,3,2013-12-23,0,N,,PRISM_3D_MAGNITUDE_REPORTED
40-1928,2013-12-26,2013-12-26T17:54:29,16.5752828,46408.6843,27630.6622,924.8559,1030,1,2013-12-24,0.2,N,,PRISM_3D_MAGNITUDE_REPORTED
40-1928,2013-12-27,2013-12-27T13:45:40,20.7395757,46408.6851,27630.6514,924.8606,1031,1,2013-12-25,0,N,,PRISM_3D_MAGNITUDE_REPORTED
40-1928,2013-12-28,2013-12-28T18:41:04,27.56827887,46408.6826,27630.6548,924.8701,1034,3,2013-12-26,0,N,,PRISM_3D_MAGNITUDE_REPORTED
40-1928,2013-12-29,2013-12-29T22:51:43,20.87726036,46408.6844,27630.6567,924.8621,1040,6,2013-12-27,0,N,,PRISM_3D_MAGNITUDE_REPORTED
40-1928,2013-12-30,2013-12-30T18:51:04,25.1874969,46408.6836,27630.651,924.8665,1045,5,2013-12-28,0,N,,PRISM_3D_MAGNITUDE_REPORTED
40-1928,2013-12-31,2013-12-31T19:29:59,28.48964724,46408.6819,27630.6615,924.871,1050,5,2013-12-29,,,,PRISM_3D_MAGNITUDE_REPORTED
40-1928,2014-01-01,2014-01-01T21:00:16,26.49849052,46408.6833,27630.6578,924.8688,1052,2,2013-12-30,12,N,,PRISM_3D_MAGNITUDE_REPORTED
40-1928,2014-01-02,2014-01-02T19:30:58,30.24731393,46408.6827,27630.659,924.8729,1054,2,2013-12-31,3.6,N,,PRISM_3D_MAGNITUDE_REPORTED
40-1928,2014-01-03,2014-01-03T23:52:38,21.97589589,46408.6833,27630.6591,924.8638,1057,3,2014-01-01,0,N,,PRISM_3D_MAGNITUDE_REPORTED
40-1928,2014-01-04,2014-01-04T16:19:14,27.54668764,46408.6817,27630.6697,924.8672,1061,4,2014-01-02,0,N,,PRISM_3D_MAGNITUDE_REPORTED
40-1928,2014-01-05,2014-01-05T15:43:42,28.98223594,46408.6814,27630.6559,924.872,1064,3,2014-01-03,0,N,,PRISM_3D_MAGNITUDE_REPORTED
40-1928,2014-01-06,2014-01-06T23:59:48,20.87726036,46408.6844,27630.6567,924.8621,1068,4,2014-01-04,0,N,,PRISM_3D_MAGNITUDE_REPORTED
40-1928,2014-01-07,2014-01-07T21:10:25,17.68926228,46408.6863,27630.6531,924.8561,1074,6,2014-01-05,0,N,,PRISM_3D_MAGNITUDE_REPORTED
40-1928,2014-01-08,2014-01-08T21:06:40,18.09032891,46408.687,27630.6519,924.8555,1080,6,2014-01-06,0,N,,PRISM_3D_MAGNITUDE_REPORTED
40-1928,2014-01-09,2014-01-09T20:45:09,18.59408508,46408.6847,27630.6595,924.859,1086,6,2014-01-07,0,N,,PRISM_3D_MAGNITUDE_REPORTED
40-1928,2014-01-10,2014-01-10T20:23:43,14.50551619,46408.6852,27630.6651,924.8484,1092,6,2014-01-08,0,N,,PRISM_3D_MAGNITUDE_REPORTED
40-1928,2014-01-11,2014-01-11T19:00:37,22.91244204,46408.6857,27630.657,924.8637,1097,5,2014-01-09,0.6,N,,PRISM_3D_MAGNITUDE_REPORTED
40-1928,2014-01-12,2014-01-12T23:38:43,21.09170453,46408.6841,27630.6621,924.8618,1099,2,2014-01-10,1.6,N,,PRISM_3D_MAGNITUDE_REPORTED
40-1928,2014-01-13,2014-01-13T22:53:41,21.94219679,46408.6841,27630.6621,924.8628,1105,6,2014-01-11,29.2,N,,PRISM_3D_MAGNITUDE_REPORTED
40-1928,2014-01-14,2014-01-14T23:03:59,18.27703477,46408.6876,27630.6575,924.8562,1112,7,2014-01-12,20,N,,PRISM_3D_MAGNITUDE_REPORTED
40-1928,2014-01-15,2014-01-15T21:49:09,30.1295536,46408.6855,27630.6515,924.8713,1116,4,2014-01-13,0.2,N,,PRISM_3D_MAGNITUDE_REPORTED
40-1928,2014-01-16,2014-01-16T01:14:58,23.57477466,46408.6816,27630.6669,924.864,1117,1,2014-01-14,0.8,N,,PRISM_3D_MAGNITUDE_REPORTED
40-1928,2014-01-17,2014-01-17T22:45:43,24.64731223,46408.6855,27630.657,924.8658,1120,3,2014-01-15,11,N,,PRISM_3D_MAGNITUDE_REPORTED
40-1928,2014-01-18,2014-01-18T23:16:42,25.35468399,46408.6843,27630.6621,924.8666,1126,6,2014-01-16,15.4,N,,PRISM_3D_MAGNITUDE_REPORTED
40-1928,2014-01-19,2014-01-19T23:22:31,27.53797378,46408.6859,27630.6557,924.8688,1132,6,2014-01-17,2,N,,PRISM_3D_MAGNITUDE_REPORTED
40-1928,2014-01-20,2014-01-20T17:43:15,29.20633493,46408.686,27630.6544,924.8705,1137,5,2014-01-18,0.2,N,,PRISM_3D_MAGNITUDE_REPORTED
40-1928,2014-01-21,2014-01-21T23:50:35,30.51786362,46408.6837,27630.662,924.8725,1143,6,2014-01-19,17.6,N,,PRISM_3D_MAGNITUDE_REPORTED
40-1928,2014-01-22,2014-01-22T12:06:15,27.43811218,46408.6876,27630.652,924.8673,1146,3,2014-01-20,0,N,,PRISM_3D_MAGNITUDE_REPORTED
40-1928,2014-01-23,2014-01-23T22:27:38,31.55487284,46408.6859,27630.6543,924.8731,1151,5,2014-01-21,0,N,,PRISM_3D_MAGNITUDE_REPORTED
40-1928,2014-01-24,2014-01-24T10:27:17,31.74177059,46408.6845,27630.6622,924.8735,1154,3,2014-01-22,10.4,N,,PRISM_3D_MAGNITUDE_REPORTED
40-1928,2014-01-25,2014-01-25T07:22:14,30.84752826,46408.6837,27630.6592,924.8732,1157,3,2014-01-23,0.2,N,,PRISM_3D_MAGNITUDE_REPORTED
40-1928,2014-01-26,2014-01-26T07:54:29,30.18244523,46408.6853,27630.661,924.8717,1159,2,2014-01-24,0,N,,PRISM_3D_MAGNITUDE_REPORTED
40-1928,2014-01-27,2014-01-27T12:31:34,20.04619665,46408.691,27630.6529,924.8538,1160,1,2014-01-25,0,N,,PRISM_3D_MAGNITUDE_REPORTED
40-1928,2014-01-28,2014-01-28T19:27:48,28.89567442,46408.6876,27630.6548,924.8694,1162,2,2014-01-26,35,N,,PRISM_3D_MAGNITUDE_REPORTED
40-1928,2014-01-29,2014-01-29T21:32:42,23.70843732,46408.686,27630.6667,924.862,1168,6,2014-01-27,24.8,N,,PRISM_3D_MAGNITUDE_REPORTED
40-1928,2014-01-30,2014-01-30T22:03:22,24.31748342,46408.6881,27630.6563,924.8638,1174,6,2014-01-28,0.8,N,,PRISM_3D_MAGNITUDE_REPORTED
40-1928,2014-01-31,2014-01-31T22:03:21,36.50273962,46408.685,27630.6623,924.8784,1180,6,2014-01-29,0,N,,PRISM_3D_MAGNITUDE_REPORTED
40-1928,2014-02-01,2014-02-01T22:28:06,31.16376101,46408.6867,27630.66,924.8723,1183,3,2014-01-30,0,N,,PRISM_3D_MAGNITUDE_REPORTED
40-1928,2014-02-02,2014-02-02T22:22:31,30.79123252,46408.692,27630.6491,924.8677,1189,6,2014-01-31,0,N,,PRISM_3D_MAGNITUDE_REPORTED
40-1928,2014-02-03,2014-02-03T20:59:59,28.42340585,46408.6878,27630.6617,924.8684,1195,6,2014-02-01,0,N,,PRISM_3D_MAGNITUDE_REPORTED
40-1928,2014-02-04,2014-02-04T21:33:35,24.72185268,46408.6914,27630.653,924.8611,1201,6,2014-02-02,0,N,,PRISM_3D_MAGNITUDE_REPORTED
40-1928,2014-02-05,2014-02-05T22:20:52,37.39665761,46408.6891,27630.6511,924.8777,1207,6,2014-02-03,19.2,N,,PRISM_3D_MAGNITUDE_REPORTED
40-1928,2014-02-06,2014-02-06T22:42:49,30.91229529,46408.6893,27630.6552,924.8708,1213,6,2014-02-04,8.6,N,,PRISM_3D_MAGNITUDE_REPORTED
40-1928,2014-02-07,2014-02-07T19:05:48,33.85055391,46408.6908,27630.6529,924.8731,1218,5,2014-02-05,0,N,,PRISM_3D_MAGNITUDE_REPORTED
40-1928,2014-02-08,2014-02-08T21:11:31,36.23520388,46408.6893,27630.6539,924.8767,1225,7,2014-02-06,0.4,N,,PRISM_3D_MAGNITUDE_REPORTED
40-1928,2014-02-09,2014-02-09T21:03:42,30.60408469,46408.6887,27630.6606,924.8706,1231,6,2014-02-07,1.6,N,,PRISM_3D_MAGNITUDE_REPORTED
40-1928,2014-02-10,2014-02-10T22:08:28,33.97587379,46408.6886,27630.6592,924.8746,1234,3,2014-02-08,3.4,N,,PRISM_3D_MAGNITUDE_REPORTED
40-1928,2014-02-11,2014-02-11T23:39:04,42.08883462,46408.6887,27630.6537,924.8833,1236,2,2014-02-09,0.8,N,,PRISM_3D_MAGNITUDE_REPORTED
40-1928,2014-02-12,2014-02-12T17:06:00,27.18620974,46408.6928,27630.6507,924.8626,1241,5,2014-02-10,29,N,,PRISM_3D_MAGNITUDE_REPORTED
40-1928,2014-02-13,2014-02-13T20:19:46,37.86040148,46408.6908,27630.6556,924.8779,1247,6,2014-02-11,8.4,N,,PRISM_3D_MAGNITUDE_REPORTED
40-1928,2014-02-14,2014-02-14T23:51:17,47.51189325,46408.6873,27630.6602,924.8895,1253,6,2014-02-12,20.6,N,,PRISM_3D_MAGNITUDE_REPORTED
40-1928,2014-02-15,2014-02-15T20:16:32,40.2418936,46408.692,27630.6505,924.8794,1257,4,2014-02-13,0.2,N,,PRISM_3D_MAGNITUDE_REPORTED
40-1928,2014-02-16,2014-02-16T23:06:35,38.89228715,46408.6929,27630.6534,924.8778,1258,1,2014-02-14,0,N,,PRISM_3D_MAGNITUDE_REPORTED
40-1928,2014-02-17,2014-02-17T21:26:16,41.33690845,46408.6933,27630.659,924.8805,1260,2,2014-02-15,0,N,,PRISM_3D_MAGNITUDE_REPORTED
40-1928,2014-02-18,2014-02-18T22:05:29,47.85572066,46408.6964,27630.653,924.8861,1265,5,2014-02-16,115,N,,PRISM_3D_MAGNITUDE_REPORTED
40-1928,2014-02-19,2014-02-19T21:41:20,58.73261445,46408.6946,27630.6566,924.899,1267,2,2014-02-17,6,N,,PRISM_3D_MAGNITUDE_REPORTED
40-1929,2013-11-20,2013-11-20T23:32:59,0,46409.272,27579.082,925.036,1268,1,2013-11-18,0,N,,PRISM_3D_MAGNITUDE_REPORTED
40-1929,2013-11-21,2013-11-21T15:04:39,16.1245155,46409.272,27579.068,925.044,1269,1,2013-11-19,4.2,N,,PRISM_3D_MAGNITUDE_REPORTED
40-1929,2013-11-22,2013-11-22T21:44:46,8.062257748,46409.271,27579.082,925.044,1271,2,2013-11-20,0.2,N,,PRISM_3D_MAGNITUDE_REPORTED
40-1929,2013-11-23,2013-11-23T22:26:15,7,46409.272,27579.082,925.043,1272,1,2013-11-21,0,N,,PRISM_3D_MAGNITUDE_REPORTED
40-1929,2013-11-24,2013-11-24T14:09:14,10.63014581,46409.272,27579.075,925.044,1273,1,2013-11-22,0,N,,PRISM_3D_MAGNITUDE_REPORTED
40-1929,2013-11-26,2013-11-26T16:35:04,18.11077028,46409.27,27579.082,925.054,1275,2,2013-11-24,1.8,N,,PRISM_3D_MAGNITUDE_REPORTED
40-1929,2013-11-29,2013-11-29T03:30:47,11.18033989,46409.276,27579.072,925.039,1276,1,2013-11-27,0,N,,PRISM_3D_MAGNITUDE_REPORTED
40-1929,2013-11-30,2013-11-30T00:29:31,13.6381817,46409.276,27579.075,925.047,1277,1,2013-11-28,0,N,,PRISM_3D_MAGNITUDE_REPORTED
40-1929,2013-12-01,2013-12-01T04:21:43,8.834591104,46409.276,27579.0777,925.0426,1278,1,2013-11-29,0,N,,PRISM_3D_MAGNITUDE_REPORTED
40-1929,2013-12-03,2013-12-03T20:09:36,12.22538343,46409.2769,27579.0752,925.0449,1280,2,2013-12-01,0,N,,PRISM_3D_MAGNITUDE_REPORTED
40-1929,2013-12-07,2013-12-07T16:14:08,10.02796091,46409.2782,27579.0756,925.0406,1282,2,2013-12-05,0.6,N,,PRISM_3D_MAGNITUDE_REPORTED
40-1929,2013-12-08,2013-12-08T04:55:44,18.47078775,46409.2769,27579.0724,925.051,1283,1,2013-12-06,8.2,N,,PRISM_3D_MAGNITUDE_REPORTED
40-1929,2013-12-10,2013-12-10T15:07:56,26.59736829,46409.2795,27579.0606,925.0499,1284,1,2013-12-08,0,N,,PRISM_3D_MAGNITUDE_REPORTED
40-1929,2013-12-14,2013-12-14T15:43:19,27.58713468,46409.2755,27579.0748,925.0624,1285,1,2013-12-12,0,N,,PRISM_3D_MAGNITUDE_REPORTED
40-1929,2013-12-16,2013-12-16T15:21:21,28.48192409,46409.2731,27579.0769,925.064,1286,1,2013-12-14,0,N,,PRISM_3D_MAGNITUDE_REPORTED
40-1929,2013-12-17,2013-12-17T21:49:26,20.88085247,46409.2766,27579.0737,925.0546,1287,1,2013-12-15,0,N,,PRISM_3D_MAGNITUDE_REPORTED
40-1929,2013-12-19,2013-12-19T03:10:31,20.70893527,46409.2765,27579.0751,925.055,1288,1,2013-12-17,0,N,,PRISM_3D_MAGNITUDE_REPORTED
40-1929,2013-12-20,2013-12-20T00:51:31,20.26672149,46409.2792,27579.0703,925.0509,1289,1,2013-12-18,0,N,,PRISM_3D_MAGNITUDE_REPORTED
40-1929,2013-12-22,2013-12-22T05:38:48,18.28031729,46409.2781,27579.0756,925.052,1290,1,2013-12-20,0,N,,PRISM_3D_MAGNITUDE_REPORTED
40-1929,2013-12-23,2013-12-23T19:22:30,24.4730464,46409.2792,27579.0717,925.057,1292,2,2013-12-21,0,N,,PRISM_3D_MAGNITUDE_REPORTED
40-1929,2013-12-24,2013-12-24T10:31:16,26.33647661,46409.2796,27579.0676,925.0567,1293,1,2013-12-22,0,N,,PRISM_3D_MAGNITUDE_REPORTED
40-1929,2013-12-25,2013-12-25T09:41:37,21.67463956,46409.2791,27579.0717,925.0537,1294,1,2013-12-23,0,N,,PRISM_3D_MAGNITUDE_REPORTED
40-1929,2013-12-28,2013-12-28T18:41:04,21.9041092,46409.2793,27579.0717,925.0539,1296,2,2013-12-26,0,N,,PRISM_3D_MAGNITUDE_REPORTED
40-1929,2013-12-29,2013-12-29T11:59:10,17.8930154,46409.2796,27579.0732,925.0496,1297,1,2013-12-27,0,N,,PRISM_3D_MAGNITUDE_REPORTED
40-1929,2013-12-30,2013-12-30T17:13:06,28.82169322,46409.2806,27579.0623,925.0552,1299,2,2013-12-28,0,N,,PRISM_3D_MAGNITUDE_REPORTED
40-1929,2013-12-31,2013-12-31T17:42:22,20.86096834,46409.2805,27579.0693,925.0502,1301,2,2013-12-29,,,,PRISM_3D_MAGNITUDE_REPORTED
40-1929,2014-01-01,2014-01-01T19:02:03,28.17747327,46409.2726,27579.0851,925.064,1302,1,2013-12-30,12,N,,PRISM_3D_MAGNITUDE_REPORTED
40-1929,2014-01-03,2014-01-03T23:52:38,24.38565152,46409.2784,27579.0701,925.0563,1303,1,2014-01-01,0,N,,PRISM_3D_MAGNITUDE_REPORTED
40-1929,2014-01-04,2014-01-04T16:19:14,22.82980508,46409.2802,27579.0706,925.054,1304,1,2014-01-02,0,N,,PRISM_3D_MAGNITUDE_REPORTED
40-1929,2014-01-06,2014-01-06T22:20:28,23.08809217,46409.2799,27579.0719,925.0552,1305,1,2014-01-04,0,N,,PRISM_3D_MAGNITUDE_REPORTED
40-1929,2014-01-07,2014-01-07T19:24:59,28.04193289,46409.2805,27579.0651,925.0567,1307,2,2014-01-05,0,N,,PRISM_3D_MAGNITUDE_REPORTED
40-1929,2014-01-08,2014-01-08T19:32:00,26.25280938,46409.2807,27579.0666,925.0554,1309,2,2014-01-06,0,N,,PRISM_3D_MAGNITUDE_REPORTED
40-1929,2014-01-09,2014-01-09T19:03:08,21.32557151,46409.2801,27579.0706,925.0521,1311,2,2014-01-07,0,N,,PRISM_3D_MAGNITUDE_REPORTED
40-1929,2014-01-10,2014-01-10T18:55:19,17.40344793,46409.2808,27579.0708,925.046,1313,2,2014-01-08,0,N,,PRISM_3D_MAGNITUDE_REPORTED
40-1929,2014-01-11,2014-01-11T19:00:37,32.73499656,46409.2826,27579.0601,925.0579,1315,2,2014-01-09,0.6,N,,PRISM_3D_MAGNITUDE_REPORTED
40-1929,2014-01-12,2014-01-12T23:38:43,22.24162764,46409.2803,27579.0706,925.0532,1316,1,2014-01-10,1.6,N,,PRISM_3D_MAGNITUDE_REPORTED
40-1929,2014-01-13,2014-01-13T22:53:41,20.14671189,46409.2792,27579.0759,925.0538,1318,2,2014-01-11,29.2,N,,PRISM_3D_MAGNITUDE_REPORTED
40-1929,2014-01-14,2014-01-14T21:10:46,21.27228244,46409.2779,27579.0783,925.0561,1320,2,2014-01-12,20,N,,PRISM_3D_MAGNITUDE_REPORTED
40-1929,2014-01-15,2014-01-15T20:02:52,22.92596781,46409.276,27579.0848,925.0584,1321,1,2014-01-13,0.2,N,,PRISM_3D_MAGNITUDE_REPORTED
40-1929,2014-01-17,2014-01-17T22:45:43,37.41416844,46409.2867,27579.0558,925.0583,1322,1,2014-01-15,11,N,,PRISM_3D_MAGNITUDE_REPORTED
40-1929,2014-01-18,2014-01-18T23:16:42,24.9,46409.2833,27579.0716,925.0556,1324,2,2014-01-16,15.4,N,,PRISM_3D_MAGNITUDE_REPORTED
40-1929,2014-01-19,2014-01-19T23:22:31,28.2116997,46409.2835,27579.0702,925.0589,1326,2,2014-01-17,2,N,,PRISM_3D_MAGNITUDE_REPORTED
40-1929,2014-01-20,2014-01-20T11:39:17,37.47652599,46409.2843,27579.0606,925.0642,1327,1,2014-01-18,0.2,N,,PRISM_3D_MAGNITUDE_REPORTED
40-1929,2014-01-21,2014-01-21T23:50:35,26.26423424,46409.2802,27579.0804,925.0609,1330,3,2014-01-19,17.6,N,,PRISM_3D_MAGNITUDE_REPORTED
40-1929,2014-01-22,2014-01-22T12:06:15,31.20849243,46409.287,27579.0629,925.0556,1331,1,2014-01-20,0,N,,PRISM_3D_MAGNITUDE_REPORTED
40-1929,2014-01-23,2014-01-23T13:41:16,24.74227152,46409.2896,27579.0651,925.0401,1333,2,2014-01-21,0,N,,PRISM_3D_MAGNITUDE_REPORTED
40-1929,2014-01-24,2014-01-24T05:00:45,33.68293336,46409.2838,27579.0689,925.0647,1334,1,2014-01-22,10.4,N,,PRISM_3D_MAGNITUDE_REPORTED
40-1929,2014-01-25,2014-01-25T01:45:10,29.59374934,46409.2851,27579.0693,925.0593,1335,1,2014-01-23,0.2,N,,PRISM_3D_MAGNITUDE_REPORTED
40-1929,2014-01-29,2014-01-29T19:23:39,36.83924538,46409.2896,27579.0651,925.0636,1337,2,2014-01-27,24.8,N,,PRISM_3D_MAGNITUDE_REPORTED
40-1929,2014-01-30,2014-01-30T20:28:06,31.337677,46409.2901,27579.0708,925.059,1339,2,2014-01-28,0.8,N,,PRISM_3D_MAGNITUDE_REPORTED
40-1929,2014-01-31,2014-01-31T20:00:27,33.08851765,46409.292,27579.0686,925.0587,1341,2,2014-01-29,0,N,,PRISM_3D_MAGNITUDE_REPORTED
40-1929,2014-02-01,2014-02-01T22:28:06,35.02242139,46409.2907,27579.0682,925.0622,1342,1,2014-01-30,0,N,,PRISM_3D_MAGNITUDE_REPORTED
40-1929,2014-02-02,2014-02-02T20:27:59,37.08813827,46409.2899,27579.0666,925.0646,1344,2,2014-01-31,0,N,,PRISM_3D_MAGNITUDE_REPORTED
40-1929,2014-02-03,2014-02-03T19:07:15,42.68969431,46409.2907,27579.0654,925.0706,1346,2,2014-02-01,0,N,,PRISM_3D_MAGNITUDE_REPORTED
40-1929,2014-02-04,2014-02-04T19:47:21,41.92636402,46409.2938,27579.0593,925.0637,1348,2,2014-02-02,0,N,,PRISM_3D_MAGNITUDE_REPORTED
40-1929,2014-02-05,2014-02-05T20:22:47,40.5621745,46409.2906,27579.0682,925.0693,1350,2,2014-02-03,19.2,N,,PRISM_3D_MAGNITUDE_REPORTED
40-1929,2014-02-06,2014-02-06T21:02:13,37.90263843,46409.2926,27579.066,925.0635,1352,2,2014-02-04,8.6,N,,PRISM_3D_MAGNITUDE_REPORTED
40-1929,2014-02-07,2014-02-07T13:33:43,28.67403006,46409.2926,27579.073,925.0538,1353,1,2014-02-05,0,N,,PRISM_3D_MAGNITUDE_REPORTED
40-1929,2014-02-08,2014-02-08T01:33:30,37.00959335,46409.2917,27579.0699,925.0649,1354,1,2014-02-06,0.4,N,,PRISM_3D_MAGNITUDE_REPORTED
40-1929,2014-02-09,2014-02-09T19:00:07,35.91907571,46409.2911,27579.0711,925.0644,1356,2,2014-02-07,1.6,N,,PRISM_3D_MAGNITUDE_REPORTED
40-1929,2014-02-10,2014-02-10T15:16:16,42.37829633,46409.2926,27579.066,925.0694,1357,1,2014-02-08,3.4,N,,PRISM_3D_MAGNITUDE_REPORTED
40-1929,2014-02-11,2014-02-11T23:39:04,47.6594167,46409.2955,27579.0641,925.0734,1358,1,2014-02-09,0.8,N,,PRISM_3D_MAGNITUDE_REPORTED
40-1929,2014-02-12,2014-02-12T11:01:06,44.25031074,46409.2986,27579.0622,925.0653,1359,1,2014-02-10,29,N,,PRISM_3D_MAGNITUDE_REPORTED
40-1929,2014-02-13,2014-02-13T14:03:00,45.04686449,46409.3016,27579.0645,925.0651,1361,2,2014-02-11,8.4,N,,PRISM_3D_MAGNITUDE_REPORTED
40-1929,2014-02-14,2014-02-14T16:49:11,42.15044484,46409.3016,27579.0687,925.0629,1363,2,2014-02-12,20.6,N,,PRISM_3D_MAGNITUDE_REPORTED
40-1929,2014-02-15,2014-02-15T20:16:32,44.87148315,46409.3025,27579.0704,925.0668,1365,2,2014-02-13,0.2,N,,PRISM_3D_MAGNITUDE_REPORTED
40-1929,2014-02-17,2014-02-17T21:35:17,83.51544767,46409.3491,27579.0819,925.0681,1366,1,2014-02-15,0,N,,PRISM_3D_MAGNITUDE_REPORTED
40-1929,2014-02-18,2014-02-18T14:21:21,83.83674612,46409.3526,27579.0802,925.059,1367,1,2014-02-16,115,N,,PRISM_3D_MAGNITUDE_REPORTED
40-1929,2014-02-19,2014-02-19T21:47:47,92.20748343,46409.3467,27579.0882,925.0897,1368,1,2014-02-17,6,N,,PRISM_3D_MAGNITUDE_REPORTED
40-1933,2013-11-20,2013-11-20T23:32:59,6.708203931,46422.829,27710.418,913.749,1370,2,2013-11-18,0,N,,PRISM_3D_MAGNITUDE_REPORTED
40-1933,2013-11-21,2013-11-21T22:02:19,12.68857754,46422.826,27710.419,913.759,1375,5,2013-11-19,4.2,N,,PRISM_3D_MAGNITUDE_REPORTED
40-1933,2013-11-22,2013-11-22T23:48:27,11.09053651,46422.826,27710.424,913.758,1380,5,2013-11-20,0.2,N,,PRISM_3D_MAGNITUDE_REPORTED
40-1933,2013-11-23,2013-11-23T22:46:26,10.29563014,46422.828,27710.419,913.756,1384,4,2013-11-21,0,N,,PRISM_3D_MAGNITUDE_REPORTED
40-1933,2013-11-24,2013-11-24T14:09:14,11.87434209,46422.829,27710.412,913.749,1387,3,2013-11-22,0,N,,PRISM_3D_MAGNITUDE_REPORTED
40-1933,2013-11-26,2013-11-26T23:55:35,6.782329985,46422.828,27710.422,913.753,1393,6,2013-11-24,1.8,N,,PRISM_3D_MAGNITUDE_REPORTED
40-1933,2013-11-27,2013-11-27T22:45:56,18.13835715,46422.829,27710.411,913.76,1396,3,2013-11-25,0,N,,PRISM_3D_MAGNITUDE_REPORTED
40-1933,2013-11-29,2013-11-29T03:30:47,4.242640688,46422.829,27710.422,913.746,1397,1,2013-11-27,0,N,,PRISM_3D_MAGNITUDE_REPORTED
40-1933,2013-11-30,2013-11-30T16:28:46,8.105553651,46422.8305,27710.4171,913.7462,1400,3,2013-11-28,0,N,,PRISM_3D_MAGNITUDE_REPORTED
40-1933,2013-12-01,2013-12-01T19:10:02,12.19426094,46422.8299,27710.4143,913.754,1402,2,2013-11-29,0,N,,PRISM_3D_MAGNITUDE_REPORTED
40-1933,2013-12-02,2013-12-02T18:20:23,19.16715941,46422.8305,27710.4078,913.7573,1406,4,2013-11-30,0,N,,PRISM_3D_MAGNITUDE_REPORTED
40-1933,2013-12-03,2013-12-03T22:14:55,11.02088926,46422.8311,27710.4146,913.7507,1409,3,2013-12-01,0,N,,PRISM_3D_MAGNITUDE_REPORTED
40-1933,2013-12-06,2013-12-06T20:59:36,6.491532946,46422.8305,27710.4197,913.748,1411,2,2013-12-04,0.2,N,,PRISM_3D_MAGNITUDE_REPORTED
40-1933,2013-12-07,2013-12-07T22:20:33,12.2102416,46422.8298,27710.4196,913.7577,1417,6,2013-12-05,0.6,N,,PRISM_3D_MAGNITUDE_REPORTED
40-1933,2013-12-08,2013-12-08T06:52:18,14.08048295,46422.8286,27710.4141,913.7573,1419,2,2013-12-06,8.2,N,,PRISM_3D_MAGNITUDE_REPORTED
40-1933,2013-12-10,2013-12-10T20:53:52,11.41271221,46422.8331,27710.415,913.7478,1423,4,2013-12-08,0,N,,PRISM_3D_MAGNITUDE_REPORTED
40-1933,2013-12-12,2013-12-12T20:28:53,13.93413076,46422.8336,27710.4124,913.7498,1425,2,2013-12-10,0,N,,PRISM_3D_MAGNITUDE_REPORTED
40-1933,2013-12-13,2013-12-13T12:36:04,15.30555455,46422.8319,27710.4094,913.7457,1426,1,2013-12-11,0,N,,PRISM_3D_MAGNITUDE_REPORTED
40-1933,2013-12-14,2013-12-14T21:10:39,8.668333173,46422.8302,27710.4223,913.7539,1429,3,2013-12-12,0,N,,PRISM_3D_MAGNITUDE_REPORTED
40-1933,2013-12-15,2013-12-15T14:04:33,17.3098238,46422.8287,27710.4193,913.7635,1430,1,2013-12-13,0,N,,PRISM_3D_MAGNITUDE_REPORTED
40-1933,2013-12-16,2013-12-16T17:05:25,12.20819397,46422.8324,27710.4148,913.7522,1432,2,2013-12-14,0,N,,PRISM_3D_MAGNITUDE_REPORTED
40-1933,2013-12-17,2013-12-17T21:49:26,9.882307424,46422.8292,27710.4221,913.7559,1435,3,2013-12-15,0,N,,PRISM_3D_MAGNITUDE_REPORTED
40-1933,2013-12-18,2013-12-18T17:57:20,11.51216748,46422.8294,27710.4221,913.7576,1436,1,2013-12-16,1.6,N,,PRISM_3D_MAGNITUDE_REPORTED
40-1933,2013-12-19,2013-12-19T18:12:05,11.82624201,46422.8338,27710.4151,913.7469,1439,3,2013-12-17,0,N,,PRISM_3D_MAGNITUDE_REPORTED
40-1933,2013-12-20,2013-12-20T17:06:57,14.35060974,46422.8317,27710.4147,913.7566,1445,6,2013-12-18,0,N,,PRISM_3D_MAGNITUDE_REPORTED
40-1933,2013-12-21,2013-12-21T13:45:20,9.774456507,46422.8313,27710.4199,913.7538,1447,2,2013-12-19,0,N,,PRISM_3D_MAGNITUDE_REPORTED
40-1933,2013-12-22,2013-12-22T17:20:18,13.01614383,46422.8292,27710.4353,913.7477,1451,4,2013-12-20,0,N,,PRISM_3D_MAGNITUDE_REPORTED
40-1933,2013-12-23,2013-12-23T19:22:30,13.06942998,46422.831,27710.4225,913.7586,1455,4,2013-12-21,0,N,,PRISM_3D_MAGNITUDE_REPORTED
40-1933,2013-12-24,2013-12-24T17:45:01,14.7682091,46422.8306,27710.4145,913.7577,1460,5,2013-12-22,0,N,,PRISM_3D_MAGNITUDE_REPORTED
40-1933,2013-12-25,2013-12-25T11:30:16,8.443932734,46422.8313,27710.4225,913.7526,1463,3,2013-12-23,0,N,,PRISM_3D_MAGNITUDE_REPORTED
40-1933,2013-12-26,2013-12-26T17:54:29,12.50639836,46422.8322,27710.4214,913.7571,1464,1,2013-12-24,0.2,N,,PRISM_3D_MAGNITUDE_REPORTED
40-1933,2013-12-27,2013-12-27T13:45:40,12.10702276,46422.8333,27710.415,913.7507,1465,1,2013-12-25,0,N,,PRISM_3D_MAGNITUDE_REPORTED
40-1933,2013-12-28,2013-12-28T18:41:04,9.982484664,46422.8334,27710.4177,913.748,1468,3,2013-12-26,0,N,,PRISM_3D_MAGNITUDE_REPORTED
40-1933,2013-12-29,2013-12-29T22:51:43,13.19772708,46422.8327,27710.4175,913.7562,1474,6,2013-12-27,0,N,,PRISM_3D_MAGNITUDE_REPORTED
40-1933,2013-12-30,2013-12-30T18:51:04,19.14810695,46422.8305,27710.4144,913.7632,1479,5,2013-12-28,0,N,,PRISM_3D_MAGNITUDE_REPORTED
40-1933,2013-12-31,2013-12-31T19:29:59,11.13373253,46422.832,27710.424,913.7556,1484,5,2013-12-29,,,,PRISM_3D_MAGNITUDE_REPORTED
40-1933,2014-01-01,2014-01-01T21:00:16,14.42359179,46422.8314,27710.4212,913.7598,1486,2,2013-12-30,12,N,,PRISM_3D_MAGNITUDE_REPORTED
40-1933,2014-01-02,2014-01-02T19:30:58,21.21650301,46422.8288,27710.4299,913.7667,1488,2,2013-12-31,3.6,N,,PRISM_3D_MAGNITUDE_REPORTED
40-1933,2014-01-03,2014-01-03T23:52:38,13.71167386,46422.8314,27710.4186,913.7583,1491,3,2014-01-01,0,N,,PRISM_3D_MAGNITUDE_REPORTED
40-1933,2014-01-04,2014-01-04T16:19:14,17.91814723,46422.8347,27710.4126,913.7579,1495,4,2014-01-02,0,N,,PRISM_3D_MAGNITUDE_REPORTED
40-1933,2014-01-05,2014-01-05T15:43:42,17.28120366,46422.8322,27710.4148,913.7604,1498,3,2014-01-03,0,N,,PRISM_3D_MAGNITUDE_REPORTED
40-1933,2014-01-06,2014-01-06T23:59:48,10.21812116,46422.831,27710.4251,913.755,1502,4,2014-01-04,0,N,,PRISM_3D_MAGNITUDE_REPORTED
40-1933,2014-01-07,2014-01-07T21:10:25,12.08428732,46422.8339,27710.4151,913.7491,1508,6,2014-01-05,0,N,,PRISM_3D_MAGNITUDE_REPORTED
40-1933,2014-01-08,2014-01-08T21:06:40,12.86001555,46422.8333,27710.415,913.7527,1514,6,2014-01-06,0,N,,PRISM_3D_MAGNITUDE_REPORTED
40-1933,2014-01-09,2014-01-09T20:45:09,9.079647573,46422.8318,27710.4252,913.7526,1520,6,2014-01-07,0,N,,PRISM_3D_MAGNITUDE_REPORTED
40-1933,2014-01-10,2014-01-10T20:23:43,10.95673309,46422.8323,27710.4306,913.744,1526,6,2014-01-08,0,N,,PRISM_3D_MAGNITUDE_REPORTED
40-1933,2014-01-11,2014-01-11T19:00:37,11.0440029,46422.8339,27710.4204,913.753,1531,5,2014-01-09,0.6,N,,PRISM_3D_MAGNITUDE_REPORTED
40-1933,2014-01-12,2014-01-12T23:38:43,10.25036585,46422.8331,27710.4215,913.7531,1533,2,2014-01-10,1.6,N,,PRISM_3D_MAGNITUDE_REPORTED
40-1933,2014-01-13,2014-01-13T22:53:41,10.07670581,46422.8342,27710.4257,913.7439,1539,6,2014-01-11,29.2,N,,PRISM_3D_MAGNITUDE_REPORTED
40-1933,2014-01-14,2014-01-14T23:03:59,10.0039992,46422.835,27710.4232,913.7468,1546,7,2014-01-12,20,N,,PRISM_3D_MAGNITUDE_REPORTED
40-1933,2014-01-15,2014-01-15T21:49:09,15.11323923,46422.8335,27710.415,913.7566,1550,4,2014-01-13,0.2,N,,PRISM_3D_MAGNITUDE_REPORTED
40-1933,2014-01-16,2014-01-16T01:14:58,8.880315313,46422.8309,27710.4264,913.7527,1551,1,2014-01-14,0.8,N,,PRISM_3D_MAGNITUDE_REPORTED
40-1933,2014-01-17,2014-01-17T22:45:43,11.501739,46422.8324,27710.4227,913.7558,1554,3,2014-01-15,11,N,,PRISM_3D_MAGNITUDE_REPORTED
40-1933,2014-01-18,2014-01-18T23:16:42,10.05236291,46422.8327,27710.4254,913.753,1560,6,2014-01-16,15.4,N,,PRISM_3D_MAGNITUDE_REPORTED
40-1933,2014-01-19,2014-01-19T23:43:32,14.70170058,46422.8337,27710.4177,913.7576,1566,6,2014-01-17,2,N,,PRISM_3D_MAGNITUDE_REPORTED
40-1933,2014-01-20,2014-01-20T17:43:15,14.04919927,46422.8323,27710.4227,913.759,1571,5,2014-01-18,0.2,N,,PRISM_3D_MAGNITUDE_REPORTED
40-1933,2014-01-21,2014-01-21T14:15:17,16.79106905,46422.8342,27710.4139,913.7577,1576,5,2014-01-19,17.6,N,,PRISM_3D_MAGNITUDE_REPORTED
40-1933,2014-01-22,2014-01-22T12:10:35,15.94678651,46422.8333,27710.4176,913.7595,1580,4,2014-01-20,0,N,,PRISM_3D_MAGNITUDE_REPORTED
40-1933,2014-01-23,2014-01-23T22:27:38,17.54793435,46422.8331,27710.4176,913.7616,1585,5,2014-01-21,0,N,,PRISM_3D_MAGNITUDE_REPORTED
40-1933,2014-01-24,2014-01-24T10:27:17,14.92179614,46422.831,27710.4251,913.7605,1588,3,2014-01-22,10.4,N,,PRISM_3D_MAGNITUDE_REPORTED
40-1933,2014-01-25,2014-01-25T07:22:14,13.1859774,46422.8311,27710.4251,913.7585,1591,3,2014-01-23,0.2,N,,PRISM_3D_MAGNITUDE_REPORTED
40-1933,2014-01-26,2014-01-26T07:54:29,13.20340865,46422.8323,27710.428,913.7568,1593,2,2014-01-24,0,N,,PRISM_3D_MAGNITUDE_REPORTED
40-1933,2014-01-27,2014-01-27T12:31:34,23.52041667,46422.8403,27710.4164,913.7304,1594,1,2014-01-25,0,N,,PRISM_3D_MAGNITUDE_REPORTED
40-1933,2014-01-28,2014-01-28T19:27:48,14.24464812,46422.8347,27710.4179,913.7561,1596,2,2014-01-26,35,N,,PRISM_3D_MAGNITUDE_REPORTED
40-1933,2014-01-29,2014-01-29T21:32:42,12.82536549,46422.8353,27710.4286,913.7418,1602,6,2014-01-27,24.8,N,,PRISM_3D_MAGNITUDE_REPORTED
40-1933,2014-01-30,2014-01-30T22:03:22,12.08428732,46422.8343,27710.4205,913.7543,1608,6,2014-01-28,0.8,N,,PRISM_3D_MAGNITUDE_REPORTED
40-1933,2014-01-31,2014-01-31T22:03:21,17.4321542,46422.8324,27710.4254,913.7626,1614,6,2014-01-29,0,N,,PRISM_3D_MAGNITUDE_REPORTED
40-1933,2014-02-01,2014-02-01T22:28:06,19.79696947,46422.8332,27710.4202,913.7648,1617,3,2014-01-30,0,N,,PRISM_3D_MAGNITUDE_REPORTED
40-1933,2014-02-02,2014-02-02T22:22:31,14.35304846,46422.8371,27710.4184,913.7532,1623,6,2014-01-31,0,N,,PRISM_3D_MAGNITUDE_REPORTED
40-1933,2014-02-03,2014-02-03T20:59:59,12.92207414,46422.8363,27710.4195,913.7522,1629,6,2014-02-01,0,N,,PRISM_3D_MAGNITUDE_REPORTED
40-1933,2014-02-04,2014-02-04T21:53:42,13.87011175,46422.8348,27710.4245,913.7567,1635,6,2014-02-02,0,N,,PRISM_3D_MAGNITUDE_REPORTED
40-1933,2014-02-05,2014-02-05T22:20:52,18.70481222,46422.8369,27710.4131,913.7575,1641,6,2014-02-03,19.2,N,,PRISM_3D_MAGNITUDE_REPORTED
40-1933,2014-02-06,2014-02-06T22:42:49,14.51413105,46422.8374,27710.4171,913.7517,1647,6,2014-02-04,8.6,N,,PRISM_3D_MAGNITUDE_REPORTED
40-1933,2014-02-07,2014-02-07T19:25:52,17.8622507,46422.8349,27710.4193,913.7614,1652,5,2014-02-05,0,N,,PRISM_3D_MAGNITUDE_REPORTED
40-1933,2014-02-08,2014-02-08T21:11:31,17.27946758,46422.8382,27710.4133,913.7525,1658,6,2014-02-06,0.4,N,,PRISM_3D_MAGNITUDE_REPORTED
40-1933,2014-02-09,2014-02-09T21:03:42,13.88920444,46422.8365,27710.4209,913.7545,1664,6,2014-02-07,1.6,N,,PRISM_3D_MAGNITUDE_REPORTED
40-1933,2014-02-10,2014-02-10T22:08:28,14.91442255,46422.8362,27710.4208,913.7566,1667,3,2014-02-08,3.4,N,,PRISM_3D_MAGNITUDE_REPORTED
40-1933,2014-02-11,2014-02-11T23:39:04,24.74712104,46422.8371,27710.4105,913.7646,1669,2,2014-02-09,0.8,N,,PRISM_3D_MAGNITUDE_REPORTED
40-1933,2014-02-12,2014-02-12T17:06:00,14.17145017,46422.8385,27710.4187,913.7473,1674,5,2014-02-10,29,N,,PRISM_3D_MAGNITUDE_REPORTED
40-1933,2014-02-13,2014-02-13T20:40:24,23.66284007,46422.8346,27710.4219,913.7686,1680,6,2014-02-11,8.4,N,,PRISM_3D_MAGNITUDE_REPORTED
40-1933,2014-02-14,2014-02-14T23:51:17,20.7434327,46422.8368,27710.4183,913.7634,1686,6,2014-02-12,20.6,N,,PRISM_3D_MAGNITUDE_REPORTED
40-1933,2014-02-15,2014-02-15T20:16:32,17.24673883,46422.8395,27710.4162,913.7534,1690,4,2014-02-13,0.2,N,,PRISM_3D_MAGNITUDE_REPORTED
40-1933,2014-02-16,2014-02-16T23:06:35,22.35307585,46422.8415,27710.414,913.7591,1691,1,2014-02-14,0,N,,PRISM_3D_MAGNITUDE_REPORTED
40-1933,2014-02-17,2014-02-17T21:35:17,23.20043103,46422.8437,27710.4171,913.7594,1693,2,2014-02-15,0,N,,PRISM_3D_MAGNITUDE_REPORTED
40-1933,2014-02-18,2014-02-18T22:05:29,30.60294104,46422.8477,27710.4099,913.7628,1698,5,2014-02-16,115,N,,PRISM_3D_MAGNITUDE_REPORTED
40-1933,2014-02-19,2014-02-19T21:54:48,28.59755235,46422.8481,27710.418,913.7631,1700,2,2014-02-17,6,N,,PRISM_3D_MAGNITUDE_REPORTED
40-1934,2013-11-20,2013-11-20T23:32:59,0,46416.541,27760.744,912.91,1701,1,2013-11-18,0,N,,PRISM_3D_MAGNITUDE_REPORTED
40-1934,2013-11-21,2013-11-21T15:25:41,17.49285568,46416.537,27760.745,912.927,1702,1,2013-11-19,4.2,N,,PRISM_3D_MAGNITUDE_REPORTED
40-1934,2013-11-22,2013-11-22T21:44:46,8.831760867,46416.539,27760.749,912.917,1704,2,2013-11-20,0.2,N,,PRISM_3D_MAGNITUDE_REPORTED
40-1934,2013-11-23,2013-11-23T22:46:26,9.273618496,46416.539,27760.745,912.919,1705,1,2013-11-21,0,N,,PRISM_3D_MAGNITUDE_REPORTED
40-1934,2013-11-24,2013-11-24T14:29:46,13.96424004,46416.536,27760.751,912.921,1706,1,2013-11-22,0,N,,PRISM_3D_MAGNITUDE_REPORTED
40-1934,2013-11-26,2013-11-26T16:56:32,11.22497216,46416.54,27760.754,912.915,1708,2,2013-11-24,1.8,N,,PRISM_3D_MAGNITUDE_REPORTED
40-1934,2013-11-29,2013-11-29T03:51:26,6.782329982,46416.542,27760.741,912.916,1709,1,2013-11-27,0,N,,PRISM_3D_MAGNITUDE_REPORTED
40-1934,2013-11-30,2013-11-30T00:29:31,4.242640688,46416.542,27760.743,912.914,1710,1,2013-11-28,0,N,,PRISM_3D_MAGNITUDE_REPORTED
40-1934,2013-12-01,2013-12-01T04:21:43,4.081666326,46416.5429,27760.7416,912.9127,1711,1,2013-11-29,0,N,,PRISM_3D_MAGNITUDE_REPORTED
40-1934,2013-12-03,2013-12-03T20:09:36,7.795511529,46416.5413,27760.7492,912.9158,1713,2,2013-12-01,0,N,,PRISM_3D_MAGNITUDE_REPORTED
40-1934,2013-12-07,2013-12-07T16:14:08,9.626006444,46416.5451,27760.7472,912.9019,1715,2,2013-12-05,0.6,N,,PRISM_3D_MAGNITUDE_REPORTED
40-1934,2013-12-08,2013-12-08T04:55:44,10.39615313,46416.5408,27760.7492,912.919,1716,1,2013-12-06,8.2,N,,PRISM_3D_MAGNITUDE_REPORTED
40-1934,2013-12-10,2013-12-10T15:07:56,15.88961925,46416.543,27760.7312,912.9192,1717,1,2013-12-08,0,N,,PRISM_3D_MAGNITUDE_REPORTED
40-1934,2013-12-14,2013-12-14T15:48:11,27.82534816,46416.5416,27760.7715,912.9058,1718,1,2013-12-12,0,N,,PRISM_3D_MAGNITUDE_REPORTED
40-1934,2013-12-16,2013-12-16T15:21:21,18.64886056,46416.5398,27760.7595,912.9203,1719,1,2013-12-14,0,N,,PRISM_3D_MAGNITUDE_REPORTED
40-1934,2013-12-17,2013-12-17T21:49:26,11.63700993,46416.5421,27760.7454,912.9215,1720,1,2013-12-15,0,N,,PRISM_3D_MAGNITUDE_REPORTED
40-1934,2013-12-19,2013-12-19T03:10:31,14.25271904,46416.5419,27760.7572,912.9153,1721,1,2013-12-17,0,N,,PRISM_3D_MAGNITUDE_REPORTED
40-1934,2013-12-20,2013-12-20T00:51:31,7.226340706,46416.5439,27760.747,912.9159,1722,1,2013-12-18,0,N,,PRISM_3D_MAGNITUDE_REPORTED
40-1934,2013-12-22,2013-12-22T05:38:48,9.179324596,46416.5441,27760.7523,912.9124,1723,1,2013-12-20,0,N,,PRISM_3D_MAGNITUDE_REPORTED
40-1934,2013-12-23,2013-12-23T19:22:30,11.47083258,46416.5441,27760.7471,912.9206,1725,2,2013-12-21,0,N,,PRISM_3D_MAGNITUDE_REPORTED
40-1934,2013-12-24,2013-12-24T10:31:16,8.905616207,46416.5441,27760.7497,912.9161,1726,1,2013-12-22,0,N,,PRISM_3D_MAGNITUDE_REPORTED
40-1934,2013-12-25,2013-12-25T09:41:37,9.184225609,46416.5441,27760.7497,912.9165,1727,1,2013-12-23,0,N,,PRISM_3D_MAGNITUDE_REPORTED
40-1934,2013-12-28,2013-12-28T18:41:04,15.66045976,46416.5423,27760.752,912.9234,1729,2,2013-12-26,0,N,,PRISM_3D_MAGNITUDE_REPORTED
40-1934,2013-12-29,2013-12-29T11:59:10,5.155579506,46416.5457,27760.7447,912.912,1730,1,2013-12-27,0,N,,PRISM_3D_MAGNITUDE_REPORTED
40-1934,2013-12-30,2013-12-30T17:13:06,14.14567072,46416.543,27760.7469,912.9237,1732,2,2013-12-28,0,N,,PRISM_3D_MAGNITUDE_REPORTED
40-1934,2013-12-31,2013-12-31T17:42:22,12.86118191,46416.544,27760.7444,912.9225,1734,2,2013-12-29,,,,PRISM_3D_MAGNITUDE_REPORTED
40-1934,2014-01-01,2014-01-01T19:22:33,22.6962552,46416.5406,27760.757,912.9286,1735,1,2013-12-30,12,N,,PRISM_3D_MAGNITUDE_REPORTED
40-1934,2014-01-03,2014-01-03T23:52:38,14.14991166,46416.5433,27760.7522,912.9213,1736,1,2014-01-01,0,N,,PRISM_3D_MAGNITUDE_REPORTED
40-1934,2014-01-04,2014-01-04T16:19:14,13.25066036,46416.5455,27760.7538,912.9177,1737,1,2014-01-02,0,N,,PRISM_3D_MAGNITUDE_REPORTED
40-1934,2014-01-06,2014-01-06T22:20:28,12.17251001,46416.5453,27760.7538,912.9158,1738,1,2014-01-04,0,N,,PRISM_3D_MAGNITUDE_REPORTED
40-1934,2014-01-07,2014-01-07T19:24:59,6.992138448,46416.5474,27760.7437,912.9128,1740,2,2014-01-05,0,N,,PRISM_3D_MAGNITUDE_REPORTED
40-1934,2014-01-08,2014-01-08T19:32:00,11.42716063,46416.5447,27760.7445,912.9208,1742,2,2014-01-06,0,N,,PRISM_3D_MAGNITUDE_REPORTED
40-1934,2014-01-09,2014-01-09T19:03:08,10.36822068,46416.5443,27760.751,912.9169,1744,2,2014-01-07,0,N,,PRISM_3D_MAGNITUDE_REPORTED
40-1934,2014-01-10,2014-01-10T06:20:59,18.51971922,46416.5425,27760.7612,912.9167,1745,1,2014-01-08,0,N,,PRISM_3D_MAGNITUDE_REPORTED
40-1934,2014-01-11,2014-01-11T19:00:37,8.121576204,46416.5478,27760.7476,912.9126,1747,2,2014-01-09,0.6,N,,PRISM_3D_MAGNITUDE_REPORTED
40-1934,2014-01-12,2014-01-12T23:38:43,10.80786751,46416.5464,27760.7526,912.9137,1748,1,2014-01-10,1.6,N,,PRISM_3D_MAGNITUDE_REPORTED
40-1934,2014-01-13,2014-01-13T22:53:41,15.33427533,46416.5454,27760.7577,912.9153,1750,2,2014-01-11,29.2,N,,PRISM_3D_MAGNITUDE_REPORTED
40-1934,2014-01-14,2014-01-14T21:31:11,7.988116174,46416.5476,27760.7476,912.9127,1752,2,2014-01-12,20,N,,PRISM_3D_MAGNITUDE_REPORTED
40-1934,2014-01-15,2014-01-15T20:23:03,22.56036347,46416.5436,27760.7626,912.9225,1753,1,2014-01-13,0.2,N,,PRISM_3D_MAGNITUDE_REPORTED
40-1934,2014-01-17,2014-01-17T22:45:43,12.86001555,46416.5467,27760.7448,912.9215,1754,1,2014-01-15,11,N,,PRISM_3D_MAGNITUDE_REPORTED
40-1934,2014-01-18,2014-01-18T23:16:42,10.56834897,46416.5472,27760.7502,912.9159,1756,2,2014-01-16,15.4,N,,PRISM_3D_MAGNITUDE_REPORTED
40-1934,2014-01-19,2014-01-19T23:43:32,14.50861813,46416.5463,27760.75,912.9221,1758,2,2014-01-17,2,N,,PRISM_3D_MAGNITUDE_REPORTED
40-1934,2014-01-20,2014-01-20T11:59:23,11.8393412,46416.5458,27760.7447,912.9208,1759,1,2014-01-18,0.2,N,,PRISM_3D_MAGNITUDE_REPORTED
40-1934,2014-01-21,2014-01-21T12:40:21,20.12684774,46416.5453,27760.7472,912.9294,1761,2,2014-01-19,17.6,N,,PRISM_3D_MAGNITUDE_REPORTED
40-1934,2014-01-22,2014-01-22T12:10:35,10.53802638,46416.5479,27760.749,912.9162,1763,2,2014-01-20,0,N,,PRISM_3D_MAGNITUDE_REPORTED
40-1934,2014-01-23,2014-01-23T14:01:52,18.91401597,46416.5483,27760.7346,912.9247,1765,2,2014-01-21,0,N,,PRISM_3D_MAGNITUDE_REPORTED
40-1934,2014-01-24,2014-01-24T05:00:45,11.53342968,46416.548,27760.7451,912.9191,1766,1,2014-01-22,10.4,N,,PRISM_3D_MAGNITUDE_REPORTED
40-1934,2014-01-25,2014-01-25T02:05:15,12.75852656,46416.5471,27760.7501,912.9194,1767,1,2014-01-23,0.2,N,,PRISM_3D_MAGNITUDE_REPORTED
40-1934,2014-01-29,2014-01-29T19:43:43,15.65439236,46416.5502,27760.7519,912.9199,1769,2,2014-01-27,24.8,N,,PRISM_3D_MAGNITUDE_REPORTED
40-1934,2014-01-30,2014-01-30T20:28:06,19.76132587,46416.5489,27760.7543,912.9249,1770,1,2014-01-28,0.8,N,,PRISM_3D_MAGNITUDE_REPORTED
40-1934,2014-01-31,2014-01-31T20:00:27,14.16368596,46416.5503,27760.7506,912.9184,1772,2,2014-01-29,0,N,,PRISM_3D_MAGNITUDE_REPORTED
40-1934,2014-02-01,2014-02-01T22:49:23,16.92955995,46416.5504,27760.748,912.9235,1773,1,2014-01-30,0,N,,PRISM_3D_MAGNITUDE_REPORTED
40-1934,2014-02-02,2014-02-02T20:27:59,16.21449969,46416.5481,27760.7581,912.9137,1775,2,2014-01-31,0,N,,PRISM_3D_MAGNITUDE_REPORTED
40-1934,2014-02-03,2014-02-03T19:28:40,13.48554782,46416.5525,27760.7484,912.9155,1777,2,2014-02-01,0,N,,PRISM_3D_MAGNITUDE_REPORTED
40-1934,2014-02-04,2014-02-04T19:47:21,16.88608895,46416.5507,27760.7481,912.9232,1779,2,2014-02-02,0,N,,PRISM_3D_MAGNITUDE_REPORTED
40-1934,2014-02-05,2014-02-05T20:22:47,22.74313083,46416.5495,27760.7518,912.9296,1781,2,2014-02-03,19.2,N,,PRISM_3D_MAGNITUDE_REPORTED
40-1934,2014-02-06,2014-02-06T21:02:13,17.55790421,46416.552,27760.7378,912.9222,1783,2,2014-02-04,8.6,N,,PRISM_3D_MAGNITUDE_REPORTED
40-1934,2014-02-07,2014-02-07T13:54:50,19.13583027,46416.5478,27760.7555,912.9237,1784,1,2014-02-05,0,N,,PRISM_3D_MAGNITUDE_REPORTED
40-1934,2014-02-08,2014-02-08T01:45:25,27.50745354,46416.551,27760.7325,912.9329,1785,1,2014-02-06,0.4,N,,PRISM_3D_MAGNITUDE_REPORTED
40-1934,2014-02-09,2014-02-09T19:00:07,17.85777142,46416.5495,27760.7531,912.9228,1787,2,2014-02-07,1.6,N,,PRISM_3D_MAGNITUDE_REPORTED
40-1934,2014-02-10,2014-02-10T16:38:05,18.78536665,46416.5506,27760.7533,912.9232,1789,2,2014-02-08,3.4,N,,PRISM_3D_MAGNITUDE_REPORTED
40-1934,2014-02-11,2014-02-11T23:54:47,17.5348225,46416.5523,27760.7457,912.9233,1790,1,2014-02-09,0.8,N,,PRISM_3D_MAGNITUDE_REPORTED
40-1934,2014-02-12,2014-02-12T11:01:06,20.22028684,46416.5507,27760.7494,912.9269,1791,1,2014-02-10,29,N,,PRISM_3D_MAGNITUDE_REPORTED
40-1934,2014-02-13,2014-02-13T14:03:00,23.42541355,46416.5531,27760.7393,912.9295,1793,2,2014-02-11,8.4,N,,PRISM_3D_MAGNITUDE_REPORTED
40-1934,2014-02-14,2014-02-14T16:49:11,17.3049126,46416.5537,27760.7459,912.9216,1795,2,2014-02-12,20.6,N,,PRISM_3D_MAGNITUDE_REPORTED
40-1934,2014-02-15,2014-02-15T20:16:32,23.26284591,46416.558,27760.7336,912.922,1797,2,2014-02-13,0.2,N,,PRISM_3D_MAGNITUDE_REPORTED
40-1937,2013-11-20,2013-11-20T23:32:59,12.08304597,46447.136,27726.142,900.741,2166,2,2013-11-18,0,N,,PRISM_3D_MAGNITUDE_REPORTED
40-1937,2013-11-21,2013-11-21T22:02:19,7.810249673,46447.134,27726.147,900.745,2171,5,2013-11-19,4.2,N,,PRISM_3D_MAGNITUDE_REPORTED
40-1937,2013-11-22,2013-11-22T23:48:27,12.40967364,46447.134,27726.145,900.75,2176,5,2013-11-20,0.2,N,,PRISM_3D_MAGNITUDE_REPORTED
40-1937,2013-11-23,2013-11-23T22:46:26,10.44030651,46447.134,27726.147,900.749,2180,4,2013-11-21,0,N,,PRISM_3D_MAGNITUDE_REPORTED
40-1937,2013-11-24,2013-11-24T14:29:46,16.58312395,46447.13,27726.146,900.756,2183,3,2013-11-22,0,N,,PRISM_3D_MAGNITUDE_REPORTED
40-1937,2013-11-26,2013-11-26T23:55:35,12.72792206,46447.136,27726.142,900.745,2189,6,2013-11-24,1.8,N,,PRISM_3D_MAGNITUDE_REPORTED
40-1937,2013-11-27,2013-11-27T22:45:56,14.79864859,46447.136,27726.14,900.746,2192,3,2013-11-25,0,N,,PRISM_3D_MAGNITUDE_REPORTED
40-1937,2013-11-29,2013-11-29T03:51:26,12.4498996,46447.136,27726.142,900.744,2193,1,2013-11-27,0,N,,PRISM_3D_MAGNITUDE_REPORTED
40-1937,2013-11-30,2013-11-30T16:28:46,13.10381624,46447.1379,27726.1441,900.7343,2196,3,2013-11-28,0,N,,PRISM_3D_MAGNITUDE_REPORTED
40-1937,2013-12-01,2013-12-01T19:10:02,12.58808961,46447.1359,27726.1424,900.7457,2199,3,2013-11-29,0,N,,PRISM_3D_MAGNITUDE_REPORTED
40-1937,2013-12-02,2013-12-02T18:20:23,18.54022654,46447.136,27726.1373,900.7495,2203,4,2013-11-30,0,N,,PRISM_3D_MAGNITUDE_REPORTED
40-1937,2013-12-03,2013-12-03T22:14:55,9.859006035,46447.137,27726.1452,900.7416,2206,3,2013-12-01,0,N,,PRISM_3D_MAGNITUDE_REPORTED
40-1937,2013-12-06,2013-12-06T20:59:36,11.01317393,46447.1372,27726.1439,900.7412,2208,2,2013-12-04,0.2,N,,PRISM_3D_MAGNITUDE_REPORTED
40-1937,2013-12-07,2013-12-07T22:20:33,13.01806437,46447.1377,27726.1427,900.7453,2214,6,2013-12-05,0.6,N,,PRISM_3D_MAGNITUDE_REPORTED
40-1937,2013-12-08,2013-12-08T06:52:18,13.55064574,46447.1345,27726.1434,900.7499,2216,2,2013-12-06,8.2,N,,PRISM_3D_MAGNITUDE_REPORTED
40-1937,2013-12-10,2013-12-10T20:53:52,10.85264944,46447.1378,27726.1453,900.7445,2220,4,2013-12-08,0,N,,PRISM_3D_MAGNITUDE_REPORTED
40-1937,2013-12-12,2013-12-12T20:28:53,10.69439105,46447.1386,27726.1455,900.7416,2222,2,2013-12-10,0,N,,PRISM_3D_MAGNITUDE_REPORTED
40-1937,2013-12-13,2013-12-13T12:57:20,7.408778578,46447.1359,27726.1578,900.7382,2223,1,2013-12-11,0,N,,PRISM_3D_MAGNITUDE_REPORTED
40-1937,2013-12-14,2013-12-14T21:10:39,31.72632976,46447.1314,27726.1454,900.7718,2226,3,2013-12-12,0,N,,PRISM_3D_MAGNITUDE_REPORTED
40-1937,2013-12-15,2013-12-15T14:04:33,28.39876758,46447.1345,27726.137,900.7642,2227,1,2013-12-13,0,N,,PRISM_3D_MAGNITUDE_REPORTED
40-1937,2013-12-16,2013-12-16T17:05:25,16.11241757,46447.1384,27726.1403,900.7476,2229,2,2013-12-14,0,N,,PRISM_3D_MAGNITUDE_REPORTED
40-1937,2013-12-17,2013-12-17T22:10:04,6.516133819,46447.1369,27726.1503,900.7404,2232,3,2013-12-15,0,N,,PRISM_3D_MAGNITUDE_REPORTED
40-1937,2013-12-18,2013-12-18T17:57:20,8.48881617,46447.138,27726.1505,900.7369,2233,1,2013-12-16,1.6,N,,PRISM_3D_MAGNITUDE_REPORTED
40-1937,2013-12-19,2013-12-19T18:12:05,24.27920921,46447.1422,27726.132,900.7362,2236,3,2013-12-17,0,N,,PRISM_3D_MAGNITUDE_REPORTED
40-1937,2013-12-20,2013-12-20T17:06:57,16.62407892,46447.1402,27726.1394,900.7384,2241,5,2013-12-18,0,N,,PRISM_3D_MAGNITUDE_REPORTED
40-1937,2013-12-21,2013-12-21T13:45:20,12.8273146,46447.1369,27726.1452,900.7493,2243,2,2013-12-19,0,N,,PRISM_3D_MAGNITUDE_REPORTED
40-1937,2013-12-22,2013-12-22T17:20:18,7.390534485,46447.1368,27726.1503,900.7447,2246,3,2013-12-20,0,N,,PRISM_3D_MAGNITUDE_REPORTED
40-1937,2013-12-23,2013-12-23T19:22:30,16.32329624,46447.1362,27726.1476,900.7555,2250,4,2013-12-21,0,N,,PRISM_3D_MAGNITUDE_REPORTED
40-1937,2013-12-24,2013-12-24T17:45:01,12.52517465,46447.1382,27726.1428,900.742,2255,5,2013-12-22,0,N,,PRISM_3D_MAGNITUDE_REPORTED
40-1937,2013-12-25,2013-12-25T11:30:16,7.45385806,46447.1374,27726.1504,900.7438,2258,3,2013-12-23,0,N,,PRISM_3D_MAGNITUDE_REPORTED
40-1937,2013-12-26,2013-12-26T17:54:29,8.700000001,46447.1393,27726.1508,900.7396,2259,1,2013-12-24,0.2,N,,PRISM_3D_MAGNITUDE_REPORTED
40-1937,2013-12-27,2013-12-27T13:45:40,7.317103247,46447.1381,27726.1518,900.7397,2260,1,2013-12-25,0,N,,PRISM_3D_MAGNITUDE_REPORTED
40-1937,2013-12-28,2013-12-28T18:41:04,16.87631476,46447.1381,27726.1402,900.7494,2263,3,2013-12-26,0,N,,PRISM_3D_MAGNITUDE_REPORTED
40-1937,2013-12-29,2013-12-29T22:51:43,15.17662676,46447.1386,27726.1429,900.7494,2269,6,2013-12-27,0,N,,PRISM_3D_MAGNITUDE_REPORTED
40-1937,2013-12-30,2013-12-30T19:11:30,16.39054605,46447.1365,27726.1438,900.7534,2274,5,2013-12-28,0,N,,PRISM_3D_MAGNITUDE_REPORTED
40-1937,2013-12-31,2013-12-31T19:29:59,14.22884394,46447.1381,27726.1467,900.7516,2279,5,2013-12-29,,,,PRISM_3D_MAGNITUDE_REPORTED
40-1937,2014-01-01,2014-01-01T21:00:16,14.23165486,46447.1388,27726.1429,900.7473,2281,2,2013-12-30,12,N,,PRISM_3D_MAGNITUDE_REPORTED
40-1937,2014-01-02,2014-01-02T19:30:58,11.98999583,46447.1374,27726.1504,900.7508,2283,2,2013-12-31,3.6,N,,PRISM_3D_MAGNITUDE_REPORTED
40-1937,2014-01-03,2014-01-03T23:52:38,14.95794103,46447.1368,27726.1451,900.7523,2286,3,2014-01-01,0,N,,PRISM_3D_MAGNITUDE_REPORTED
40-1937,2014-01-04,2014-01-04T16:19:14,11.52649122,46447.1409,27726.1472,900.7421,2290,4,2014-01-02,0,N,,PRISM_3D_MAGNITUDE_REPORTED
40-1937,2014-01-05,2014-01-05T15:43:42,26.54825795,46447.1375,27726.135,900.7594,2293,3,2014-01-03,0,N,,PRISM_3D_MAGNITUDE_REPORTED
40-1937,2014-01-06,2014-01-06T23:59:48,9.946858801,46447.1353,27726.1564,900.7493,2297,4,2014-01-04,0,N,,PRISM_3D_MAGNITUDE_REPORTED
40-1937,2014-01-07,2014-01-07T21:10:25,12.83783471,46447.139,27726.143,900.7419,2303,6,2014-01-05,0,N,,PRISM_3D_MAGNITUDE_REPORTED
40-1937,2014-01-08,2014-01-08T21:06:40,12.08966501,46447.1384,27726.1454,900.7468,2309,6,2014-01-06,0,N,,PRISM_3D_MAGNITUDE_REPORTED
40-1937,2014-01-09,2014-01-09T20:45:09,11.57367703,46447.1395,27726.1457,900.7439,2315,6,2014-01-07,0,N,,PRISM_3D_MAGNITUDE_REPORTED
40-1937,2014-01-10,2014-01-10T20:23:43,9.445633913,46447.139,27726.1481,900.7421,2320,5,2014-01-08,0,N,,PRISM_3D_MAGNITUDE_REPORTED
40-1937,2014-01-11,2014-01-11T19:00:37,14.84486443,46447.1402,27726.1432,900.7473,2324,4,2014-01-09,0.6,N,,PRISM_3D_MAGNITUDE_REPORTED
40-1937,2014-01-12,2014-01-12T23:38:43,7.928429854,46447.1389,27726.1533,900.7416,2326,2,2014-01-10,1.6,N,,PRISM_3D_MAGNITUDE_REPORTED
40-1937,2014-01-13,2014-01-13T22:53:41,8.010617956,46447.1387,27726.1532,900.7432,2332,6,2014-01-11,29.2,N,,PRISM_3D_MAGNITUDE_REPORTED
40-1937,2014-01-14,2014-01-14T23:21:01,10.32182154,46447.1404,27726.1497,900.7383,2338,6,2014-01-12,20,N,,PRISM_3D_MAGNITUDE_REPORTED
40-1937,2014-01-15,2014-01-15T20:23:03,11.99874994,46447.1363,27726.1618,900.7472,2341,3,2014-01-13,0.2,N,,PRISM_3D_MAGNITUDE_REPORTED
40-1937,2014-01-16,2014-01-16T01:14:58,9.342911753,46447.1367,27726.1528,900.7484,2342,1,2014-01-14,0.8,N,,PRISM_3D_MAGNITUDE_REPORTED
40-1937,2014-01-17,2014-01-17T22:45:43,16.26222617,46447.1403,27726.1419,900.7484,2345,3,2014-01-15,11,N,,PRISM_3D_MAGNITUDE_REPORTED
40-1937,2014-01-18,2014-01-18T23:16:42,10.14544233,46447.139,27726.1507,900.7468,2351,6,2014-01-16,15.4,N,,PRISM_3D_MAGNITUDE_REPORTED
40-1937,2014-01-19,2014-01-19T23:43:32,13.75099996,46447.14,27726.1458,900.7485,2357,6,2014-01-17,2,N,,PRISM_3D_MAGNITUDE_REPORTED
40-1937,2014-01-20,2014-01-20T17:43:15,11.81989847,46447.1401,27726.1471,900.7457,2362,5,2014-01-18,0.2,N,,PRISM_3D_MAGNITUDE_REPORTED
40-1937,2014-01-21,2014-01-21T14:15:17,18.37253385,46447.1411,27726.1395,900.7483,2367,5,2014-01-19,17.6,N,,PRISM_3D_MAGNITUDE_REPORTED
40-1937,2014-01-22,2014-01-22T12:10:35,12.37497475,46447.1399,27726.1483,900.7482,2371,4,2014-01-20,0,N,,PRISM_3D_MAGNITUDE_REPORTED
40-1937,2014-01-23,2014-01-23T22:27:38,15.54284401,46447.1377,27726.1505,900.7548,2376,5,2014-01-21,0,N,,PRISM_3D_MAGNITUDE_REPORTED
40-1937,2014-01-24,2014-01-24T10:27:17,14.54475851,46447.1363,27726.1541,900.7545,2379,3,2014-01-22,10.4,N,,PRISM_3D_MAGNITUDE_REPORTED
40-1937,2014-01-25,2014-01-25T03:38:11,16.96349021,46447.139,27726.1456,900.754,2381,2,2014-01-23,0.2,N,,PRISM_3D_MAGNITUDE_REPORTED
40-1937,2014-01-26,2014-01-26T07:54:29,13.26122166,46447.1389,27726.1507,900.7514,2383,2,2014-01-24,0,N,,PRISM_3D_MAGNITUDE_REPORTED
40-1937,2014-01-27,2014-01-27T12:31:34,20.07311635,46447.1453,27726.1442,900.73,2384,1,2014-01-25,0,N,,PRISM_3D_MAGNITUDE_REPORTED
40-1937,2014-01-28,2014-01-28T19:27:48,12.24459064,46447.1408,27726.1485,900.7468,2386,2,2014-01-26,35,N,,PRISM_3D_MAGNITUDE_REPORTED
40-1937,2014-01-29,2014-01-29T21:32:42,12.79492086,46447.1421,27726.1539,900.7347,2392,6,2014-01-27,24.8,N,,PRISM_3D_MAGNITUDE_REPORTED
40-1937,2014-01-30,2014-01-30T22:03:22,10.67098871,46447.1409,27726.1549,900.7375,2397,5,2014-01-28,0.8,N,,PRISM_3D_MAGNITUDE_REPORTED
40-1937,2014-01-31,2014-01-31T22:03:21,18.21373108,46447.1396,27726.1457,900.7553,2402,5,2014-01-29,0,N,,PRISM_3D_MAGNITUDE_REPORTED
40-1937,2014-02-01,2014-02-01T22:49:23,21.05184077,46447.1424,27726.1411,900.7541,2405,3,2014-01-30,0,N,,PRISM_3D_MAGNITUDE_REPORTED
40-1937,2014-02-02,2014-02-02T20:27:59,14.35165496,46447.1374,27726.1555,900.7536,2410,5,2014-01-31,0,N,,PRISM_3D_MAGNITUDE_REPORTED
40-1937,2014-02-03,2014-02-03T20:59:59,16.97939928,46447.1423,27726.1436,900.7495,2416,6,2014-02-01,0,N,,PRISM_3D_MAGNITUDE_REPORTED
40-1937,2014-02-04,2014-02-04T21:53:42,18.93409623,46447.1417,27726.1435,900.7534,2422,6,2014-02-02,0,N,,PRISM_3D_MAGNITUDE_REPORTED
40-1937,2014-02-05,2014-02-05T22:20:52,21.72648154,46447.1428,27726.1386,900.7522,2428,6,2014-02-03,19.2,N,,PRISM_3D_MAGNITUDE_REPORTED
40-1937,2014-02-06,2014-02-06T22:42:49,15.84771277,46447.1425,27726.1449,900.7483,2434,6,2014-02-04,8.6,N,,PRISM_3D_MAGNITUDE_REPORTED
40-1937,2014-02-07,2014-02-07T19:25:52,15.81233695,46447.1421,27726.1461,900.7499,2439,5,2014-02-05,0,N,,PRISM_3D_MAGNITUDE_REPORTED
40-1937,2014-02-08,2014-02-08T21:11:31,24.4124968,46447.1459,27726.134,900.7446,2445,6,2014-02-06,0.4,N,,PRISM_3D_MAGNITUDE_REPORTED
40-1937,2014-02-09,2014-02-09T21:03:42,20.08033864,46447.141,27726.1459,900.7569,2450,5,2014-02-07,1.6,N,,PRISM_3D_MAGNITUDE_REPORTED
40-1937,2014-02-10,2014-02-10T22:29:51,21.1541958,46447.1413,27726.146,900.7581,2453,3,2014-02-08,3.4,N,,PRISM_3D_MAGNITUDE_REPORTED
40-1937,2014-02-11,2014-02-11T23:54:47,20.57814374,46447.1418,27726.1461,900.7571,2455,2,2014-02-09,0.8,N,,PRISM_3D_MAGNITUDE_REPORTED
40-1937,2014-02-12,2014-02-12T17:06:00,14.98599346,46447.1438,27726.1465,900.7453,2460,5,2014-02-10,29,N,,PRISM_3D_MAGNITUDE_REPORTED
40-1937,2014-02-13,2014-02-13T20:40:24,18.37688766,46447.1431,27726.1463,900.7531,2466,6,2014-02-11,8.4,N,,PRISM_3D_MAGNITUDE_REPORTED
40-1937,2014-02-14,2014-02-14T23:51:17,22.90523957,46447.1406,27726.151,900.7617,2472,6,2014-02-12,20.6,N,,PRISM_3D_MAGNITUDE_REPORTED
40-1937,2014-02-15,2014-02-15T20:16:32,27.32416513,46447.1461,27726.1366,900.7568,2476,4,2014-02-13,0.2,N,,PRISM_3D_MAGNITUDE_REPORTED
40-1937,2014-02-16,2014-02-16T23:06:35,23.83778513,46447.1484,27726.1422,900.7532,2477,1,2014-02-14,0,N,,PRISM_3D_MAGNITUDE_REPORTED
40-1937,2014-02-17,2014-02-17T21:35:17,26.06069838,46447.15,27726.1476,900.758,2479,2,2014-02-15,0,N,,PRISM_3D_MAGNITUDE_REPORTED
40-1937,2014-02-18,2014-02-18T22:05:29,30.04729605,46447.1528,27726.1392,900.7564,2484,5,2014-02-16,115,N,,PRISM_3D_MAGNITUDE_REPORTED
40-1937,2014-02-19,2014-02-19T21:54:48,28.36705836,46447.1534,27726.1457,900.7568,2486,2,2014-02-17,6,N,,PRISM_3D_MAGNITUDE_REPORTED
40-1938,2013-11-20,2013-11-20T23:32:59,12.80624847,46444.772,27774.695,901.746,2488,2,2013-11-18,0,N,,PRISM_3D_MAGNITUDE_REPORTED
40-1938,2013-11-21,2013-11-21T22:02:19,11.35781669,46444.77,27774.697,901.749,2493,5,2013-11-19,4.2,N,,PRISM_3D_MAGNITUDE_REPORTED
40-1938,2013-11-22,2013-11-22T23:48:27,8.062257747,46444.77,27774.702,901.75,2498,5,2013-11-20,0.2,N,,PRISM_3D_MAGNITUDE_REPORTED
40-1938,2013-11-23,2013-11-23T22:46:26,13.92838828,46444.772,27774.694,901.747,2502,4,2013-11-21,0,N,,PRISM_3D_MAGNITUDE_REPORTED
40-1938,2013-11-24,2013-11-24T14:29:46,17.57839583,46444.766,27774.7,901.76,2505,3,2013-11-22,0,N,,PRISM_3D_MAGNITUDE_REPORTED
40-1938,2013-11-26,2013-11-26T23:55:35,22.22611077,46444.781,27774.689,901.745,2510,5,2013-11-24,1.8,N,,PRISM_3D_MAGNITUDE_REPORTED
40-1938,2013-11-27,2013-11-27T22:45:56,24.87971061,46444.781,27774.686,901.747,2513,3,2013-11-25,0,N,,PRISM_3D_MAGNITUDE_REPORTED
40-1938,2013-11-29,2013-11-29T03:51:26,21.26029163,46444.782,27774.691,901.744,2514,1,2013-11-27,0,N,,PRISM_3D_MAGNITUDE_REPORTED
40-1938,2013-11-30,2013-11-30T16:28:46,23.54676199,46444.7825,27774.6888,901.7404,2516,2,2013-11-28,0,N,,PRISM_3D_MAGNITUDE_REPORTED
40-1938,2013-12-01,2013-12-01T19:10:02,19.13269453,46444.7805,27774.6936,901.7495,2519,3,2013-11-29,0,N,,PRISM_3D_MAGNITUDE_REPORTED
40-1938,2013-12-02,2013-12-02T18:20:23,24.83384787,46444.7808,27774.6872,901.7518,2522,3,2013-11-30,0,N,,PRISM_3D_MAGNITUDE_REPORTED
40-1938,2013-12-03,2013-12-03T22:14:55,21.45413713,46444.7822,27774.6912,901.747,2525,3,2013-12-01,0,N,,PRISM_3D_MAGNITUDE_REPORTED
40-1938,2013-12-05,2013-12-05T14:58:50,25.58964635,46444.7807,27774.6885,901.7563,2526,1,2013-12-03,20,N,,PRISM_3D_MAGNITUDE_REPORTED
40-1938,2013-12-06,2013-12-06T20:59:36,20.02648247,46444.7831,27774.6939,901.7428,2528,2,2013-12-04,0.2,N,,PRISM_3D_MAGNITUDE_REPORTED
40-1938,2013-12-07,2013-12-07T22:20:33,20.55383176,46444.7839,27774.6941,901.7458,2534,6,2013-12-05,0.6,N,,PRISM_3D_MAGNITUDE_REPORTED
40-1938,2013-12-08,2013-12-08T06:52:18,14.91308151,46444.7796,27774.701,901.7512,2536,2,2013-12-06,8.2,N,,PRISM_3D_MAGNITUDE_REPORTED
40-1938,2013-12-10,2013-12-10T21:14:33,30.63935378,46444.7866,27774.683,901.7399,2540,4,2013-12-08,0,N,,PRISM_3D_MAGNITUDE_REPORTED
40-1938,2013-12-12,2013-12-12T20:28:53,25.3398895,46444.7861,27774.6893,901.7451,2542,2,2013-12-10,0,N,,PRISM_3D_MAGNITUDE_REPORTED
40-1938,2013-12-13,2013-12-13T12:57:20,20.79855764,46444.7821,27774.6951,901.7536,2543,1,2013-12-11,0,N,,PRISM_3D_MAGNITUDE_REPORTED
40-1938,2013-12-14,2013-12-14T21:10:39,19.54021495,46444.7831,27774.6965,901.7506,2546,3,2013-12-12,0,N,,PRISM_3D_MAGNITUDE_REPORTED
40-1938,2013-12-15,2013-12-15T14:27:06,27.04422305,46444.7839,27774.6877,901.7543,2547,1,2013-12-13,0,N,,PRISM_3D_MAGNITUDE_REPORTED
40-1938,2013-12-16,2013-12-16T17:05:25,19.91933734,46444.7843,27774.6967,901.749,2549,2,2013-12-14,0,N,,PRISM_3D_MAGNITUDE_REPORTED
40-1938,2013-12-17,2013-12-17T22:10:04,22.12894033,46444.7858,27774.6943,901.7406,2552,3,2013-12-15,0,N,,PRISM_3D_MAGNITUDE_REPORTED
40-1938,2013-12-18,2013-12-18T17:57:20,15.32938356,46444.7833,27774.7067,901.7449,2553,1,2013-12-16,1.6,N,,PRISM_3D_MAGNITUDE_REPORTED
40-1938,2013-12-19,2013-12-19T18:12:05,29.77414987,46444.7885,27774.6858,901.7399,2556,3,2013-12-17,0,N,,PRISM_3D_MAGNITUDE_REPORTED
40-1938,2013-12-20,2013-12-20T17:06:57,34.51695236,46444.7867,27774.6792,901.7523,2561,5,2013-12-18,0,N,,PRISM_3D_MAGNITUDE_REPORTED
40-1938,2013-12-21,2013-12-21T14:05:58,21.03069186,46444.7844,27774.6967,901.7522,2563,2,2013-12-19,0,N,,PRISM_3D_MAGNITUDE_REPORTED
40-1938,2013-12-22,2013-12-22T17:20:18,24.11327435,46444.7868,27774.6919,901.744,2566,3,2013-12-20,0,N,,PRISM_3D_MAGNITUDE_REPORTED
40-1938,2013-12-23,2013-12-23T19:22:30,25.77828544,46444.7858,27774.6918,901.7548,2570,4,2013-12-21,0,N,,PRISM_3D_MAGNITUDE_REPORTED
40-1938,2013-12-24,2013-12-24T17:45:01,25.43816031,46444.7853,27774.6904,901.7525,2575,5,2013-12-22,0,N,,PRISM_3D_MAGNITUDE_REPORTED
40-1938,2013-12-25,2013-12-25T11:30:16,23.54697433,46444.7871,27774.6933,901.7454,2578,3,2013-12-23,0,N,,PRISM_3D_MAGNITUDE_REPORTED
40-1938,2013-12-26,2013-12-26T17:54:29,25.56814425,46444.7885,27774.6922,901.7478,2579,1,2013-12-24,0.2,N,,PRISM_3D_MAGNITUDE_REPORTED
40-1938,2013-12-27,2013-12-27T13:45:40,29.3424607,46444.7875,27774.6857,901.7492,2580,1,2013-12-25,0,N,,PRISM_3D_MAGNITUDE_REPORTED
40-1938,2013-12-28,2013-12-28T18:41:04,31.97248817,46444.7864,27774.6842,901.7568,2583,3,2013-12-26,0,N,,PRISM_3D_MAGNITUDE_REPORTED
40-1938,2013-12-29,2013-12-29T23:12:01,22.45996438,46444.7867,27774.697,901.7514,2589,6,2013-12-27,0,N,,PRISM_3D_MAGNITUDE_REPORTED
40-1938,2013-12-30,2013-12-30T19:11:30,29.01051534,46444.7854,27774.6892,901.7589,2594,5,2013-12-28,0,N,,PRISM_3D_MAGNITUDE_REPORTED
40-1938,2013-12-31,2013-12-31T19:29:59,23.16290138,46444.7856,27774.6994,901.757,2599,5,2013-12-29,,,,PRISM_3D_MAGNITUDE_REPORTED
40-1938,2014-01-01,2014-01-01T21:00:16,25.02818411,46444.7875,27774.692,901.7486,2601,2,2013-12-30,12,N,,PRISM_3D_MAGNITUDE_REPORTED
40-1938,2014-01-02,2014-01-02T19:30:58,25.44680727,46444.7863,27774.6957,901.7576,2603,2,2013-12-31,3.6,N,,PRISM_3D_MAGNITUDE_REPORTED
40-1938,2014-01-03,2014-01-03T23:52:38,30.87328943,46444.7876,27774.687,901.757,2606,3,2014-01-01,0,N,,PRISM_3D_MAGNITUDE_REPORTED
40-1938,2014-01-04,2014-01-04T16:19:14,27.60181154,46444.7915,27774.6926,901.7455,2610,4,2014-01-02,0,N,,PRISM_3D_MAGNITUDE_REPORTED
40-1938,2014-01-05,2014-01-05T16:24:50,29.18218635,46444.788,27774.6896,901.7562,2613,3,2014-01-03,0,N,,PRISM_3D_MAGNITUDE_REPORTED
40-1938,2014-01-06,2014-01-06T23:59:48,21.17427685,46444.7879,27774.7023,901.7495,2617,4,2014-01-04,0,N,,PRISM_3D_MAGNITUDE_REPORTED
40-1938,2014-01-07,2014-01-07T21:10:25,28.36635331,46444.7907,27774.69,901.7446,2623,6,2014-01-05,0,N,,PRISM_3D_MAGNITUDE_REPORTED
40-1938,2014-01-08,2014-01-08T21:06:40,30.28960218,46444.7901,27774.6873,901.7504,2629,6,2014-01-06,0,N,,PRISM_3D_MAGNITUDE_REPORTED
40-1938,2014-01-09,2014-01-09T20:45:09,29.67726403,46444.7903,27774.6886,901.7507,2635,6,2014-01-07,0,N,,PRISM_3D_MAGNITUDE_REPORTED
40-1938,2014-01-10,2014-01-10T20:23:43,28.41372908,46444.7923,27774.6928,901.7401,2641,6,2014-01-08,0,N,,PRISM_3D_MAGNITUDE_REPORTED
40-1938,2014-01-11,2014-01-11T19:00:37,36.89376641,46444.7937,27774.6815,901.7369,2646,5,2014-01-09,0.6,N,,PRISM_3D_MAGNITUDE_REPORTED
40-1938,2014-01-12,2014-01-12T23:38:43,28.1220554,46444.7936,27774.6955,901.7458,2648,2,2014-01-10,1.6,N,,PRISM_3D_MAGNITUDE_REPORTED
40-1938,2014-01-13,2014-01-13T22:53:41,31.34150603,46444.7937,27774.6904,901.7508,2654,6,2014-01-11,29.2,N,,PRISM_3D_MAGNITUDE_REPORTED
40-1938,2014-01-14,2014-01-14T23:21:01,34.8348963,46444.7951,27774.6855,901.7481,2660,6,2014-01-12,20,N,,PRISM_3D_MAGNITUDE_REPORTED
40-1938,2014-01-15,2014-01-15T21:49:09,31.73026946,46444.7938,27774.6904,901.7521,2664,4,2014-01-13,0.2,N,,PRISM_3D_MAGNITUDE_REPORTED
40-1938,2014-01-16,2014-01-16T01:14:58,26.98314289,46444.7916,27774.6977,901.7532,2665,1,2014-01-14,0.8,N,,PRISM_3D_MAGNITUDE_REPORTED
40-1938,2014-01-17,2014-01-17T23:06:03,35.87575783,46444.7963,27774.6857,901.7497,2668,3,2014-01-15,11,N,,PRISM_3D_MAGNITUDE_REPORTED
40-1938,2014-01-18,2014-01-18T23:16:42,32.8318443,46444.7965,27774.6908,901.7458,2674,6,2014-01-16,15.4,N,,PRISM_3D_MAGNITUDE_REPORTED
40-1938,2014-01-19,2014-01-19T23:43:32,31.45488833,46444.7956,27774.6932,901.7501,2680,6,2014-01-17,2,N,,PRISM_3D_MAGNITUDE_REPORTED
40-1938,2014-01-20,2014-01-20T17:43:15,31.0615518,46444.7939,27774.693,901.7539,2685,5,2014-01-18,0.2,N,,PRISM_3D_MAGNITUDE_REPORTED
40-1938,2014-01-21,2014-01-21T14:15:17,40.97828693,46444.7952,27774.6817,901.7613,2690,5,2014-01-19,17.6,N,,PRISM_3D_MAGNITUDE_REPORTED
40-1938,2014-01-22,2014-01-22T12:10:35,34.98756923,46444.7971,27774.6884,901.7496,2694,4,2014-01-20,0,N,,PRISM_3D_MAGNITUDE_REPORTED
40-1938,2014-01-23,2014-01-23T22:27:38,35.1032762,46444.7972,27774.6884,901.7498,2699,5,2014-01-21,0,N,,PRISM_3D_MAGNITUDE_REPORTED
40-1938,2014-01-24,2014-01-24T10:27:17,31.61313019,46444.7961,27774.6933,901.7487,2702,3,2014-01-22,10.4,N,,PRISM_3D_MAGNITUDE_REPORTED
40-1938,2014-01-25,2014-01-25T07:42:51,43.57854977,46444.7993,27774.6772,901.7496,2705,3,2014-01-23,0.2,N,,PRISM_3D_MAGNITUDE_REPORTED
40-1938,2014-01-26,2014-01-26T07:54:29,36.49246498,46444.7955,27774.6894,901.7603,2707,2,2014-01-24,0,N,,PRISM_3D_MAGNITUDE_REPORTED
40-1938,2014-01-27,2014-01-27T12:31:34,41.73835167,46444.8048,27774.6946,901.7287,2708,1,2014-01-25,0,N,,PRISM_3D_MAGNITUDE_REPORTED
40-1938,2014-01-28,2014-01-28T19:27:48,38.68862882,46444.8022,27774.6891,901.7466,2710,2,2014-01-26,35,N,,PRISM_3D_MAGNITUDE_REPORTED
40-1938,2014-01-29,2014-01-29T21:32:42,39.22371731,46444.8037,27774.6919,901.738,2716,6,2014-01-27,24.8,N,,PRISM_3D_MAGNITUDE_REPORTED
40-1938,2014-01-30,2014-01-30T22:23:59,39.71775422,46444.8043,27774.692,901.7381,2722,6,2014-01-28,0.8,N,,PRISM_3D_MAGNITUDE_REPORTED
40-1938,2014-01-31,2014-01-31T22:03:21,39.51936234,46444.8019,27774.6891,901.7536,2728,6,2014-01-29,0,N,,PRISM_3D_MAGNITUDE_REPORTED
40-1938,2014-02-01,2014-02-01T22:49:23,42.43630521,46444.8036,27774.6868,901.7552,2731,3,2014-01-30,0,N,,PRISM_3D_MAGNITUDE_REPORTED
40-1938,2014-02-02,2014-02-02T20:27:59,37.56780537,46444.8021,27774.6917,901.7478,2736,5,2014-01-31,0,N,,PRISM_3D_MAGNITUDE_REPORTED
40-1938,2014-02-03,2014-02-03T21:21:25,45.18285073,46444.8055,27774.682,901.7472,2742,6,2014-02-01,0,N,,PRISM_3D_MAGNITUDE_REPORTED
40-1938,2014-02-04,2014-02-04T21:53:42,43.75328559,46444.8039,27774.6843,901.7545,2748,6,2014-02-02,0,N,,PRISM_3D_MAGNITUDE_REPORTED
40-1938,2014-02-05,2014-02-05T22:20:52,47.19353769,46444.8045,27774.6793,901.7553,2754,6,2014-02-03,19.2,N,,PRISM_3D_MAGNITUDE_REPORTED
40-1938,2014-02-06,2014-02-06T22:42:49,43.28348415,46444.8029,27774.6867,901.7596,2760,6,2014-02-04,8.6,N,,PRISM_3D_MAGNITUDE_REPORTED
40-1938,2014-02-07,2014-02-07T19:25:52,42.38171776,46444.8044,27774.6869,901.7522,2765,5,2014-02-05,0,N,,PRISM_3D_MAGNITUDE_REPORTED
40-1938,2014-02-08,2014-02-08T21:11:31,47.63276184,46444.8064,27774.6796,901.7506,2771,6,2014-02-06,0.4,N,,PRISM_3D_MAGNITUDE_REPORTED
40-1938,2014-02-09,2014-02-09T21:03:42,44.62801811,46444.8066,27774.6847,901.7461,2777,6,2014-02-07,1.6,N,,PRISM_3D_MAGNITUDE_REPORTED
40-1938,2014-02-10,2014-02-10T16:38:05,42.84530313,46444.8048,27774.6908,901.7588,2779,2,2014-02-08,3.4,N,,PRISM_3D_MAGNITUDE_REPORTED
40-1938,2014-02-11,2014-02-11T23:59:21,52.37279829,46444.8081,27774.6773,901.7599,2781,2,2014-02-09,0.8,N,,PRISM_3D_MAGNITUDE_REPORTED
40-1938,2014-02-12,2014-02-12T17:06:00,52.11727161,46444.8118,27774.6791,901.7396,2786,5,2014-02-10,29,N,,PRISM_3D_MAGNITUDE_REPORTED
40-1938,2014-02-13,2014-02-13T20:40:24,47.89123093,46444.8094,27774.6851,901.754,2792,6,2014-02-11,8.4,N,,PRISM_3D_MAGNITUDE_REPORTED
40-1938,2014-02-14,2014-02-14T23:51:17,48.4191078,46444.8077,27774.6874,901.7636,2798,6,2014-02-12,20.6,N,,PRISM_3D_MAGNITUDE_REPORTED
40-1938,2014-02-15,2014-02-15T20:16:32,53.81793382,46444.8127,27774.6792,901.7552,2802,4,2014-02-13,0.2,N,,PRISM_3D_MAGNITUDE_REPORTED
40-1938,2014-02-16,2014-02-16T23:18:56,285.1843088,46445.0318,27774.7384,901.6403,2803,1,2014-02-14,0,N,,PRISM_3D_MAGNITUDE_REPORTED
40-1938,2014-02-17,2014-02-17T21:43:49,292.4784095,46445.036,27774.7441,901.6329,2805,2,2014-02-15,0,N,,PRISM_3D_MAGNITUDE_REPORTED
40-1938,2014-02-18,2014-02-18T22:05:29,291.6743732,46445.0383,27774.7394,901.6393,2810,5,2014-02-16,115,N,,PRISM_3D_MAGNITUDE_REPORTED
40-1938,2014-02-19,2014-02-19T21:54:48,292.8790535,46445.0398,27774.7409,901.6403,2812,2,2014-02-17,6,N,,PRISM_3D_MAGNITUDE_REPORTED
40-1942,2013-11-20,2013-11-20T23:32:59,0,46429.618,27626.513,912.569,2813,1,2013-11-18,0,N,,PRISM_3D_MAGNITUDE_REPORTED
40-1942,2013-11-21,2013-11-21T15:35:52,16.673332,46429.617,27626.504,912.583,2814,1,2013-11-19,4.2,N,,PRISM_3D_MAGNITUDE_REPORTED
40-1942,2013-11-22,2013-11-22T21:44:46,5.477225575,46429.619,27626.511,912.574,2816,2,2013-11-20,0.2,N,,PRISM_3D_MAGNITUDE_REPORTED
40-1942,2013-11-23,2013-11-23T22:46:26,15,46429.618,27626.504,912.581,2817,1,2013-11-21,0,N,,PRISM_3D_MAGNITUDE_REPORTED
40-1942,2013-11-24,2013-11-24T14:29:46,21.63330765,46429.61,27626.515,912.589,2818,1,2013-11-22,0,N,,PRISM_3D_MAGNITUDE_REPORTED
40-1942,2013-11-26,2013-11-26T16:56:32,5.91607978,46429.619,27626.508,912.572,2819,1,2013-11-24,1.8,N,,PRISM_3D_MAGNITUDE_REPORTED
40-1942,2013-11-29,2013-11-29T03:51:26,11.66190379,46429.618,27626.507,912.579,2820,1,2013-11-27,0,N,,PRISM_3D_MAGNITUDE_REPORTED
40-1942,2013-12-01,2013-12-01T04:21:43,6.102458519,46429.6198,27626.5072,912.5684,2821,1,2013-11-29,0,N,,PRISM_3D_MAGNITUDE_REPORTED
40-1942,2013-12-03,2013-12-03T01:59:11,8.374962687,46429.6169,27626.5132,912.5773,2822,1,2013-12-01,0,N,,PRISM_3D_MAGNITUDE_REPORTED
40-1942,2013-12-07,2013-12-07T16:34:46,8.496469855,46429.6145,27626.5193,912.5735,2824,2,2013-12-05,0.6,N,,PRISM_3D_MAGNITUDE_REPORTED
40-1942,2013-12-10,2013-12-10T15:33:59,19.24447973,46429.6173,27626.5065,912.5871,2825,1,2013-12-08,0,N,,PRISM_3D_MAGNITUDE_REPORTED
40-1942,2013-12-16,2013-12-16T15:42:07,18.42254054,46429.6143,27626.5219,912.5847,2826,1,2013-12-14,0,N,,PRISM_3D_MAGNITUDE_REPORTED
40-1942,2013-12-23,2013-12-23T19:22:30,26.09865897,46429.6177,27626.5066,912.5943,2827,1,2013-12-21,0,N,,PRISM_3D_MAGNITUDE_REPORTED
40-1942,2013-12-28,2013-12-28T18:41:04,26.6071419,46429.6211,27626.4967,912.5898,2828,1,2013-12-26,0,N,,PRISM_3D_MAGNITUDE_REPORTED
40-1942,2013-12-30,2013-12-30T17:28:36,16.6571306,46429.6191,27626.507,912.5845,2829,1,2013-12-28,0,N,,PRISM_3D_MAGNITUDE_REPORTED
40-1942,2013-12-31,2013-12-31T17:42:22,27.22682501,46429.6167,27626.509,912.5959,2830,1,2013-12-29,,,,PRISM_3D_MAGNITUDE_REPORTED
40-1942,2014-01-04,2014-01-04T16:19:14,25.21765255,46429.6185,27626.5122,912.5942,2831,1,2014-01-02,0,N,,PRISM_3D_MAGNITUDE_REPORTED
40-1942,2014-01-06,2014-01-06T22:20:28,35.41595686,46429.6114,27626.5347,912.5962,2832,1,2014-01-04,0,N,,PRISM_3D_MAGNITUDE_REPORTED
40-1942,2014-01-08,2014-01-08T07:23:11,18.75153327,46429.6224,27626.5025,912.5839,2833,1,2014-01-06,0,N,,PRISM_3D_MAGNITUDE_REPORTED
40-1942,2014-01-13,2014-01-13T11:10:22,10.34021276,46429.6186,27626.519,912.5774,2834,1,2014-01-11,29.2,N,,PRISM_3D_MAGNITUDE_REPORTED
40-1942,2014-01-20,2014-01-20T11:59:23,20.17671926,46429.6206,27626.5033,912.5865,2835,1,2014-01-18,0.2,N,,PRISM_3D_MAGNITUDE_REPORTED
40-1942,2014-01-21,2014-01-21T12:40:21,28.07489982,46429.6192,27626.507,912.5964,2836,1,2014-01-19,17.6,N,,PRISM_3D_MAGNITUDE_REPORTED
40-1942,2014-01-22,2014-01-22T12:10:35,17.61135997,46429.6196,27626.5152,912.5864,2837,1,2014-01-20,0,N,,PRISM_3D_MAGNITUDE_REPORTED
40-1942,2014-01-23,2014-01-23T14:11:21,32.10950015,46429.6195,27626.5044,912.5999,2838,1,2014-01-21,0,N,,PRISM_3D_MAGNITUDE_REPORTED
40-1942,2014-01-24,2014-01-24T05:00:45,25.6074208,46429.6157,27626.5264,912.5907,2839,1,2014-01-22,10.4,N,,PRISM_3D_MAGNITUDE_REPORTED
40-1942,2014-01-25,2014-01-25T02:05:15,13.9258752,46429.6238,27626.5055,912.5792,2840,1,2014-01-23,0.2,N,,PRISM_3D_MAGNITUDE_REPORTED
40-1942,2014-01-29,2014-01-29T19:43:43,24.92669252,46429.6202,27626.5181,912.5933,2841,1,2014-01-27,24.8,N,,PRISM_3D_MAGNITUDE_REPORTED
40-1942,2014-01-30,2014-01-30T20:28:06,30.82401661,46429.618,27626.5216,912.5986,2842,1,2014-01-28,0.8,N,,PRISM_3D_MAGNITUDE_REPORTED
40-1942,2014-01-31,2014-01-31T20:20:38,23.3015021,46429.6178,27626.5256,912.5886,2843,1,2014-01-29,0,N,,PRISM_3D_MAGNITUDE_REPORTED
40-1942,2014-02-01,2014-02-01T22:49:23,17.80224705,46429.6254,27626.506,912.5836,2844,1,2014-01-30,0,N,,PRISM_3D_MAGNITUDE_REPORTED
40-1942,2014-02-02,2014-02-02T20:48:55,16.16756011,46429.6239,27626.5083,912.5833,2846,2,2014-01-31,0,N,,PRISM_3D_MAGNITUDE_REPORTED
40-1942,2014-02-03,2014-02-03T19:28:40,30.33512815,46429.6185,27626.5231,912.5976,2847,1,2014-02-01,0,N,,PRISM_3D_MAGNITUDE_REPORTED
40-1942,2014-02-04,2014-02-04T07:32:34,20.47901365,46429.6203,27626.5181,912.5887,2848,1,2014-02-02,0,N,,PRISM_3D_MAGNITUDE_REPORTED
40-1942,2014-02-06,2014-02-06T21:02:13,25.66982665,46429.6214,27626.5103,912.5943,2850,2,2014-02-04,8.6,N,,PRISM_3D_MAGNITUDE_REPORTED
40-1942,2014-02-07,2014-02-07T13:54:50,32.77819397,46429.6155,27626.525,912.5994,2851,1,2014-02-05,0,N,,PRISM_3D_MAGNITUDE_REPORTED
40-1942,2014-02-09,2014-02-09T07:28:35,25.8915044,46429.6224,27626.5079,912.594,2852,1,2014-02-07,1.6,N,,PRISM_3D_MAGNITUDE_REPORTED
40-1942,2014-02-10,2014-02-10T16:38:05,21.4424812,46429.6196,27626.5261,912.5859,2853,1,2014-02-08,3.4,N,,PRISM_3D_MAGNITUDE_REPORTED
40-1942,2014-02-12,2014-02-12T11:21:13,24.76449071,46429.6232,27626.5162,912.593,2854,1,2014-02-10,29,N,,PRISM_3D_MAGNITUDE_REPORTED
40-1942,2014-02-13,2014-02-13T14:03:00,36.30137738,46429.6219,27626.5077,912.6047,2855,1,2014-02-11,8.4,N,,PRISM_3D_MAGNITUDE_REPORTED
40-1942,2014-02-14,2014-02-14T16:49:11,21.92783619,46429.6223,27626.5133,912.5905,2856,1,2014-02-12,20.6,N,,PRISM_3D_MAGNITUDE_REPORTED
40-1942,2014-02-15,2014-02-15T07:17:06,45.31688427,46429.6175,27626.5174,912.6141,2857,1,2014-02-13,0.2,N,,PRISM_3D_MAGNITUDE_REPORTED
40-1942,2014-02-18,2014-02-18T14:21:21,34.68284879,46429.6269,27626.5118,912.6025,2858,1,2014-02-16,115,N,,PRISM_3D_MAGNITUDE_REPORTED
40-1943,2013-11-20,2013-11-20T23:53:18,0,46449.387,27688.828,901.228,2859,1,2013-11-18,0,N,,PRISM_3D_MAGNITUDE_REPORTED
40-1943,2013-11-21,2013-11-21T15:35:52,6.633249581,46449.385,27688.83,901.234,2860,1,2013-11-19,4.2,N,,PRISM_3D_MAGNITUDE_REPORTED
40-1943,2013-11-22,2013-11-22T21:44:46,6.324555318,46449.387,27688.834,901.23,2862,2,2013-11-20,0.2,N,,PRISM_3D_MAGNITUDE_REPORTED
40-1943,2013-11-23,2013-11-23T22:46:26,5.385164808,46449.389,27688.823,901.228,2863,1,2013-11-21,0,N,,PRISM_3D_MAGNITUDE_REPORTED
40-1943,2013-11-24,2013-11-24T14:29:46,20.09975124,46449.379,27688.84,901.242,2864,1,2013-11-22,0,N,,PRISM_3D_MAGNITUDE_REPORTED
40-1943,2013-11-26,2013-11-26T16:56:32,10.34408043,46449.392,27688.827,901.219,2866,2,2013-11-24,1.8,N,,PRISM_3D_MAGNITUDE_REPORTED
40-1943,2013-11-29,2013-11-29T03:51:26,4.582575696,46449.391,27688.827,901.226,2867,1,2013-11-27,0,N,,PRISM_3D_MAGNITUDE_REPORTED
40-1943,2013-12-01,2013-12-01T04:21:43,5.210566188,46449.3907,27688.8291,901.2245,2868,1,2013-11-29,0,N,,PRISM_3D_MAGNITUDE_REPORTED
40-1943,2013-12-03,2013-12-03T20:30:01,6.337980746,46449.3904,27688.833,901.2261,2870,2,2013-12-01,0,N,,PRISM_3D_MAGNITUDE_REPORTED
40-1943,2013-12-07,2013-12-07T16:34:46,13.63268132,46449.3872,27688.8414,901.2255,2872,2,2013-12-05,0.6,N,,PRISM_3D_MAGNITUDE_REPORTED
40-1943,2013-12-08,2013-12-08T04:55:44,11.0317723,46449.3885,27688.8221,901.2372,2873,1,2013-12-06,8.2,N,,PRISM_3D_MAGNITUDE_REPORTED
40-1943,2013-12-10,2013-12-10T15:33:59,11.20089282,46449.3879,27688.8337,901.2376,2874,1,2013-12-08,0,N,,PRISM_3D_MAGNITUDE_REPORTED
40-1943,2013-12-14,2013-12-14T15:48:11,20.34035398,46449.3952,27688.838,901.2123,2875,1,2013-12-12,0,N,,PRISM_3D_MAGNITUDE_REPORTED
40-1943,2013-12-16,2013-12-16T15:42:07,8.436231382,46449.3921,27688.832,901.2334,2876,1,2013-12-14,0,N,,PRISM_3D_MAGNITUDE_REPORTED
40-1943,2013-12-17,2013-12-17T22:10:04,8.972736479,46449.3921,27688.8347,901.2249,2877,1,2013-12-15,0,N,,PRISM_3D_MAGNITUDE_REPORTED
40-1943,2013-12-19,2013-12-19T03:10:31,10.1852835,46449.3881,27688.8338,901.2363,2878,1,2013-12-17,0,N,,PRISM_3D_MAGNITUDE_REPORTED
40-1943,2013-12-20,2013-12-20T00:51:31,7.399324294,46449.3931,27688.8245,901.2303,2879,1,2013-12-18,0,N,,PRISM_3D_MAGNITUDE_REPORTED
40-1943,2013-12-22,2013-12-22T05:38:48,8.972179221,46449.3935,27688.8232,901.2319,2880,1,2013-12-20,0,N,,PRISM_3D_MAGNITUDE_REPORTED
40-1943,2013-12-23,2013-12-23T19:22:30,8.292767934,46449.3916,27688.828,901.2349,2882,2,2013-12-21,0,N,,PRISM_3D_MAGNITUDE_REPORTED
40-1943,2013-12-24,2013-12-24T10:51:55,7.168681885,46449.3923,27688.8269,901.2233,2883,1,2013-12-22,0,N,,PRISM_3D_MAGNITUDE_REPORTED
40-1943,2013-12-28,2013-12-28T19:03:17,15.34470593,46449.3939,27688.8168,901.2359,2884,1,2013-12-26,0,N,,PRISM_3D_MAGNITUDE_REPORTED
40-1943,2013-12-29,2013-12-29T12:20:32,8.595929267,46449.3922,27688.8347,901.2294,2885,1,2013-12-27,0,N,,PRISM_3D_MAGNITUDE_REPORTED
40-1943,2013-12-30,2013-12-30T17:28:36,6.696267612,46449.393,27688.827,901.2308,2887,2,2013-12-28,0,N,,PRISM_3D_MAGNITUDE_REPORTED
40-1943,2013-12-31,2013-12-31T17:42:22,12.895348,46449.3958,27688.8186,901.2287,2889,2,2013-12-29,,,,PRISM_3D_MAGNITUDE_REPORTED
40-1943,2014-01-01,2014-01-01T19:22:33,9.438749917,46449.3913,27688.8332,901.2346,2890,1,2013-12-30,12,N,,PRISM_3D_MAGNITUDE_REPORTED
40-1943,2014-01-03,2014-01-03T23:52:38,11.94403617,46449.3921,27688.8281,901.2388,2891,1,2014-01-01,0,N,,PRISM_3D_MAGNITUDE_REPORTED
40-1943,2014-01-04,2014-01-04T16:42:58,9.311283476,46449.394,27688.8273,901.2341,2892,1,2014-01-02,0,N,,PRISM_3D_MAGNITUDE_REPORTED
40-1943,2014-01-06,2014-01-06T22:20:28,10.28542658,46449.3933,27688.8349,901.2323,2893,1,2014-01-04,0,N,,PRISM_3D_MAGNITUDE_REPORTED
40-1943,2014-01-07,2014-01-07T19:45:30,8.276472678,46449.3939,27688.8325,901.2272,2894,1,2014-01-05,0,N,,PRISM_3D_MAGNITUDE_REPORTED
40-1943,2014-01-08,2014-01-08T19:32:00,10.17300349,46449.3923,27688.8334,901.2348,2896,2,2014-01-06,0,N,,PRISM_3D_MAGNITUDE_REPORTED
40-1943,2014-01-09,2014-01-09T19:23:14,8.369587798,46449.3953,27688.8276,901.227,2898,2,2014-01-07,0,N,,PRISM_3D_MAGNITUDE_REPORTED
40-1943,2014-01-10,2014-01-10T18:55:19,24.80201604,46449.3893,27688.8523,901.2324,2900,2,2014-01-08,0,N,,PRISM_3D_MAGNITUDE_REPORTED
40-1943,2014-01-11,2014-01-11T06:21:18,8.60755482,46449.3954,27688.8263,901.2288,2901,1,2014-01-09,0.6,N,,PRISM_3D_MAGNITUDE_REPORTED
40-1943,2014-01-12,2014-01-12T23:38:43,10.03045363,46449.3955,27688.825,901.2324,2902,1,2014-01-10,1.6,N,,PRISM_3D_MAGNITUDE_REPORTED
40-1943,2014-01-13,2014-01-13T23:15:08,9.253107582,46449.3958,27688.8303,901.2263,2904,2,2014-01-11,29.2,N,,PRISM_3D_MAGNITUDE_REPORTED
40-1943,2014-01-14,2014-01-14T21:31:11,8.598837124,46449.3953,27688.8301,901.2288,2906,2,2014-01-12,20,N,,PRISM_3D_MAGNITUDE_REPORTED
40-1943,2014-01-15,2014-01-15T20:23:03,19.13870424,46449.39,27688.842,901.2407,2907,1,2014-01-13,0.2,N,,PRISM_3D_MAGNITUDE_REPORTED
40-1943,2014-01-17,2014-01-17T23:06:03,10.51142235,46449.3938,27688.8324,901.2347,2908,1,2014-01-15,11,N,,PRISM_3D_MAGNITUDE_REPORTED
40-1943,2014-01-18,2014-01-18T23:16:42,10.93343496,46449.3951,27688.8353,901.2272,2910,2,2014-01-16,15.4,N,,PRISM_3D_MAGNITUDE_REPORTED
40-1943,2014-01-19,2014-01-19T23:43:32,10.83374358,46449.3948,27688.8353,901.2298,2912,2,2014-01-17,2,N,,PRISM_3D_MAGNITUDE_REPORTED
40-1943,2014-01-20,2014-01-20T11:59:23,13.87840048,46449.3921,27688.8308,901.2406,2913,1,2014-01-18,0.2,N,,PRISM_3D_MAGNITUDE_REPORTED
40-1943,2014-01-21,2014-01-21T12:40:21,14.19612623,46449.3944,27688.8274,901.2401,2915,2,2014-01-19,17.6,N,,PRISM_3D_MAGNITUDE_REPORTED
40-1943,2014-01-22,2014-01-22T12:10:35,11.79618582,46449.3963,27688.8265,901.2351,2917,2,2014-01-20,0,N,,PRISM_3D_MAGNITUDE_REPORTED
40-1943,2014-01-23,2014-01-23T14:11:21,14.63728117,46449.397,27688.8201,901.2352,2919,2,2014-01-21,0,N,,PRISM_3D_MAGNITUDE_REPORTED
40-1943,2014-01-24,2014-01-24T05:00:45,10.71167587,46449.3958,27688.8277,901.2341,2920,1,2014-01-22,10.4,N,,PRISM_3D_MAGNITUDE_REPORTED
40-1943,2014-01-25,2014-01-25T02:05:15,10.00249968,46449.397,27688.8279,901.2282,2921,1,2014-01-23,0.2,N,,PRISM_3D_MAGNITUDE_REPORTED
40-1943,2014-01-29,2014-01-29T19:43:43,12.4181319,46449.399,27688.831,901.2291,2923,2,2014-01-27,24.8,N,,PRISM_3D_MAGNITUDE_REPORTED
40-1943,2014-01-30,2014-01-30T20:28:06,14.22708684,46449.3966,27688.8343,901.2364,2924,1,2014-01-28,0.8,N,,PRISM_3D_MAGNITUDE_REPORTED
40-1943,2014-01-31,2014-01-31T20:20:38,11.9607692,46449.3966,27688.8317,901.2341,2926,2,2014-01-29,0,N,,PRISM_3D_MAGNITUDE_REPORTED
40-1943,2014-02-01,2014-02-01T22:58:45,19.06777386,46449.3957,27688.825,901.2447,2927,1,2014-01-30,0,N,,PRISM_3D_MAGNITUDE_REPORTED
40-1943,2014-02-02,2014-02-02T20:48:55,13.67077174,46449.3962,27688.8369,901.2328,2929,2,2014-01-31,0,N,,PRISM_3D_MAGNITUDE_REPORTED
40-1943,2014-02-03,2014-02-03T19:28:40,14.63864747,46449.4002,27688.8247,901.2334,2931,2,2014-02-01,0,N,,PRISM_3D_MAGNITUDE_REPORTED
40-1943,2014-02-04,2014-02-04T20:08:13,14.06627171,46449.3981,27688.8256,901.2363,2933,2,2014-02-02,0,N,,PRISM_3D_MAGNITUDE_REPORTED
40-1943,2014-02-05,2014-02-05T08:15:08,14.94523335,46449.3966,27688.8304,901.2392,2934,1,2014-02-03,19.2,N,,PRISM_3D_MAGNITUDE_REPORTED
40-1943,2014-02-06,2014-02-06T21:02:13,13.84521578,46449.3986,27688.8257,901.2352,2936,2,2014-02-04,8.6,N,,PRISM_3D_MAGNITUDE_REPORTED
40-1943,2014-02-07,2014-02-07T13:54:50,11.15123311,46449.3967,27688.8305,901.2329,2937,1,2014-02-05,0,N,,PRISM_3D_MAGNITUDE_REPORTED
40-1943,2014-02-08,2014-02-08T01:45:25,17.78341924,46449.3984,27688.823,901.2407,2938,1,2014-02-06,0.4,N,,PRISM_3D_MAGNITUDE_REPORTED
40-1943,2014-02-09,2014-02-09T19:21:05,14.87985214,46449.4002,27688.8234,901.2331,2940,2,2014-02-07,1.6,N,,PRISM_3D_MAGNITUDE_REPORTED
40-1943,2014-02-10,2014-02-10T16:38:05,19.19010161,46449.3965,27688.8304,901.2445,2942,2,2014-02-08,3.4,N,,PRISM_3D_MAGNITUDE_REPORTED
40-1943,2014-02-11,2014-02-11T23:59:21,18.84383188,46449.3989,27688.8232,901.2418,2943,1,2014-02-09,0.8,N,,PRISM_3D_MAGNITUDE_REPORTED
40-1943,2014-02-12,2014-02-12T11:21:13,14.61403435,46449.4,27688.8299,901.2344,2944,1,2014-02-10,29,N,,PRISM_3D_MAGNITUDE_REPORTED
40-1943,2014-02-13,2014-02-13T14:23:07,15.84329511,46449.3992,27688.8284,901.2381,2946,2,2014-02-11,8.4,N,,PRISM_3D_MAGNITUDE_REPORTED
40-1943,2014-02-14,2014-02-14T17:09:18,16.86564555,46449.3995,27688.8246,901.2388,2948,2,2014-02-12,20.6,N,,PRISM_3D_MAGNITUDE_REPORTED
40-1943,2014-02-15,2014-02-15T20:16:32,17.74429486,46449.4032,27688.8241,901.2341,2950,2,2014-02-13,0.2,N,,PRISM_3D_MAGNITUDE_REPORTED
40-1943,2014-02-17,2014-02-17T21:43:49,23.82666573,46449.4017,27688.8329,901.2461,2951,1,2014-02-15,0,N,,PRISM_3D_MAGNITUDE_REPORTED
40-1943,2014-02-18,2014-02-18T14:21:21,23.39786315,46449.4053,27688.8324,901.2419,2952,1,2014-02-16,115,N,,PRISM_3D_MAGNITUDE_REPORTED
40-1943,2014-02-19,2014-02-19T21:54:48,31.62293471,46449.4078,27688.8199,901.2504,2953,1,2014-02-17,6,N,,PRISM_3D_MAGNITUDE_REPORTED
40-1958,2013-11-20,2013-11-20T23:53:18,8.124038403,46469.112,27728.865,886.659,3077,2,2013-11-18,0,N,,PRISM_3D_MAGNITUDE_REPORTED
40-1958,2013-11-21,2013-11-21T22:02:19,14.56021978,46469.11,27728.86,886.668,3081,4,2013-11-19,4.2,N,,PRISM_3D_MAGNITUDE_REPORTED
40-1958,2013-11-22,2013-11-22T21:44:46,7.549834436,46469.112,27728.868,886.665,3085,4,2013-11-20,0.2,N,,PRISM_3D_MAGNITUDE_REPORTED
40-1958,2013-11-23,2013-11-23T22:46:26,4.690415758,46469.111,27728.869,886.662,3090,5,2013-11-21,0,N,,PRISM_3D_MAGNITUDE_REPORTED
40-1958,2013-11-24,2013-11-24T14:29:46,15.8113883,46469.108,27728.859,886.669,3093,3,2013-11-22,0,N,,PRISM_3D_MAGNITUDE_REPORTED
40-1958,2013-11-26,2013-11-26T23:55:35,10.72380529,46469.113,27728.863,886.663,3099,6,2013-11-24,1.8,N,,PRISM_3D_MAGNITUDE_REPORTED
40-1958,2013-11-27,2013-11-27T22:45:56,8.999999999,46469.112,27728.865,886.664,3102,3,2013-11-25,0,N,,PRISM_3D_MAGNITUDE_REPORTED
40-1958,2013-11-30,2013-11-30T16:28:46,14.93820605,46469.1155,27728.8621,886.6517,3105,3,2013-11-28,0,N,,PRISM_3D_MAGNITUDE_REPORTED
40-1958,2013-12-01,2013-12-01T19:10:02,15.35643188,46469.1145,27728.8581,886.6606,3107,2,2013-11-29,0,N,,PRISM_3D_MAGNITUDE_REPORTED
40-1958,2013-12-02,2013-12-02T18:20:23,19.72358994,46469.1137,27728.8542,886.6663,3110,3,2013-11-30,0,N,,PRISM_3D_MAGNITUDE_REPORTED
40-1958,2013-12-03,2013-12-03T22:14:55,11.35649594,46469.113,27728.8629,886.6646,3113,3,2013-12-01,0,N,,PRISM_3D_MAGNITUDE_REPORTED
40-1958,2013-12-05,2013-12-05T14:58:50,19.89396893,46469.1109,27728.86,886.6756,3114,1,2013-12-03,20,N,,PRISM_3D_MAGNITUDE_REPORTED
40-1958,2013-12-06,2013-12-06T20:59:36,18.15957048,46469.117,27728.8611,886.6486,3116,2,2013-12-04,0.2,N,,PRISM_3D_MAGNITUDE_REPORTED
40-1958,2013-12-07,2013-12-07T22:20:33,13.48258136,46469.1155,27728.8608,886.6603,3122,6,2013-12-05,0.6,N,,PRISM_3D_MAGNITUDE_REPORTED
40-1958,2013-12-08,2013-12-08T06:52:18,27.52271789,46469.1135,27728.8478,886.6719,3124,2,2013-12-06,8.2,N,,PRISM_3D_MAGNITUDE_REPORTED
40-1958,2013-12-10,2013-12-10T21:14:33,20.20618717,46469.1182,27728.8563,886.6524,3128,4,2013-12-08,0,N,,PRISM_3D_MAGNITUDE_REPORTED
40-1958,2013-12-12,2013-12-12T20:28:53,12.47116675,46469.1169,27728.8636,886.6576,3130,2,2013-12-10,0,N,,PRISM_3D_MAGNITUDE_REPORTED
40-1958,2013-12-13,2013-12-13T12:57:20,8.309632964,46469.1132,27728.868,886.6651,3131,1,2013-12-11,0,N,,PRISM_3D_MAGNITUDE_REPORTED
40-1958,2013-12-14,2013-12-14T21:10:39,8.746427842,46469.1135,27728.868,886.6655,3134,3,2013-12-12,0,N,,PRISM_3D_MAGNITUDE_REPORTED
40-1958,2013-12-15,2013-12-15T14:27:06,20.75764919,46469.1176,27728.8536,886.6596,3135,1,2013-12-13,0,N,,PRISM_3D_MAGNITUDE_REPORTED
40-1958,2013-12-16,2013-12-16T17:26:19,11.63786922,46469.1138,27728.8656,886.6678,3137,2,2013-12-14,0,N,,PRISM_3D_MAGNITUDE_REPORTED
40-1958,2013-12-17,2013-12-17T22:10:04,12.3,46469.1169,27728.8662,886.6538,3140,3,2013-12-15,0,N,,PRISM_3D_MAGNITUDE_REPORTED
40-1958,2013-12-18,2013-12-18T17:57:20,22.02498581,46469.1186,27728.8715,886.6407,3141,1,2013-12-16,1.6,N,,PRISM_3D_MAGNITUDE_REPORTED
40-1958,2013-12-19,2013-12-19T18:32:48,9.562426472,46469.1148,27728.8658,886.6626,3144,3,2013-12-17,0,N,,PRISM_3D_MAGNITUDE_REPORTED
40-1958,2013-12-20,2013-12-20T17:06:57,23.46934171,46469.1191,27728.8514,886.6582,3149,5,2013-12-18,0,N,,PRISM_3D_MAGNITUDE_REPORTED
40-1958,2013-12-21,2013-12-21T14:05:58,10.66489569,46469.1147,27728.8657,886.6654,3151,2,2013-12-19,0,N,,PRISM_3D_MAGNITUDE_REPORTED
40-1958,2013-12-22,2013-12-22T17:20:18,16.5490181,46469.1181,27728.8601,886.6545,3154,3,2013-12-20,0,N,,PRISM_3D_MAGNITUDE_REPORTED
40-1958,2013-12-23,2013-12-23T19:22:30,13.02996546,46469.1152,27728.8633,886.6665,3158,4,2013-12-21,0,N,,PRISM_3D_MAGNITUDE_REPORTED
40-1958,2013-12-24,2013-12-24T17:45:01,16.21634978,46469.1166,27728.8585,886.6626,3163,5,2013-12-22,0,N,,PRISM_3D_MAGNITUDE_REPORTED
40-1958,2013-12-25,2013-12-25T11:30:16,9.578100018,46469.1153,27728.8671,886.6638,3166,3,2013-12-23,0,N,,PRISM_3D_MAGNITUDE_REPORTED
40-1958,2013-12-26,2013-12-26T17:54:29,12.49679959,46469.1186,27728.869,886.6541,3167,1,2013-12-24,0.2,N,,PRISM_3D_MAGNITUDE_REPORTED
40-1958,2013-12-27,2013-12-27T13:45:40,23.54846067,46469.1158,27728.8533,886.672,3168,1,2013-12-25,0,N,,PRISM_3D_MAGNITUDE_REPORTED
40-1958,2013-12-28,2013-12-28T19:03:17,23.27079715,46469.1161,27728.8534,886.6714,3171,3,2013-12-26,0,N,,PRISM_3D_MAGNITUDE_REPORTED
40-1958,2013-12-29,2013-12-29T23:12:01,12.68266534,46469.116,27728.8647,886.6666,3177,6,2013-12-27,0,N,,PRISM_3D_MAGNITUDE_REPORTED
40-1958,2013-12-30,2013-12-30T19:11:30,10.02496883,46469.1157,27728.8659,886.662,3182,5,2013-12-28,0,N,,PRISM_3D_MAGNITUDE_REPORTED
40-1958,2013-12-31,2013-12-31T19:29:59,9.650388594,46469.1149,27728.8734,886.6666,3186,4,2013-12-29,,,,PRISM_3D_MAGNITUDE_REPORTED
40-1958,2014-01-01,2014-01-01T21:20:45,22.59601735,46469.114,27728.8593,886.6777,3188,2,2013-12-30,12,N,,PRISM_3D_MAGNITUDE_REPORTED
40-1958,2014-01-02,2014-01-02T19:51:09,10.54229576,46469.1167,27728.8661,886.6608,3190,2,2013-12-31,3.6,N,,PRISM_3D_MAGNITUDE_REPORTED
40-1958,2014-01-03,2014-01-03T23:52:38,12.03744159,46469.1131,27728.8705,886.6708,3193,3,2014-01-01,0,N,,PRISM_3D_MAGNITUDE_REPORTED
40-1958,2014-01-04,2014-01-04T16:42:58,17.47712791,46469.1189,27728.859,886.6642,3197,4,2014-01-02,0,N,,PRISM_3D_MAGNITUDE_REPORTED
40-1958,2014-01-05,2014-01-05T16:24:50,12.509996,46469.1165,27728.8636,886.6637,3200,3,2014-01-03,0,N,,PRISM_3D_MAGNITUDE_REPORTED
40-1958,2014-01-06,2014-01-06T23:59:48,12.60079363,46469.1163,27728.8635,886.6642,3204,4,2014-01-04,0,N,,PRISM_3D_MAGNITUDE_REPORTED
40-1958,2014-01-07,2014-01-07T21:10:25,17.11636644,46469.1186,27728.8589,886.657,3210,6,2014-01-05,0,N,,PRISM_3D_MAGNITUDE_REPORTED
40-1958,2014-01-08,2014-01-08T21:06:40,16.51514457,46469.1157,27728.8609,886.6695,3215,5,2014-01-06,0,N,,PRISM_3D_MAGNITUDE_REPORTED
40-1958,2014-01-09,2014-01-09T20:45:09,11.81905242,46469.116,27728.866,886.6663,3221,6,2014-01-07,0,N,,PRISM_3D_MAGNITUDE_REPORTED
40-1958,2014-01-10,2014-01-10T20:23:43,11.45556633,46469.1149,27728.8809,886.6579,3226,5,2014-01-08,0,N,,PRISM_3D_MAGNITUDE_REPORTED
40-1958,2014-01-11,2014-01-11T12:58:44,13.60330842,46469.1188,27728.864,886.6579,3229,3,2014-01-09,0.6,N,,PRISM_3D_MAGNITUDE_REPORTED
40-1958,2014-01-12,2014-01-12T23:38:43,10.61979284,46469.1161,27728.8786,886.6581,3231,2,2014-01-10,1.6,N,,PRISM_3D_MAGNITUDE_REPORTED
40-1958,2014-01-13,2014-01-13T23:15:08,15.99531181,46469.1173,27728.8814,886.651,3237,6,2014-01-11,29.2,N,,PRISM_3D_MAGNITUDE_REPORTED
40-1958,2014-01-14,2014-01-14T23:21:01,15.47449514,46469.1193,27728.8616,886.6581,3243,6,2014-01-12,20,N,,PRISM_3D_MAGNITUDE_REPORTED
40-1958,2014-01-15,2014-01-15T14:05:14,10.37304198,46469.115,27728.8784,886.6642,3245,2,2014-01-13,0.2,N,,PRISM_3D_MAGNITUDE_REPORTED
40-1958,2014-01-17,2014-01-17T23:06:03,10.44317959,46469.1179,27728.8689,886.6612,3248,3,2014-01-15,11,N,,PRISM_3D_MAGNITUDE_REPORTED
40-1958,2014-01-18,2014-01-18T23:34:05,16.44536409,46469.1137,27728.8756,886.675,3254,6,2014-01-16,15.4,N,,PRISM_3D_MAGNITUDE_REPORTED
40-1958,2014-01-19,2014-01-19T23:43:32,11.45556633,46469.1169,27728.8699,886.6669,3260,6,2014-01-17,2,N,,PRISM_3D_MAGNITUDE_REPORTED
40-1958,2014-01-20,2014-01-20T17:43:15,19.46355569,46469.1159,27728.8609,886.6739,3265,5,2014-01-18,0.2,N,,PRISM_3D_MAGNITUDE_REPORTED
40-1958,2014-01-21,2014-01-21T14:15:17,18.08369431,46469.1191,27728.859,886.6659,3270,5,2014-01-19,17.6,N,,PRISM_3D_MAGNITUDE_REPORTED
40-1958,2014-01-22,2014-01-22T12:10:35,13.38581339,46469.1186,27728.8639,886.6611,3274,4,2014-01-20,0,N,,PRISM_3D_MAGNITUDE_REPORTED
40-1958,2014-01-23,2014-01-23T22:27:38,10.23572176,46469.1176,27728.8714,886.6635,3279,5,2014-01-21,0,N,,PRISM_3D_MAGNITUDE_REPORTED
40-1958,2014-01-24,2014-01-24T10:48:43,17.93042108,46469.117,27728.8637,886.6731,3281,2,2014-01-22,10.4,N,,PRISM_3D_MAGNITUDE_REPORTED
40-1958,2014-01-25,2014-01-25T03:38:11,26.18396456,46469.12,27728.8516,886.6712,3283,2,2014-01-23,0.2,N,,PRISM_3D_MAGNITUDE_REPORTED
40-1958,2014-01-26,2014-01-26T07:54:29,20.06414713,46469.1168,27728.8623,886.6752,3285,2,2014-01-24,0,N,,PRISM_3D_MAGNITUDE_REPORTED
40-1958,2014-01-27,2014-01-27T12:31:34,21.38737946,46469.123,27728.8699,886.6449,3286,1,2014-01-25,0,N,,PRISM_3D_MAGNITUDE_REPORTED
40-1958,2014-01-28,2014-01-28T19:27:48,19.59030373,46469.122,27728.8583,886.6597,3288,2,2014-01-26,35,N,,PRISM_3D_MAGNITUDE_REPORTED
40-1958,2014-01-29,2014-01-29T21:32:42,11.68802807,46469.1174,27728.8789,886.6608,3293,5,2014-01-27,24.8,N,,PRISM_3D_MAGNITUDE_REPORTED
40-1958,2014-01-30,2014-01-30T22:23:59,11.61464592,46469.1196,27728.8717,886.6595,3298,5,2014-01-28,0.8,N,,PRISM_3D_MAGNITUDE_REPORTED
40-1958,2014-01-31,2014-01-31T22:03:21,12.2225202,46469.1199,27728.8693,886.6607,3303,5,2014-01-29,0,N,,PRISM_3D_MAGNITUDE_REPORTED
40-1958,2014-02-01,2014-02-01T22:58:45,11.61722859,46469.1194,27728.8742,886.6604,3306,3,2014-01-30,0,N,,PRISM_3D_MAGNITUDE_REPORTED
40-1958,2014-02-02,2014-02-02T20:48:55,13.35252785,46469.1196,27728.8743,886.6662,3311,5,2014-01-31,0,N,,PRISM_3D_MAGNITUDE_REPORTED
40-1958,2014-02-03,2014-02-03T19:28:40,15.18782407,46469.1187,27728.8817,886.6647,3316,5,2014-02-01,0,N,,PRISM_3D_MAGNITUDE_REPORTED
40-1958,2014-02-04,2014-02-04T20:08:13,26.63944444,46469.1209,27728.853,886.6735,3321,5,2014-02-02,0,N,,PRISM_3D_MAGNITUDE_REPORTED
40-1958,2014-02-05,2014-02-05T22:20:52,14.21126314,46469.1204,27728.8668,886.6646,3327,6,2014-02-03,19.2,N,,PRISM_3D_MAGNITUDE_REPORTED
40-1958,2014-02-06,2014-02-06T21:02:13,22.512441,46469.1224,27728.8571,886.6688,3332,5,2014-02-04,8.6,N,,PRISM_3D_MAGNITUDE_REPORTED
40-1958,2014-02-07,2014-02-07T15:25:23,19.47639597,46469.1228,27728.8597,886.663,3336,4,2014-02-05,0,N,,PRISM_3D_MAGNITUDE_REPORTED
40-1958,2014-02-08,2014-02-08T21:11:31,14.97364351,46469.1223,27728.8684,886.6574,3342,6,2014-02-06,0.4,N,,PRISM_3D_MAGNITUDE_REPORTED
40-1958,2014-02-09,2014-02-09T21:03:42,14.61779737,46469.1212,27728.867,886.6638,3346,4,2014-02-07,1.6,N,,PRISM_3D_MAGNITUDE_REPORTED
40-1958,2014-02-10,2014-02-10T22:29:51,14.19084212,46469.122,27728.8697,886.6597,3349,3,2014-02-08,3.4,N,,PRISM_3D_MAGNITUDE_REPORTED
40-1958,2014-02-11,2014-02-11T23:59:21,15.85339081,46469.1229,27728.8724,886.6546,3351,2,2014-02-09,0.8,N,,PRISM_3D_MAGNITUDE_REPORTED
40-1958,2014-02-12,2014-02-12T17:06:00,21.81604914,46469.1243,27728.8575,886.66,3355,4,2014-02-10,29,N,,PRISM_3D_MAGNITUDE_REPORTED
40-1958,2014-02-13,2014-02-13T20:40:24,24.42969505,46469.1171,27728.8738,886.6826,3361,6,2014-02-11,8.4,N,,PRISM_3D_MAGNITUDE_REPORTED
40-1958,2014-02-14,2014-02-14T23:51:17,17.85329101,46469.1229,27728.8648,886.6667,3367,6,2014-02-12,20.6,N,,PRISM_3D_MAGNITUDE_REPORTED
40-1958,2014-02-15,2014-02-15T20:16:32,15.29346266,46469.1227,27728.8698,886.6636,3369,2,2014-02-13,0.2,N,,PRISM_3D_MAGNITUDE_REPORTED
40-1958,2014-02-16,2014-02-16T23:18:56,20.32264746,46469.1265,27728.868,886.6674,3370,1,2014-02-14,0,N,,PRISM_3D_MAGNITUDE_REPORTED
40-1958,2014-02-17,2014-02-17T21:43:49,24.21032837,46469.1297,27728.8623,886.6646,3372,2,2014-02-15,0,N,,PRISM_3D_MAGNITUDE_REPORTED
40-1958,2014-02-18,2014-02-18T22:05:29,27.43956997,46469.1307,27728.8612,886.671,3377,5,2014-02-16,115,N,,PRISM_3D_MAGNITUDE_REPORTED
40-1958,2014-02-19,2014-02-19T21:54:48,35.45743928,46469.1261,27728.8629,886.6891,3379,2,2014-02-17,6,N,,PRISM_3D_MAGNITUDE_REPORTED
40-1959,2013-11-20,2013-11-20T23:53:18,7.280109889,46467.867,27769.818,887.206,3381,2,2013-11-18,0,N,,PRISM_3D_MAGNITUDE_REPORTED
40-1959,2013-11-21,2013-11-21T22:22:40,1,46467.866,27769.814,887.211,3386,5,2013-11-19,4.2,N,,PRISM_3D_MAGNITUDE_REPORTED
40-1959,2013-11-22,2013-11-22T21:44:46,6.324555322,46467.866,27769.82,887.214,3390,4,2013-11-20,0.2,N,,PRISM_3D_MAGNITUDE_REPORTED
40-1959,2013-11-23,2013-11-23T22:46:26,1.414213563,46467.866,27769.815,887.213,3395,5,2013-11-21,0,N,,PRISM_3D_MAGNITUDE_REPORTED
40-1959,2013-11-24,2013-11-24T14:29:46,9.486832983,46467.861,27769.813,887.22,3398,3,2013-11-22,0,N,,PRISM_3D_MAGNITUDE_REPORTED
40-1959,2013-11-26,2013-11-26T23:55:35,3.162277659,46467.867,27769.814,887.215,3404,6,2013-11-24,1.8,N,,PRISM_3D_MAGNITUDE_REPORTED
40-1959,2013-11-27,2013-11-27T22:45:56,8,46467.866,27769.814,887.22,3407,3,2013-11-25,0,N,,PRISM_3D_MAGNITUDE_REPORTED
40-1959,2013-11-29,2013-11-29T03:51:26,6.708203932,46467.87,27769.812,887.207,3408,1,2013-11-27,0,N,,PRISM_3D_MAGNITUDE_REPORTED
40-1959,2013-11-30,2013-11-30T16:28:46,11.96870921,46467.8682,27769.8244,887.2065,3410,2,2013-11-28,0,N,,PRISM_3D_MAGNITUDE_REPORTED
40-1959,2013-12-01,2013-12-01T19:10:02,5.879625839,46467.8678,27769.8193,887.2138,3413,3,2013-11-29,0,N,,PRISM_3D_MAGNITUDE_REPORTED
40-1959,2013-12-02,2013-12-02T18:20:23,6.103277807,46467.8692,27769.8095,887.2146,3417,4,2013-11-30,0,N,,PRISM_3D_MAGNITUDE_REPORTED
40-1959,2013-12-03,2013-12-03T22:14:55,2.844292528,46467.8687,27769.8132,887.2124,3420,3,2013-12-01,0,N,,PRISM_3D_MAGNITUDE_REPORTED
40-1959,2013-12-05,2013-12-05T14:58:50,12.5499004,46467.8655,27769.819,887.2235,3421,1,2013-12-03,20,N,,PRISM_3D_MAGNITUDE_REPORTED
40-1959,2013-12-06,2013-12-06T20:59:36,13.08587024,46467.8704,27769.8222,887.2028,3423,2,2013-12-04,0.2,N,,PRISM_3D_MAGNITUDE_REPORTED
40-1959,2013-12-07,2013-12-07T22:20:33,6.495382976,46467.8709,27769.8173,887.2093,3429,6,2013-12-05,0.6,N,,PRISM_3D_MAGNITUDE_REPORTED
40-1959,2013-12-08,2013-12-08T06:52:18,4.16293166,46467.8678,27769.8168,887.2145,3431,2,2013-12-06,8.2,N,,PRISM_3D_MAGNITUDE_REPORTED
40-1959,2013-12-10,2013-12-10T21:14:33,11.95449706,46467.8729,27769.8151,887.2023,3435,4,2013-12-08,0,N,,PRISM_3D_MAGNITUDE_REPORTED
40-1959,2013-12-12,2013-12-12T20:50:02,5.18652099,46467.8707,27769.816,887.2111,3437,2,2013-12-10,0,N,,PRISM_3D_MAGNITUDE_REPORTED
40-1959,2013-12-13,2013-12-13T12:57:20,13.81701849,46467.8693,27769.8271,887.2091,3438,1,2013-12-11,0,N,,PRISM_3D_MAGNITUDE_REPORTED
40-1959,2013-12-14,2013-12-14T21:10:39,8.105553654,46467.8689,27769.8195,887.2172,3441,3,2013-12-12,0,N,,PRISM_3D_MAGNITUDE_REPORTED
40-1959,2013-12-15,2013-12-15T14:27:06,8.109870527,46467.8702,27769.8122,887.2187,3442,1,2013-12-13,0,N,,PRISM_3D_MAGNITUDE_REPORTED
40-1959,2013-12-16,2013-12-16T17:26:19,7.088723437,46467.8713,27769.8186,887.211,3444,2,2013-12-14,0,N,,PRISM_3D_MAGNITUDE_REPORTED
40-1959,2013-12-17,2013-12-17T22:10:04,13.46625412,46467.8723,27769.8213,887.2026,3447,3,2013-12-15,0,N,,PRISM_3D_MAGNITUDE_REPORTED
40-1959,2013-12-18,2013-12-18T17:57:20,9.370699013,46467.8704,27769.8222,887.2109,3448,1,2013-12-16,1.6,N,,PRISM_3D_MAGNITUDE_REPORTED
40-1959,2013-12-19,2013-12-19T18:32:48,8.347454701,46467.8712,27769.8098,887.217,3451,3,2013-12-17,0,N,,PRISM_3D_MAGNITUDE_REPORTED
40-1959,2013-12-20,2013-12-20T17:27:08,8.697125962,46467.8698,27769.8146,887.2198,3457,6,2013-12-18,0,N,,PRISM_3D_MAGNITUDE_REPORTED
40-1959,2013-12-21,2013-12-21T14:05:58,10.63954886,46467.8718,27769.8224,887.209,3459,2,2013-12-19,0,N,,PRISM_3D_MAGNITUDE_REPORTED
40-1959,2013-12-22,2013-12-22T17:20:18,13.64038123,46467.8698,27769.8271,887.2121,3463,4,2013-12-20,0,N,,PRISM_3D_MAGNITUDE_REPORTED
40-1959,2013-12-23,2013-12-23T19:22:30,12.13053997,46467.8693,27769.8245,887.2171,3467,4,2013-12-21,0,N,,PRISM_3D_MAGNITUDE_REPORTED
40-1959,2013-12-24,2013-12-24T17:45:01,6.087692498,46467.8711,27769.8173,887.2124,3472,5,2013-12-22,0,N,,PRISM_3D_MAGNITUDE_REPORTED
40-1959,2013-12-25,2013-12-25T11:30:16,6.743144668,46467.8723,27769.8163,887.2113,3475,3,2013-12-23,0,N,,PRISM_3D_MAGNITUDE_REPORTED
40-1959,2013-12-26,2013-12-26T17:54:29,14.81721971,46467.8721,27769.8275,887.2117,3476,1,2013-12-24,0.2,N,,PRISM_3D_MAGNITUDE_REPORTED
40-1959,2013-12-27,2013-12-27T13:45:40,11.63185282,46467.87,27769.8147,887.2229,3477,1,2013-12-25,0,N,,PRISM_3D_MAGNITUDE_REPORTED
40-1959,2013-12-28,2013-12-28T19:03:17,8.923003978,46467.8715,27769.8111,887.2184,3480,3,2013-12-26,0,N,,PRISM_3D_MAGNITUDE_REPORTED
40-1959,2013-12-29,2013-12-29T23:12:01,8.883692924,46467.8716,27769.8174,887.218,3486,6,2013-12-27,0,N,,PRISM_3D_MAGNITUDE_REPORTED
40-1959,2013-12-30,2013-12-30T19:11:30,12.10537071,46467.8697,27769.8221,887.2202,3491,5,2013-12-28,0,N,,PRISM_3D_MAGNITUDE_REPORTED
40-1959,2013-12-31,2013-12-31T19:50:32,7.717512549,46467.8728,27769.8176,887.2126,3496,5,2013-12-29,,,,PRISM_3D_MAGNITUDE_REPORTED
40-1959,2014-01-01,2014-01-01T21:20:45,13.61469794,46467.87,27769.8134,887.225,3498,2,2013-12-30,12,N,,PRISM_3D_MAGNITUDE_REPORTED
40-1959,2014-01-02,2014-01-02T19:51:09,8.98276127,46467.8709,27769.8198,887.2168,3500,2,2013-12-31,3.6,N,,PRISM_3D_MAGNITUDE_REPORTED
40-1959,2014-01-03,2014-01-03T23:52:38,12.95260592,46467.8677,27769.8218,887.2222,3503,3,2014-01-01,0,N,,PRISM_3D_MAGNITUDE_REPORTED
40-1959,2014-01-04,2014-01-04T16:42:58,8.596510919,46467.8705,27769.8197,887.2166,3507,4,2014-01-02,0,N,,PRISM_3D_MAGNITUDE_REPORTED
40-1959,2014-01-05,2014-01-05T16:24:50,5.430469593,46467.8706,27769.8147,887.2148,3510,3,2014-01-03,0,N,,PRISM_3D_MAGNITUDE_REPORTED
40-1959,2014-01-06,2014-01-06T23:59:48,11.74563749,46467.8706,27769.8248,887.2116,3514,4,2014-01-04,0,N,,PRISM_3D_MAGNITUDE_REPORTED
40-1959,2014-01-07,2014-01-07T21:10:25,7.5059976,46467.8727,27769.8151,887.2088,3520,6,2014-01-05,0,N,,PRISM_3D_MAGNITUDE_REPORTED
40-1959,2014-01-08,2014-01-08T21:27:05,10.06081508,46467.8707,27769.8223,887.2152,3526,6,2014-01-06,0,N,,PRISM_3D_MAGNITUDE_REPORTED
40-1959,2014-01-09,2014-01-09T20:45:09,9.437160589,46467.8721,27769.8212,887.2121,3532,6,2014-01-07,0,N,,PRISM_3D_MAGNITUDE_REPORTED
40-1959,2014-01-10,2014-01-10T20:23:43,13.34990637,46467.8714,27769.8249,887.2065,3537,5,2014-01-08,0,N,,PRISM_3D_MAGNITUDE_REPORTED
40-1959,2014-01-11,2014-01-11T12:58:44,6.188699377,46467.8721,27769.815,887.2117,3541,4,2014-01-09,0.6,N,,PRISM_3D_MAGNITUDE_REPORTED
40-1959,2014-01-12,2014-01-12T23:38:43,6.74907401,46467.8715,27769.8161,887.2153,3543,2,2014-01-10,1.6,N,,PRISM_3D_MAGNITUDE_REPORTED
40-1959,2014-01-13,2014-01-13T23:15:08,10.94942921,46467.8726,27769.8213,887.2072,3549,6,2014-01-11,29.2,N,,PRISM_3D_MAGNITUDE_REPORTED
40-1959,2014-01-14,2014-01-14T23:21:01,6.576473217,46467.8724,27769.8138,887.2135,3555,6,2014-01-12,20,N,,PRISM_3D_MAGNITUDE_REPORTED
40-1959,2014-01-15,2014-01-15T14:26:14,12.50999601,46467.87,27769.8247,887.2171,3557,2,2014-01-13,0.2,N,,PRISM_3D_MAGNITUDE_REPORTED
40-1959,2014-01-16,2014-01-16T01:34:56,8.003749122,46467.8709,27769.8173,887.2174,3558,1,2014-01-14,0.8,N,,PRISM_3D_MAGNITUDE_REPORTED
40-1959,2014-01-17,2014-01-17T23:06:03,9.285472524,46467.8715,27769.8199,887.2166,3561,3,2014-01-15,11,N,,PRISM_3D_MAGNITUDE_REPORTED
40-1959,2014-01-18,2014-01-18T23:34:05,10.40480658,46467.8717,27769.8199,887.2184,3567,6,2014-01-16,15.4,N,,PRISM_3D_MAGNITUDE_REPORTED
40-1959,2014-01-19,2014-01-19T23:43:32,12.11156472,46467.8727,27769.8238,887.2144,3573,6,2014-01-17,2,N,,PRISM_3D_MAGNITUDE_REPORTED
40-1959,2014-01-20,2014-01-20T17:43:15,10.86554186,46467.8719,27769.8125,887.221,3578,5,2014-01-18,0.2,N,,PRISM_3D_MAGNITUDE_REPORTED
40-1959,2014-01-21,2014-01-21T14:35:47,15.6092921,46467.8721,27769.81,887.2258,3583,5,2014-01-19,17.6,N,,PRISM_3D_MAGNITUDE_REPORTED
40-1959,2014-01-22,2014-01-22T12:10:35,7.549172139,46467.8727,27769.8151,887.2153,3587,4,2014-01-20,0,N,,PRISM_3D_MAGNITUDE_REPORTED
40-1959,2014-01-23,2014-01-23T22:27:38,9.396275858,46467.8738,27769.8152,887.2171,3592,5,2014-01-21,0,N,,PRISM_3D_MAGNITUDE_REPORTED
40-1959,2014-01-24,2014-01-24T10:48:43,13.40746061,46467.8718,27769.8174,887.2236,3595,3,2014-01-22,10.4,N,,PRISM_3D_MAGNITUDE_REPORTED
40-1959,2014-01-25,2014-01-25T07:42:51,10.36243215,46467.8749,27769.8104,887.2159,3598,3,2014-01-23,0.2,N,,PRISM_3D_MAGNITUDE_REPORTED
40-1959,2014-01-26,2014-01-26T08:16:24,15.60961242,46467.8718,27769.8099,887.2259,3600,2,2014-01-24,0,N,,PRISM_3D_MAGNITUDE_REPORTED
40-1959,2014-01-28,2014-01-28T19:27:48,11.14360803,46467.8753,27769.808,887.2107,3602,2,2014-01-26,35,N,,PRISM_3D_MAGNITUDE_REPORTED
40-1959,2014-01-29,2014-01-29T21:32:42,13.9778396,46467.8735,27769.8252,887.2083,3608,6,2014-01-27,24.8,N,,PRISM_3D_MAGNITUDE_REPORTED
40-1959,2014-01-30,2014-01-30T22:23:59,14.32934053,46467.8752,27769.823,887.2057,3614,6,2014-01-28,0.8,N,,PRISM_3D_MAGNITUDE_REPORTED
40-1959,2014-01-31,2014-01-31T22:03:21,18.46293584,46467.871,27769.8198,887.2288,3620,6,2014-01-29,0,N,,PRISM_3D_MAGNITUDE_REPORTED
40-1959,2014-02-01,2014-02-01T22:58:45,10.25573011,46467.8749,27769.8154,887.2169,3623,3,2014-01-30,0,N,,PRISM_3D_MAGNITUDE_REPORTED
40-1959,2014-02-02,2014-02-02T20:48:55,15.62593997,46467.8732,27769.8227,887.2228,3628,5,2014-01-31,0,N,,PRISM_3D_MAGNITUDE_REPORTED
40-1959,2014-02-03,2014-02-03T21:21:25,12.95916664,46467.8769,27769.8157,887.2052,3634,6,2014-02-01,0,N,,PRISM_3D_MAGNITUDE_REPORTED
40-1959,2014-02-04,2014-02-04T21:53:42,12.65859392,46467.8734,27769.8152,887.2222,3640,6,2014-02-02,0,N,,PRISM_3D_MAGNITUDE_REPORTED
40-1959,2014-02-05,2014-02-05T22:20:52,15.29509725,46467.874,27769.8103,887.2245,3646,6,2014-02-03,19.2,N,,PRISM_3D_MAGNITUDE_REPORTED
40-1959,2014-02-06,2014-02-06T23:03:12,10.53090689,46467.8757,27769.818,887.2129,3652,6,2014-02-04,8.6,N,,PRISM_3D_MAGNITUDE_REPORTED
40-1959,2014-02-07,2014-02-07T19:25:52,12.00749766,46467.8744,27769.8191,887.2189,3657,5,2014-02-05,0,N,,PRISM_3D_MAGNITUDE_REPORTED
40-1959,2014-02-08,2014-02-08T21:11:31,10.93343496,46467.8755,27769.8155,887.2172,3663,6,2014-02-06,0.4,N,,PRISM_3D_MAGNITUDE_REPORTED
40-1959,2014-02-09,2014-02-09T21:03:42,14.67446762,46467.8739,27769.8103,887.2238,3668,5,2014-02-07,1.6,N,,PRISM_3D_MAGNITUDE_REPORTED
40-1959,2014-02-10,2014-02-10T22:29:51,11.97580895,46467.8738,27769.8177,887.2203,3671,3,2014-02-08,3.4,N,,PRISM_3D_MAGNITUDE_REPORTED
40-1959,2014-02-11,2014-02-11T23:59:21,16.88816153,46467.8759,27769.8056,887.2228,3673,2,2014-02-09,0.8,N,,PRISM_3D_MAGNITUDE_REPORTED
40-1959,2014-02-12,2014-02-12T17:06:00,18.31229095,46467.8801,27769.8062,887.2033,3678,5,2014-02-10,29,N,,PRISM_3D_MAGNITUDE_REPORTED
40-1959,2014-02-13,2014-02-13T20:40:24,15.81929202,46467.8749,27769.8192,887.224,3684,6,2014-02-11,8.4,N,,PRISM_3D_MAGNITUDE_REPORTED
40-1959,2014-02-14,2014-02-14T23:51:17,18.73979722,46467.8753,27769.8155,887.2282,3690,6,2014-02-12,20.6,N,,PRISM_3D_MAGNITUDE_REPORTED
40-1959,2014-02-15,2014-02-15T20:16:32,17.39568912,46467.8763,27769.8106,887.2256,3694,4,2014-02-13,0.2,N,,PRISM_3D_MAGNITUDE_REPORTED
40-1959,2014-02-16,2014-02-16T23:24:59,65.15681085,46467.9263,27769.7934,887.2256,3695,1,2014-02-14,0,N,,PRISM_3D_MAGNITUDE_REPORTED
40-1959,2014-02-17,2014-02-17T21:53:55,66.51135241,46467.9284,27769.795,887.225,3697,2,2014-02-15,0,N,,PRISM_3D_MAGNITUDE_REPORTED
40-1959,2014-02-18,2014-02-18T22:05:29,70.70883961,46467.9303,27769.789,887.2275,3702,5,2014-02-16,115,N,,PRISM_3D_MAGNITUDE_REPORTED
40-1959,2014-02-19,2014-02-19T21:54:48,68.63220818,46467.9285,27769.7937,887.2318,3704,2,2014-02-17,6,N,,PRISM_3D_MAGNITUDE_REPORTED
40-1975,2013-11-20,2013-11-20T23:53:18,0,46470.778,27645.679,888.925,4486,1,2013-11-18,0,N,,PRISM_3D_MAGNITUDE_REPORTED
40-1975,2013-11-21,2013-11-21T15:35:52,21.9317122,46470.778,27645.664,888.941,4487,1,2013-11-19,4.2,N,,PRISM_3D_MAGNITUDE_REPORTED
40-1975,2013-11-22,2013-11-22T21:44:46,8.062257748,46470.778,27645.678,888.933,4489,2,2013-11-20,0.2,N,,PRISM_3D_MAGNITUDE_REPORTED
40-1975,2013-11-23,2013-11-23T22:46:26,10.48808848,46470.777,27645.676,888.935,4490,1,2013-11-21,0,N,,PRISM_3D_MAGNITUDE_REPORTED
40-1975,2013-11-24,2013-11-24T14:29:46,15.32970972,46470.779,27645.676,888.94,4491,1,2013-11-22,0,N,,PRISM_3D_MAGNITUDE_REPORTED
40-1975,2013-11-26,2013-11-26T16:56:32,3.464101616,46470.78,27645.677,888.927,4493,2,2013-11-24,1.8,N,,PRISM_3D_MAGNITUDE_REPORTED
40-1975,2013-11-29,2013-11-29T03:51:26,6.633249581,46470.78,27645.677,888.931,4494,1,2013-11-27,0,N,,PRISM_3D_MAGNITUDE_REPORTED
40-1975,2013-12-01,2013-12-01T04:21:43,8.95153618,46470.782,27645.6713,888.9272,4495,1,2013-11-29,0,N,,PRISM_3D_MAGNITUDE_REPORTED
40-1975,2013-12-03,2013-12-03T20:30:01,4.678675026,46470.7826,27645.6793,888.9258,4497,2,2013-12-01,0,N,,PRISM_3D_MAGNITUDE_REPORTED
40-1975,2013-12-07,2013-12-07T16:34:46,11.29513169,46470.7797,27645.6877,888.918,4499,2,2013-12-05,0.6,N,,PRISM_3D_MAGNITUDE_REPORTED
40-1975,2013-12-08,2013-12-08T04:55:44,12.87400482,46470.7801,27645.6708,888.9347,4500,1,2013-12-06,8.2,N,,PRISM_3D_MAGNITUDE_REPORTED
40-1975,2013-12-10,2013-12-10T15:33:59,14.71699698,46470.7785,27645.6795,888.9397,4501,1,2013-12-08,0,N,,PRISM_3D_MAGNITUDE_REPORTED
40-1975,2013-12-14,2013-12-14T15:48:11,17.84908961,46470.7793,27645.6967,888.9269,4502,1,2013-12-12,0,N,,PRISM_3D_MAGNITUDE_REPORTED
40-1975,2013-12-16,2013-12-16T15:42:07,16.52392205,46470.783,27645.6742,888.94,4503,1,2013-12-14,0,N,,PRISM_3D_MAGNITUDE_REPORTED
40-1975,2013-12-17,2013-12-17T22:10:04,5.537147284,46470.7827,27645.6819,888.9254,4504,1,2013-12-15,0,N,,PRISM_3D_MAGNITUDE_REPORTED
40-1975,2013-12-19,2013-12-19T03:31:31,8.954328563,46470.7813,27645.6855,888.9302,4505,1,2013-12-17,0,N,,PRISM_3D_MAGNITUDE_REPORTED
40-1975,2013-12-20,2013-12-20T00:51:31,9.339700209,46470.7829,27645.6781,888.9329,4506,1,2013-12-18,0,N,,PRISM_3D_MAGNITUDE_REPORTED
40-1975,2013-12-22,2013-12-22T05:59:02,11.61593733,46470.7812,27645.6828,888.9355,4507,1,2013-12-20,0,N,,PRISM_3D_MAGNITUDE_REPORTED
40-1975,2013-12-23,2013-12-23T19:22:30,11.80593071,46470.7815,27645.6803,888.9362,4509,2,2013-12-21,0,N,,PRISM_3D_MAGNITUDE_REPORTED
40-1975,2013-12-24,2013-12-24T10:51:55,9.918669268,46470.7851,27645.6721,888.9256,4510,1,2013-12-22,0,N,,PRISM_3D_MAGNITUDE_REPORTED
40-1975,2013-12-25,2013-12-25T10:02:18,20.22201771,46470.7857,27645.6632,888.935,4511,1,2013-12-23,0,N,,PRISM_3D_MAGNITUDE_REPORTED
40-1975,2013-12-28,2013-12-28T19:03:17,18.89497288,46470.7835,27645.6704,888.9409,4513,2,2013-12-26,0,N,,PRISM_3D_MAGNITUDE_REPORTED
40-1975,2013-12-29,2013-12-29T12:20:32,9.239047571,46470.784,27645.6784,888.932,4514,1,2013-12-27,0,N,,PRISM_3D_MAGNITUDE_REPORTED
40-1975,2013-12-30,2013-12-30T17:33:23,17.13563538,46470.7799,27645.6851,888.9409,4516,2,2013-12-28,0,N,,PRISM_3D_MAGNITUDE_REPORTED
40-1975,2013-12-31,2013-12-31T18:09:21,21.66864094,46470.7811,27645.6776,888.9464,4518,2,2013-12-29,,,,PRISM_3D_MAGNITUDE_REPORTED
40-1975,2014-01-01,2014-01-01T19:36:57,17.00264685,46470.7849,27645.6708,888.9382,4519,1,2013-12-30,12,N,,PRISM_3D_MAGNITUDE_REPORTED
40-1975,2014-01-04,2014-01-04T16:42:58,13.70875633,46470.786,27645.6763,888.9358,4521,2,2014-01-02,0,N,,PRISM_3D_MAGNITUDE_REPORTED
40-1975,2014-01-06,2014-01-06T22:41:29,13.56613431,46470.7832,27645.6808,888.9374,4522,1,2014-01-04,0,N,,PRISM_3D_MAGNITUDE_REPORTED
40-1975,2014-01-07,2014-01-07T19:45:30,14.39513807,46470.7837,27645.6783,888.9382,4524,2,2014-01-05,0,N,,PRISM_3D_MAGNITUDE_REPORTED
40-1975,2014-01-08,2014-01-08T19:32:00,17.60710084,46470.7849,27645.6734,888.9402,4526,2,2014-01-06,0,N,,PRISM_3D_MAGNITUDE_REPORTED
40-1975,2014-01-09,2014-01-09T19:23:14,12.29064685,46470.7868,27645.6739,888.9319,4528,2,2014-01-07,0,N,,PRISM_3D_MAGNITUDE_REPORTED
40-1975,2014-01-10,2014-01-10T18:55:19,15.89402404,46470.7851,27645.676,888.9389,4530,2,2014-01-08,0,N,,PRISM_3D_MAGNITUDE_REPORTED
40-1975,2014-01-11,2014-01-11T06:21:18,17.78004499,46470.7826,27645.6806,888.9421,4531,1,2014-01-09,0.6,N,,PRISM_3D_MAGNITUDE_REPORTED
40-1975,2014-01-12,2014-01-12T23:38:43,14.11594843,46470.7846,27645.6811,888.9373,4532,1,2014-01-10,1.6,N,,PRISM_3D_MAGNITUDE_REPORTED
40-1975,2014-01-13,2014-01-13T23:15:08,15.8202402,46470.7832,27645.686,888.9382,4534,2,2014-01-11,29.2,N,,PRISM_3D_MAGNITUDE_REPORTED
40-1975,2014-01-14,2014-01-14T21:31:11,11.2543325,46470.7851,27645.6825,888.933,4536,2,2014-01-12,20,N,,PRISM_3D_MAGNITUDE_REPORTED
40-1975,2014-01-17,2014-01-17T23:06:03,19.54763413,46470.7853,27645.6761,888.9429,4537,1,2014-01-15,11,N,,PRISM_3D_MAGNITUDE_REPORTED
40-1975,2014-01-18,2014-01-18T23:34:05,24.33063912,46470.7827,27645.6832,888.9485,4539,2,2014-01-16,15.4,N,,PRISM_3D_MAGNITUDE_REPORTED
40-1975,2014-01-19,2014-01-19T23:43:32,18.57040657,46470.7849,27645.6812,888.9421,4541,2,2014-01-17,2,N,,PRISM_3D_MAGNITUDE_REPORTED
40-1975,2014-01-20,2014-01-20T11:59:23,27.12415897,46470.785,27645.6734,888.9506,4542,1,2014-01-18,0.2,N,,PRISM_3D_MAGNITUDE_REPORTED
40-1975,2014-01-21,2014-01-21T12:40:21,23.4693417,46470.7843,27645.6784,888.9476,4544,2,2014-01-19,17.6,N,,PRISM_3D_MAGNITUDE_REPORTED
40-1975,2014-01-22,2014-01-22T12:10:35,21.84856975,46470.784,27645.6784,888.946,4546,2,2014-01-20,0,N,,PRISM_3D_MAGNITUDE_REPORTED
40-1975,2014-01-23,2014-01-23T14:11:21,33.52148565,46470.7846,27645.6707,888.9568,4548,2,2014-01-21,0,N,,PRISM_3D_MAGNITUDE_REPORTED
40-1975,2014-01-24,2014-01-24T05:20:55,21.04613979,46470.7854,27645.6787,888.9447,4549,1,2014-01-22,10.4,N,,PRISM_3D_MAGNITUDE_REPORTED
40-1975,2014-01-25,2014-01-25T02:05:15,21.69193399,46470.7862,27645.6763,888.9449,4550,1,2014-01-23,0.2,N,,PRISM_3D_MAGNITUDE_REPORTED
40-1975,2014-01-29,2014-01-29T19:43:43,20.84154505,46470.789,27645.6771,888.9426,4552,2,2014-01-27,24.8,N,,PRISM_3D_MAGNITUDE_REPORTED
40-1975,2014-01-30,2014-01-30T20:28:06,23.41580663,46470.7875,27645.6793,888.9464,4554,2,2014-01-28,0.8,N,,PRISM_3D_MAGNITUDE_REPORTED
40-1975,2014-01-31,2014-01-31T20:20:38,29.52761419,46470.7842,27645.681,888.9538,4556,2,2014-01-29,0,N,,PRISM_3D_MAGNITUDE_REPORTED
40-1975,2014-02-01,2014-02-01T22:58:45,29.79362348,46470.7859,27645.6763,888.9536,4557,1,2014-01-30,0,N,,PRISM_3D_MAGNITUDE_REPORTED
40-1975,2014-02-02,2014-02-02T20:48:55,29.0299845,46470.7876,27645.6767,888.9523,4559,2,2014-01-31,0,N,,PRISM_3D_MAGNITUDE_REPORTED
40-1975,2014-02-03,2014-02-03T19:28:40,31.32538907,46470.7876,27645.6754,888.9546,4561,2,2014-02-01,0,N,,PRISM_3D_MAGNITUDE_REPORTED
40-1975,2014-02-04,2014-02-04T20:08:13,26.54373749,46470.7887,27645.6718,888.9482,4563,2,2014-02-02,0,N,,PRISM_3D_MAGNITUDE_REPORTED
40-1975,2014-02-05,2014-02-05T20:44:03,30.51442282,46470.7858,27645.6788,888.9545,4565,2,2014-02-03,19.2,N,,PRISM_3D_MAGNITUDE_REPORTED
40-1975,2014-02-06,2014-02-06T21:22:57,31.08472294,46470.7864,27645.6777,888.9549,4567,2,2014-02-04,8.6,N,,PRISM_3D_MAGNITUDE_REPORTED
40-1975,2014-02-07,2014-02-07T13:54:50,31.23235502,46470.7831,27645.6846,888.9553,4568,1,2014-02-05,0,N,,PRISM_3D_MAGNITUDE_REPORTED
40-1975,2014-02-08,2014-02-08T01:54:40,25.1159312,46470.7856,27645.6866,888.9477,4569,1,2014-02-06,0.4,N,,PRISM_3D_MAGNITUDE_REPORTED
40-1975,2014-02-09,2014-02-09T07:28:35,29.41241235,46470.7873,27645.6766,888.9528,4570,1,2014-02-07,1.6,N,,PRISM_3D_MAGNITUDE_REPORTED
40-1975,2014-02-10,2014-02-10T16:38:05,30.17416113,46470.787,27645.6792,888.9538,4572,2,2014-02-08,3.4,N,,PRISM_3D_MAGNITUDE_REPORTED
40-1975,2014-02-11,2014-02-11T23:59:21,27.56483267,46470.7877,27645.6793,888.9508,4573,1,2014-02-09,0.8,N,,PRISM_3D_MAGNITUDE_REPORTED
40-1975,2014-02-12,2014-02-12T11:21:13,28.71045106,46470.7884,27645.6808,888.9517,4574,1,2014-02-10,29,N,,PRISM_3D_MAGNITUDE_REPORTED
40-1975,2014-02-13,2014-02-13T14:23:07,28.24942477,46470.7883,27645.6795,888.9513,4576,2,2014-02-11,8.4,N,,PRISM_3D_MAGNITUDE_REPORTED
40-1975,2014-02-14,2014-02-14T17:09:18,30.86583872,46470.7922,27645.6649,888.9485,4578,2,2014-02-12,20.6,N,,PRISM_3D_MAGNITUDE_REPORTED
40-1975,2014-02-15,2014-02-15T20:16:32,32.2752227,46470.7892,27645.6758,888.9551,4580,2,2014-02-13,0.2,N,,PRISM_3D_MAGNITUDE_REPORTED
40-1975,2014-02-17,2014-02-17T21:53:55,43.43431823,46470.7893,27645.6772,888.9669,4581,1,2014-02-15,0,N,,PRISM_3D_MAGNITUDE_REPORTED
40-1975,2014-02-18,2014-02-18T14:21:21,34.39374943,46470.7926,27645.6806,888.9561,4582,1,2014-02-16,115,N,,PRISM_3D_MAGNITUDE_REPORTED
40-1975,2014-02-19,2014-02-19T21:54:48,42.81378283,46470.7895,27645.6824,888.9661,4583,1,2014-02-17,6,N,,PRISM_3D_MAGNITUDE_REPORTED
40-1976,2013-11-20,2013-11-20T23:53:18,0,46468.458,27681.484,889.672,4584,1,2013-11-18,0,N,,PRISM_3D_MAGNITUDE_REPORTED
40-1976,2013-11-21,2013-11-21T15:46:05,3.31662479,46468.457,27681.487,889.673,4585,1,2013-11-19,4.2,N,,PRISM_3D_MAGNITUDE_REPORTED
40-1976,2013-11-22,2013-11-22T22:06:30,9.165151388,46468.456,27681.492,889.676,4586,1,2013-11-20,0.2,N,,PRISM_3D_MAGNITUDE_REPORTED
40-1976,2013-11-23,2013-11-23T22:46:26,15.29705854,46468.454,27681.491,889.685,4587,1,2013-11-21,0,N,,PRISM_3D_MAGNITUDE_REPORTED
40-1976,2013-11-24,2013-11-24T14:29:46,14.69693846,46468.456,27681.488,889.686,4588,1,2013-11-22,0,N,,PRISM_3D_MAGNITUDE_REPORTED
40-1976,2013-11-26,2013-11-26T16:56:32,14.69693846,46468.454,27681.494,889.682,4590,2,2013-11-24,1.8,N,,PRISM_3D_MAGNITUDE_REPORTED
40-1976,2013-11-29,2013-11-29T04:14:13,14.03566885,46468.454,27681.494,889.681,4591,1,2013-11-27,0,N,,PRISM_3D_MAGNITUDE_REPORTED
40-1976,2013-12-01,2013-12-01T04:42:54,12.6747781,46468.4548,27681.494,889.6791,4592,1,2013-11-29,0,N,,PRISM_3D_MAGNITUDE_REPORTED
40-1976,2013-12-03,2013-12-03T20:30:01,13.78912615,46468.4558,27681.4929,889.6823,4594,2,2013-12-01,0,N,,PRISM_3D_MAGNITUDE_REPORTED
40-1976,2013-12-07,2013-12-07T16:34:46,11.7239072,46468.4565,27681.4944,889.6668,4596,2,2013-12-05,0.6,N,,PRISM_3D_MAGNITUDE_REPORTED
40-1976,2013-12-08,2013-12-08T04:55:44,14.49551655,46468.4546,27681.4824,889.686,4597,1,2013-12-06,8.2,N,,PRISM_3D_MAGNITUDE_REPORTED
40-1976,2013-12-10,2013-12-10T15:33:59,16.08042288,46468.4556,27681.4839,889.6879,4598,1,2013-12-08,0,N,,PRISM_3D_MAGNITUDE_REPORTED
40-1976,2013-12-14,2013-12-14T15:48:11,27.29945054,46468.4534,27681.5091,889.6817,4599,1,2013-12-12,0,N,,PRISM_3D_MAGNITUDE_REPORTED
40-1976,2013-12-16,2013-12-16T15:42:07,25.29624478,46468.4543,27681.4926,889.6955,4600,1,2013-12-14,0,N,,PRISM_3D_MAGNITUDE_REPORTED
40-1976,2013-12-17,2013-12-17T22:10:04,15.15189757,46468.4551,27681.4966,889.6799,4601,1,2013-12-15,0,N,,PRISM_3D_MAGNITUDE_REPORTED
40-1976,2013-12-19,2013-12-19T03:31:31,19.90502449,46468.4546,27681.4952,889.6881,4602,1,2013-12-17,0,N,,PRISM_3D_MAGNITUDE_REPORTED
40-1976,2013-12-20,2013-12-20T00:51:31,10.644717,46468.4575,27681.4895,889.6811,4603,1,2013-12-18,0,N,,PRISM_3D_MAGNITUDE_REPORTED
40-1976,2013-12-22,2013-12-22T05:59:02,23.28669148,46468.4537,27681.4963,889.6913,4604,1,2013-12-20,0,N,,PRISM_3D_MAGNITUDE_REPORTED
40-1976,2013-12-23,2013-12-23T19:22:30,27.27343029,46468.4532,27681.4988,889.6944,4606,2,2013-12-21,0,N,,PRISM_3D_MAGNITUDE_REPORTED
40-1976,2013-12-24,2013-12-24T10:51:55,3.806573261,46468.4582,27681.4871,889.6742,4607,1,2013-12-22,0,N,,PRISM_3D_MAGNITUDE_REPORTED
40-1976,2013-12-25,2013-12-25T10:02:18,15.6092921,46468.4592,27681.477,889.6859,4608,1,2013-12-23,0,N,,PRISM_3D_MAGNITUDE_REPORTED
40-1976,2013-12-28,2013-12-28T08:52:10,19.35897725,46468.4568,27681.4958,889.6873,4609,1,2013-12-26,0,N,,PRISM_3D_MAGNITUDE_REPORTED
40-1976,2013-12-29,2013-12-29T12:20:32,11.40175425,46468.458,27681.487,889.683,4610,1,2013-12-27,0,N,,PRISM_3D_MAGNITUDE_REPORTED
40-1976,2013-12-30,2013-12-30T17:33:23,26.61033634,46468.4527,27681.4961,889.6951,4612,2,2013-12-28,0,N,,PRISM_3D_MAGNITUDE_REPORTED
40-1976,2013-12-31,2013-12-31T18:09:21,9.056489386,46468.4584,27681.4871,889.6805,4614,2,2013-12-29,,,,PRISM_3D_MAGNITUDE_REPORTED
40-1976,2014-01-01,2014-01-01T19:36:57,18.24198454,46468.456,27681.4891,889.6894,4615,1,2013-12-30,12,N,,PRISM_3D_MAGNITUDE_REPORTED
40-1976,2014-01-04,2014-01-04T16:51:48,29.87657946,46468.4534,27681.4924,889.7003,4617,2,2014-01-02,0,N,,PRISM_3D_MAGNITUDE_REPORTED
40-1976,2014-01-06,2014-01-06T22:41:29,24.58576824,46468.4538,27681.4989,889.6911,4618,1,2014-01-04,0,N,,PRISM_3D_MAGNITUDE_REPORTED
40-1976,2014-01-07,2014-01-07T19:45:30,24.02103245,46468.4541,27681.4964,889.6922,4620,2,2014-01-05,0,N,,PRISM_3D_MAGNITUDE_REPORTED
40-1976,2014-01-08,2014-01-08T19:52:16,21.91300983,46468.4548,27681.4953,889.6905,4622,2,2014-01-06,0,N,,PRISM_3D_MAGNITUDE_REPORTED
40-1976,2014-01-09,2014-01-09T19:23:14,13.5709248,46468.4576,27681.4895,889.6844,4624,2,2014-01-07,0,N,,PRISM_3D_MAGNITUDE_REPORTED
40-1976,2014-01-10,2014-01-10T06:41:12,21.65479162,46468.4545,27681.4952,889.6902,4625,1,2014-01-08,0,N,,PRISM_3D_MAGNITUDE_REPORTED
40-1976,2014-01-11,2014-01-11T06:21:18,24.57254566,46468.4544,27681.4939,889.6942,4626,1,2014-01-09,0.6,N,,PRISM_3D_MAGNITUDE_REPORTED
40-1976,2014-01-12,2014-01-12T23:58:48,20.32141727,46468.4556,27681.4968,889.6876,4627,1,2014-01-10,1.6,N,,PRISM_3D_MAGNITUDE_REPORTED
40-1976,2014-01-13,2014-01-13T23:15:08,25.91158042,46468.4541,27681.5028,889.6894,4629,2,2014-01-11,29.2,N,,PRISM_3D_MAGNITUDE_REPORTED
40-1976,2014-01-14,2014-01-14T21:31:11,15.59839735,46468.4571,27681.4945,889.6835,4631,2,2014-01-12,20,N,,PRISM_3D_MAGNITUDE_REPORTED
40-1976,2014-01-17,2014-01-17T23:06:03,18.14111353,46468.457,27681.4919,889.6883,4632,1,2014-01-15,11,N,,PRISM_3D_MAGNITUDE_REPORTED
40-1976,2014-01-18,2014-01-18T23:34:05,27.3958026,46468.4552,27681.4915,889.6982,4634,2,2014-01-16,15.4,N,,PRISM_3D_MAGNITUDE_REPORTED
40-1976,2014-01-19,2014-01-19T23:43:32,25.34521651,46468.4554,27681.4941,889.6951,4636,2,2014-01-17,2,N,,PRISM_3D_MAGNITUDE_REPORTED
40-1976,2014-01-20,2014-01-20T11:59:23,21.10687092,46468.4582,27681.4845,889.6931,4637,1,2014-01-18,0.2,N,,PRISM_3D_MAGNITUDE_REPORTED
40-1976,2014-01-21,2014-01-21T12:40:21,32.49523042,46468.4536,27681.4937,889.7027,4639,2,2014-01-19,17.6,N,,PRISM_3D_MAGNITUDE_REPORTED
40-1976,2014-01-22,2014-01-22T12:10:35,19.52280717,46468.4571,27681.4868,889.6913,4641,2,2014-01-20,0,N,,PRISM_3D_MAGNITUDE_REPORTED
40-1976,2014-01-23,2014-01-23T14:11:21,18.04134141,46468.459,27681.4847,889.69,4643,2,2014-01-21,0,N,,PRISM_3D_MAGNITUDE_REPORTED
40-1976,2014-01-24,2014-01-24T05:20:55,22.60575148,46468.4581,27681.4845,889.6946,4644,1,2014-01-22,10.4,N,,PRISM_3D_MAGNITUDE_REPORTED
40-1976,2014-01-25,2014-01-25T02:05:15,21.42661896,46468.4574,27681.4895,889.6927,4645,1,2014-01-23,0.2,N,,PRISM_3D_MAGNITUDE_REPORTED
40-1976,2014-01-29,2014-01-29T19:43:43,26.40549185,46468.458,27681.4922,889.6971,4647,2,2014-01-27,24.8,N,,PRISM_3D_MAGNITUDE_REPORTED
40-1976,2014-01-30,2014-01-30T20:48:55,26.38275952,46468.4565,27681.4944,889.6962,4649,2,2014-01-28,0.8,N,,PRISM_3D_MAGNITUDE_REPORTED
40-1976,2014-01-31,2014-01-31T20:20:38,28.2365012,46468.4555,27681.4993,889.6956,4651,2,2014-01-29,0,N,,PRISM_3D_MAGNITUDE_REPORTED
40-1976,2014-02-01,2014-02-01T22:58:45,30.1971853,46468.4567,27681.4893,889.7017,4652,1,2014-01-30,0,N,,PRISM_3D_MAGNITUDE_REPORTED
40-1976,2014-02-02,2014-02-02T20:48:55,29.82901272,46468.4584,27681.4884,889.7015,4654,2,2014-01-31,0,N,,PRISM_3D_MAGNITUDE_REPORTED
40-1976,2014-02-03,2014-02-03T19:28:40,23.74468362,46468.46,27681.4875,889.6954,4656,2,2014-02-01,0,N,,PRISM_3D_MAGNITUDE_REPORTED
40-1976,2014-02-04,2014-02-04T20:08:13,31.28929529,46468.4569,27681.4881,889.703,4658,2,2014-02-02,0,N,,PRISM_3D_MAGNITUDE_REPORTED
40-1976,2014-02-05,2014-02-05T20:44:03,32.7415638,46468.4576,27681.4856,889.7047,4660,2,2014-02-03,19.2,N,,PRISM_3D_MAGNITUDE_REPORTED
40-1976,2014-02-06,2014-02-06T21:22:57,30.69136686,46468.4576,27681.4882,889.7024,4662,2,2014-02-04,8.6,N,,PRISM_3D_MAGNITUDE_REPORTED
40-1976,2014-02-07,2014-02-07T13:54:50,29.06165859,46468.4553,27681.4967,889.698,4663,1,2014-02-05,0,N,,PRISM_3D_MAGNITUDE_REPORTED
40-1976,2014-02-08,2014-02-08T01:54:40,32.72155253,46468.4561,27681.4943,889.703,4664,1,2014-02-06,0.4,N,,PRISM_3D_MAGNITUDE_REPORTED
40-1976,2014-02-09,2014-02-09T07:28:35,31.90407497,46468.4581,27681.4845,889.7039,4665,1,2014-02-07,1.6,N,,PRISM_3D_MAGNITUDE_REPORTED
40-1976,2014-02-10,2014-02-10T16:38:05,34.62224718,46468.4561,27681.4943,889.705,4667,2,2014-02-08,3.4,N,,PRISM_3D_MAGNITUDE_REPORTED
40-1976,2014-02-11,2014-02-11T23:59:21,37.38422127,46468.4554,27681.4941,889.7079,4668,1,2014-02-09,0.8,N,,PRISM_3D_MAGNITUDE_REPORTED
40-1976,2014-02-12,2014-02-12T11:21:13,33.04860058,46468.4576,27681.4946,889.7033,4669,1,2014-02-10,29,N,,PRISM_3D_MAGNITUDE_REPORTED
40-1976,2014-02-13,2014-02-13T14:23:07,32.13891722,46468.4577,27681.4921,889.7031,4671,2,2014-02-11,8.4,N,,PRISM_3D_MAGNITUDE_REPORTED
40-1976,2014-02-14,2014-02-14T17:09:18,27.79640264,46468.4588,27681.4872,889.6996,4673,2,2014-02-12,20.6,N,,PRISM_3D_MAGNITUDE_REPORTED
40-1976,2014-02-15,2014-02-15T20:37:00,28.23012575,46468.4619,27681.4802,889.6997,4675,2,2014-02-13,0.2,N,,PRISM_3D_MAGNITUDE_REPORTED
40-1976,2014-02-17,2014-02-17T21:53:55,37.35746244,46468.461,27681.4903,889.7087,4676,1,2014-02-15,0,N,,PRISM_3D_MAGNITUDE_REPORTED
40-1976,2014-02-18,2014-02-18T14:21:21,34.11539242,46468.4616,27681.5033,889.6999,4677,1,2014-02-16,115,N,,PRISM_3D_MAGNITUDE_REPORTED
40-1976,2014-02-19,2014-02-19T21:54:48,53.83019599,46468.4562,27681.5046,889.7217,4678,1,2014-02-17,6,N,,PRISM_3D_MAGNITUDE_REPORTED
40-1978,2013-11-20,2013-11-20T23:53:18,0,46491.233,27660.528,877.212,4679,1,2013-11-18,0,N,,PRISM_3D_MAGNITUDE_REPORTED
40-1978,2013-11-21,2013-11-21T15:46:05,13.15294644,46491.235,27660.516,877.217,4680,1,2013-11-19,4.2,N,,PRISM_3D_MAGNITUDE_REPORTED
40-1978,2013-11-22,2013-11-22T22:06:30,4.123105626,46491.233,27660.527,877.216,4681,1,2013-11-20,0.2,N,,PRISM_3D_MAGNITUDE_REPORTED
40-1978,2013-11-23,2013-11-23T22:46:26,8.485281374,46491.231,27660.53,877.22,4682,1,2013-11-21,0,N,,PRISM_3D_MAGNITUDE_REPORTED
40-1978,2013-11-26,2013-11-26T16:56:32,10.09950494,46491.231,27660.535,877.219,4684,2,2013-11-24,1.8,N,,PRISM_3D_MAGNITUDE_REPORTED
40-1978,2013-11-29,2013-11-29T04:14:13,4.123105624,46491.235,27660.526,877.215,4685,1,2013-11-27,0,N,,PRISM_3D_MAGNITUDE_REPORTED
40-1978,2013-12-03,2013-12-03T20:30:01,2.941088232,46491.2357,27660.529,877.2126,4687,2,2013-12-01,0,N,,PRISM_3D_MAGNITUDE_REPORTED
40-1978,2013-12-07,2013-12-07T16:34:46,1.822086715,46491.234,27660.5286,877.2106,4689,2,2013-12-05,0.6,N,,PRISM_3D_MAGNITUDE_REPORTED
40-1978,2013-12-08,2013-12-08T04:55:44,7.569676347,46491.2322,27660.5255,877.2191,4690,1,2013-12-06,8.2,N,,PRISM_3D_MAGNITUDE_REPORTED
40-1978,2013-12-10,2013-12-10T15:33:59,13.36674979,46491.2321,27660.5255,877.2251,4691,1,2013-12-08,0,N,,PRISM_3D_MAGNITUDE_REPORTED
40-1978,2013-12-14,2013-12-14T15:48:11,13.29849616,46491.2331,27660.541,877.2148,4692,1,2013-12-12,0,N,,PRISM_3D_MAGNITUDE_REPORTED
40-1978,2013-12-16,2013-12-16T15:42:07,13.28307193,46491.2332,27660.5322,877.2246,4693,1,2013-12-14,0,N,,PRISM_3D_MAGNITUDE_REPORTED
40-1978,2013-12-17,2013-12-17T22:10:04,6.173329735,46491.2341,27660.5337,877.2099,4694,1,2013-12-15,0,N,,PRISM_3D_MAGNITUDE_REPORTED
40-1978,2013-12-19,2013-12-19T03:31:31,4.532107678,46491.2347,27660.5313,877.2146,4695,1,2013-12-17,0,N,,PRISM_3D_MAGNITUDE_REPORTED
40-1978,2013-12-20,2013-12-20T00:51:31,6.220128616,46491.2348,27660.5288,877.2179,4696,1,2013-12-18,0,N,,PRISM_3D_MAGNITUDE_REPORTED
40-1978,2013-12-22,2013-12-22T05:59:02,11.70555424,46491.2323,27660.5358,877.2207,4697,1,2013-12-20,0,N,,PRISM_3D_MAGNITUDE_REPORTED
40-1978,2013-12-23,2013-12-23T19:22:30,15.1598153,46491.2327,27660.5333,877.2262,4699,2,2013-12-21,0,N,,PRISM_3D_MAGNITUDE_REPORTED
40-1978,2013-12-24,2013-12-24T10:51:55,11.1821286,46491.2356,27660.5188,877.2178,4700,1,2013-12-22,0,N,,PRISM_3D_MAGNITUDE_REPORTED
40-1978,2013-12-25,2013-12-25T10:02:18,16.98175491,46491.2351,27660.5174,877.2251,4701,1,2013-12-23,0,N,,PRISM_3D_MAGNITUDE_REPORTED
40-1978,2013-12-28,2013-12-28T08:52:10,10.56267012,46491.234,27660.5336,877.2209,4702,1,2013-12-26,0,N,,PRISM_3D_MAGNITUDE_REPORTED
40-1978,2013-12-29,2013-12-29T12:20:32,15.02131818,46491.2358,27660.5214,877.2252,4703,1,2013-12-27,0,N,,PRISM_3D_MAGNITUDE_REPORTED
40-1978,2013-12-30,2013-12-30T17:33:23,10.78007421,46491.2346,27660.5249,877.2222,4705,2,2013-12-28,0,N,,PRISM_3D_MAGNITUDE_REPORTED
40-1978,2013-12-31,2013-12-31T18:09:21,4.060788101,46491.2362,27660.5304,877.2113,4707,2,2013-12-29,,,,PRISM_3D_MAGNITUDE_REPORTED
40-1978,2014-01-01,2014-01-01T19:36:57,10.28785692,46491.2342,27660.5286,877.2222,4708,1,2013-12-30,12,N,,PRISM_3D_MAGNITUDE_REPORTED
40-1978,2014-01-04,2014-01-04T16:51:48,15.70286598,46491.233,27660.5283,877.2277,4710,2,2014-01-02,0,N,,PRISM_3D_MAGNITUDE_REPORTED
40-1978,2014-01-06,2014-01-06T22:41:29,9.48314294,46491.2332,27660.5322,877.2205,4711,1,2014-01-04,0,N,,PRISM_3D_MAGNITUDE_REPORTED
40-1978,2014-01-07,2014-01-07T19:45:30,12.60277747,46491.2325,27660.5307,877.2243,4713,2,2014-01-05,0,N,,PRISM_3D_MAGNITUDE_REPORTED
40-1978,2014-01-08,2014-01-08T19:52:16,10.51950569,46491.2335,27660.5284,877.2225,4715,2,2014-01-06,0,N,,PRISM_3D_MAGNITUDE_REPORTED
40-1978,2014-01-09,2014-01-09T19:23:14,12.45230902,46491.2375,27660.518,877.2179,4717,2,2014-01-07,0,N,,PRISM_3D_MAGNITUDE_REPORTED
40-1978,2014-01-10,2014-01-10T06:41:12,12.68148257,46491.2314,27660.5355,877.2221,4718,1,2014-01-08,0,N,,PRISM_3D_MAGNITUDE_REPORTED
40-1978,2014-01-11,2014-01-11T06:21:18,11.57842822,46491.2321,27660.5357,877.2206,4719,1,2014-01-09,0.6,N,,PRISM_3D_MAGNITUDE_REPORTED
40-1978,2014-01-12,2014-01-12T23:58:48,8.50117639,46491.2343,27660.5363,877.2133,4720,1,2014-01-10,1.6,N,,PRISM_3D_MAGNITUDE_REPORTED
40-1978,2014-01-13,2014-01-13T23:15:08,10.18724693,46491.2333,27660.536,877.2183,4722,2,2014-01-11,29.2,N,,PRISM_3D_MAGNITUDE_REPORTED
40-1978,2014-01-14,2014-01-14T21:31:11,12.30203235,46491.2324,27660.5383,877.2187,4724,2,2014-01-12,20,N,,PRISM_3D_MAGNITUDE_REPORTED
40-1978,2014-01-17,2014-01-17T23:06:03,6.029096118,46491.2353,27660.5289,877.2175,4725,1,2014-01-15,11,N,,PRISM_3D_MAGNITUDE_REPORTED
40-1978,2014-01-18,2014-01-18T23:34:05,21.10236954,46491.2301,27660.5403,877.2289,4727,2,2014-01-16,15.4,N,,PRISM_3D_MAGNITUDE_REPORTED
40-1978,2014-01-19,2014-01-19T23:43:32,18.55963362,46491.2311,27660.5393,877.2266,4729,2,2014-01-17,2,N,,PRISM_3D_MAGNITUDE_REPORTED
40-1978,2014-01-20,2014-01-20T11:59:23,17.10292373,46491.2331,27660.5283,877.2291,4730,1,2014-01-18,0.2,N,,PRISM_3D_MAGNITUDE_REPORTED
40-1978,2014-01-21,2014-01-21T13:01:22,18.29617446,46491.2341,27660.5235,877.2297,4732,2,2014-01-19,17.6,N,,PRISM_3D_MAGNITUDE_REPORTED
40-1978,2014-01-22,2014-01-22T12:10:35,8.452810185,46491.2332,27660.5334,877.2185,4733,1,2014-01-20,0,N,,PRISM_3D_MAGNITUDE_REPORTED
40-1978,2014-01-23,2014-01-23T14:22:11,7.489325736,46491.2357,27660.5264,877.2188,4735,2,2014-01-21,0,N,,PRISM_3D_MAGNITUDE_REPORTED
40-1978,2014-01-24,2014-01-24T05:20:55,7.856844151,46491.2352,27660.5288,877.2195,4736,1,2014-01-22,10.4,N,,PRISM_3D_MAGNITUDE_REPORTED
40-1978,2014-01-25,2014-01-25T02:05:15,14.45060553,46491.2326,27660.5345,877.2249,4737,1,2014-01-23,0.2,N,,PRISM_3D_MAGNITUDE_REPORTED
40-1978,2014-01-29,2014-01-29T19:43:43,12.0573629,46491.2361,27660.5291,877.2236,4739,2,2014-01-27,24.8,N,,PRISM_3D_MAGNITUDE_REPORTED
40-1978,2014-01-30,2014-01-30T20:48:55,15.35122145,46491.2341,27660.5286,877.2273,4741,2,2014-01-28,0.8,N,,PRISM_3D_MAGNITUDE_REPORTED
40-1978,2014-01-31,2014-01-31T20:20:38,16.70239504,46491.2322,27660.5357,877.2268,4743,2,2014-01-29,0,N,,PRISM_3D_MAGNITUDE_REPORTED
40-1978,2014-02-01,2014-02-01T22:58:45,17.31502238,46491.2336,27660.5284,877.2293,4744,1,2014-01-30,0,N,,PRISM_3D_MAGNITUDE_REPORTED
40-1978,2014-02-02,2014-02-02T20:48:55,14.16968595,46491.2356,27660.5289,877.2259,4746,2,2014-01-31,0,N,,PRISM_3D_MAGNITUDE_REPORTED
40-1978,2014-02-03,2014-02-03T19:28:40,8.823264701,46491.2377,27660.527,877.2194,4748,2,2014-02-01,0,N,,PRISM_3D_MAGNITUDE_REPORTED
40-1978,2014-02-04,2014-02-04T20:08:13,19.60255085,46491.2329,27660.5283,877.2316,4750,2,2014-02-02,0,N,,PRISM_3D_MAGNITUDE_REPORTED
40-1978,2014-02-05,2014-02-05T20:44:03,15.34568343,46491.2341,27660.5298,877.2272,4752,2,2014-02-03,19.2,N,,PRISM_3D_MAGNITUDE_REPORTED
40-1978,2014-02-06,2014-02-06T21:22:57,16.61715981,46491.2338,27660.5298,877.2285,4754,2,2014-02-04,8.6,N,,PRISM_3D_MAGNITUDE_REPORTED
40-1978,2014-02-07,2014-02-07T13:54:50,18.64832432,46491.231,27660.5354,877.229,4755,1,2014-02-05,0,N,,PRISM_3D_MAGNITUDE_REPORTED
40-1978,2014-02-08,2014-02-08T01:54:40,9.75602378,46491.2351,27660.5314,877.2209,4756,1,2014-02-06,0.4,N,,PRISM_3D_MAGNITUDE_REPORTED
40-1978,2014-02-09,2014-02-09T07:28:35,17.43043316,46491.2339,27660.5285,877.2294,4757,1,2014-02-07,1.6,N,,PRISM_3D_MAGNITUDE_REPORTED
40-1978,2014-02-10,2014-02-10T16:38:05,21.48185281,46491.2315,27660.5381,877.2309,4759,2,2014-02-08,3.4,N,,PRISM_3D_MAGNITUDE_REPORTED
40-1978,2014-02-11,2014-02-11T23:59:21,18.39646705,46491.2341,27660.5311,877.2301,4760,1,2014-02-09,0.8,N,,PRISM_3D_MAGNITUDE_REPORTED
40-1978,2014-02-12,2014-02-12T11:21:13,10.80092589,46491.2371,27660.5319,877.2212,4761,1,2014-02-10,29,N,,PRISM_3D_MAGNITUDE_REPORTED
40-1978,2014-02-13,2014-02-13T14:23:07,12.4647503,46491.2368,27660.5267,877.2238,4763,2,2014-02-11,8.4,N,,PRISM_3D_MAGNITUDE_REPORTED
40-1978,2014-02-14,2014-02-14T17:09:18,9.666954018,46491.2388,27660.5221,877.217,4765,2,2014-02-12,20.6,N,,PRISM_3D_MAGNITUDE_REPORTED
40-1978,2014-02-15,2014-02-15T20:37:00,15.40843925,46491.2359,27660.529,877.2271,4767,2,2014-02-13,0.2,N,,PRISM_3D_MAGNITUDE_REPORTED
40-1978,2014-02-17,2014-02-17T21:53:55,23.98436991,46491.234,27660.5336,877.2353,4768,1,2014-02-15,0,N,,PRISM_3D_MAGNITUDE_REPORTED
40-1978,2014-02-18,2014-02-18T14:39:38,30.48704643,46491.2343,27660.5299,877.2424,4769,1,2014-02-16,115,N,,PRISM_3D_MAGNITUDE_REPORTED
40-1978,2014-02-19,2014-02-19T21:54:48,21.45903073,46491.2341,27660.5362,877.2318,4770,1,2014-02-17,6,N,,PRISM_3D_MAGNITUDE_REPORTED
40-1979,2013-11-20,2013-11-20T23:53:18,0,46488.469,27693.496,877.356,4771,1,2013-11-18,0,N,,PRISM_3D_MAGNITUDE_REPORTED
40-1979,2013-11-21,2013-11-21T15:46:05,10.81665383,46488.47,27693.486,877.36,4772,1,2013-11-19,4.2,N,,PRISM_3D_MAGNITUDE_REPORTED
40-1979,2013-11-22,2013-11-22T22:06:30,5.099019514,46488.468,27693.501,877.356,4773,1,2013-11-20,0.2,N,,PRISM_3D_MAGNITUDE_REPORTED
40-1979,2013-11-23,2013-11-23T23:07:47,5.744562647,46488.471,27693.494,877.351,4774,1,2013-11-21,0,N,,PRISM_3D_MAGNITUDE_REPORTED
40-1979,2013-11-26,2013-11-26T17:17:36,3.741657388,46488.47,27693.493,877.358,4776,2,2013-11-24,1.8,N,,PRISM_3D_MAGNITUDE_REPORTED
40-1979,2013-12-03,2013-12-03T20:30:01,9.210320301,46488.4749,27693.4921,877.3501,4778,2,2013-12-01,0,N,,PRISM_3D_MAGNITUDE_REPORTED
40-1979,2013-12-07,2013-12-07T16:34:46,4.601086828,46488.4704,27693.4999,877.354,4780,2,2013-12-05,0.6,N,,PRISM_3D_MAGNITUDE_REPORTED
40-1979,2013-12-08,2013-12-08T05:16:27,6.345076833,46488.4709,27693.4937,877.3616,4781,1,2013-12-06,8.2,N,,PRISM_3D_MAGNITUDE_REPORTED
40-1979,2013-12-10,2013-12-10T15:33:59,19.61963302,46488.4678,27693.4942,877.3755,4782,1,2013-12-08,0,N,,PRISM_3D_MAGNITUDE_REPORTED
40-1979,2013-12-16,2013-12-16T15:42:07,10.9808925,46488.4714,27693.5001,877.3659,4783,1,2013-12-14,0,N,,PRISM_3D_MAGNITUDE_REPORTED
40-1979,2013-12-17,2013-12-17T22:10:04,8.255906978,46488.4734,27693.4892,877.3576,4784,1,2013-12-15,0,N,,PRISM_3D_MAGNITUDE_REPORTED
40-1979,2013-12-19,2013-12-19T03:31:31,11.94696614,46488.4701,27693.5074,877.3594,4785,1,2013-12-17,0,N,,PRISM_3D_MAGNITUDE_REPORTED
40-1979,2013-12-20,2013-12-20T00:51:31,13.54621718,46488.4756,27693.4847,877.3595,4786,1,2013-12-18,0,N,,PRISM_3D_MAGNITUDE_REPORTED
40-1979,2013-12-22,2013-12-22T05:59:02,10.58772875,46488.4705,27693.5012,877.3651,4787,1,2013-12-20,0,N,,PRISM_3D_MAGNITUDE_REPORTED
40-1979,2013-12-24,2013-12-24T10:51:55,11.96996241,46488.474,27693.4868,877.3618,4788,1,2013-12-22,0,N,,PRISM_3D_MAGNITUDE_REPORTED
40-1979,2013-12-25,2013-12-25T10:02:18,14.31397918,46488.4742,27693.4843,877.3624,4789,1,2013-12-23,0,N,,PRISM_3D_MAGNITUDE_REPORTED
40-1979,2013-12-29,2013-12-29T12:20:32,10.644717,46488.4741,27693.4969,877.3653,4790,1,2013-12-27,0,N,,PRISM_3D_MAGNITUDE_REPORTED
40-1979,2013-12-30,2013-12-30T17:33:23,14.23130352,46488.4698,27693.501,877.3693,4792,2,2013-12-28,0,N,,PRISM_3D_MAGNITUDE_REPORTED
40-1979,2013-12-31,2013-12-31T18:17:11,26.81883666,46488.47,27693.4884,877.3817,4794,2,2013-12-29,,,,PRISM_3D_MAGNITUDE_REPORTED
40-1979,2014-01-04,2014-01-04T16:51:48,28.95254738,46488.4726,27693.4815,877.3808,4796,2,2014-01-02,0,N,,PRISM_3D_MAGNITUDE_REPORTED
40-1979,2014-01-06,2014-01-06T22:41:29,16.26683743,46488.4702,27693.5011,877.3714,4797,1,2014-01-04,0,N,,PRISM_3D_MAGNITUDE_REPORTED
40-1979,2014-01-07,2014-01-07T19:45:30,11.34327995,46488.4721,27693.4965,877.3669,4798,1,2014-01-05,0,N,,PRISM_3D_MAGNITUDE_REPORTED
40-1979,2014-01-08,2014-01-08T19:52:16,14.78546584,46488.4706,27693.5087,877.3634,4800,2,2014-01-06,0,N,,PRISM_3D_MAGNITUDE_REPORTED
40-1979,2014-01-09,2014-01-09T19:23:14,9.604686359,46488.4746,27693.492,877.3627,4802,2,2014-01-07,0,N,,PRISM_3D_MAGNITUDE_REPORTED
40-1979,2014-01-10,2014-01-10T06:41:12,11.57972366,46488.4718,27693.5065,877.36,4803,1,2014-01-08,0,N,,PRISM_3D_MAGNITUDE_REPORTED
40-1979,2014-01-12,2014-01-12T23:58:48,12.92052631,46488.4732,27693.5081,877.3543,4804,1,2014-01-10,1.6,N,,PRISM_3D_MAGNITUDE_REPORTED
40-1979,2014-01-13,2014-01-13T23:15:08,13.55359731,46488.4718,27693.5065,877.3641,4806,2,2014-01-11,29.2,N,,PRISM_3D_MAGNITUDE_REPORTED
40-1979,2014-01-18,2014-01-18T23:34:05,20.70434737,46488.4703,27693.5087,877.3723,4808,2,2014-01-16,15.4,N,,PRISM_3D_MAGNITUDE_REPORTED
40-1979,2014-01-19,2014-01-19T11:34:39,18.28168482,46488.4704,27693.5011,877.3735,4809,1,2014-01-17,2,N,,PRISM_3D_MAGNITUDE_REPORTED
40-1979,2014-01-20,2014-01-20T11:59:23,16.22837022,46488.4734,27693.4968,877.3716,4810,1,2014-01-18,0.2,N,,PRISM_3D_MAGNITUDE_REPORTED
40-1979,2014-01-21,2014-01-21T13:01:22,16.79077128,46488.4738,27693.4943,877.372,4812,2,2014-01-19,17.6,N,,PRISM_3D_MAGNITUDE_REPORTED
40-1979,2014-01-22,2014-01-22T12:10:35,24.06823633,46488.4708,27693.4962,877.38,4814,2,2014-01-20,0,N,,PRISM_3D_MAGNITUDE_REPORTED
40-1979,2014-01-23,2014-01-23T14:22:11,18.55505322,46488.4714,27693.5077,877.3702,4816,2,2014-01-21,0,N,,PRISM_3D_MAGNITUDE_REPORTED
40-1979,2014-01-24,2014-01-24T05:20:55,20.03047678,46488.4757,27693.4872,877.3727,4817,1,2014-01-22,10.4,N,,PRISM_3D_MAGNITUDE_REPORTED
40-1979,2014-01-25,2014-01-25T02:05:15,12.93754227,46488.4753,27693.5073,877.356,4818,1,2014-01-23,0.2,N,,PRISM_3D_MAGNITUDE_REPORTED
40-1979,2014-01-29,2014-01-29T19:43:43,21.32650933,46488.4767,27693.4912,877.3753,4819,1,2014-01-27,24.8,N,,PRISM_3D_MAGNITUDE_REPORTED
40-1979,2014-01-30,2014-01-30T20:48:55,14.09716283,46488.4768,27693.495,877.3677,4820,1,2014-01-28,0.8,N,,PRISM_3D_MAGNITUDE_REPORTED
40-1979,2014-01-31,2014-01-31T20:20:38,14.49068667,46488.4763,27693.505,877.3647,4821,1,2014-01-29,0,N,,PRISM_3D_MAGNITUDE_REPORTED
40-1979,2014-02-01,2014-02-01T22:58:45,20.88085247,46488.4751,27693.4934,877.3758,4822,1,2014-01-30,0,N,,PRISM_3D_MAGNITUDE_REPORTED
40-1979,2014-02-02,2014-02-02T20:48:55,18.30983342,46488.4742,27693.5121,877.363,4823,1,2014-01-31,0,N,,PRISM_3D_MAGNITUDE_REPORTED
40-1979,2014-02-03,2014-02-03T19:28:40,16.99235122,46488.4773,27693.4951,877.3708,4825,2,2014-02-01,0,N,,PRISM_3D_MAGNITUDE_REPORTED
40-1979,2014-02-04,2014-02-04T07:52:49,20.36983064,46488.4731,27693.5106,877.3696,4826,1,2014-02-02,0,N,,PRISM_3D_MAGNITUDE_REPORTED
40-1979,2014-02-05,2014-02-05T20:44:03,19.39896905,46488.477,27693.4976,877.3736,4828,2,2014-02-03,19.2,N,,PRISM_3D_MAGNITUDE_REPORTED
40-1979,2014-02-06,2014-02-06T21:22:57,15.99093493,46488.4769,27693.4963,877.3699,4830,2,2014-02-04,8.6,N,,PRISM_3D_MAGNITUDE_REPORTED
40-1979,2014-02-07,2014-02-07T13:54:50,27.93599828,46488.4707,27693.5037,877.3828,4831,1,2014-02-05,0,N,,PRISM_3D_MAGNITUDE_REPORTED
40-1979,2014-02-08,2014-02-08T01:54:40,13.54178718,46488.4762,27693.5037,877.3645,4832,1,2014-02-06,0.4,N,,PRISM_3D_MAGNITUDE_REPORTED
40-1979,2014-02-09,2014-02-09T07:28:35,27.20918962,46488.4745,27693.4932,877.3825,4833,1,2014-02-07,1.6,N,,PRISM_3D_MAGNITUDE_REPORTED
40-1979,2014-02-10,2014-02-10T16:38:05,22.23645655,46488.4739,27693.5057,877.3754,4834,1,2014-02-08,3.4,N,,PRISM_3D_MAGNITUDE_REPORTED
40-1979,2014-02-13,2014-02-13T00:58:02,20.77522563,46488.4781,27693.4928,877.3744,4835,1,2014-02-11,8.4,N,,PRISM_3D_MAGNITUDE_REPORTED
40-1979,2014-02-14,2014-02-14T17:09:18,21.19669786,46488.483,27693.4813,877.3621,4837,2,2014-02-12,20.6,N,,PRISM_3D_MAGNITUDE_REPORTED
40-1979,2014-02-15,2014-02-15T07:34:47,29.85180062,46488.4732,27693.4942,877.3855,4838,1,2014-02-13,0.2,N,,PRISM_3D_MAGNITUDE_REPORTED
40-1980,2013-11-20,2013-11-20T23:53:18,0,46487.794,27726.72,877.052,4839,1,2013-11-18,0,N,,PRISM_3D_MAGNITUDE_REPORTED
40-1980,2013-11-21,2013-11-21T15:46:05,20.04993766,46487.799,27726.701,877.048,4840,1,2013-11-19,4.2,N,,PRISM_3D_MAGNITUDE_REPORTED
40-1980,2013-11-22,2013-11-22T22:06:30,10.34408043,46487.797,27726.713,877.045,4841,1,2013-11-20,0.2,N,,PRISM_3D_MAGNITUDE_REPORTED
40-1980,2013-11-23,2013-11-23T23:07:47,4.898979486,46487.796,27726.718,877.048,4842,1,2013-11-21,0,N,,PRISM_3D_MAGNITUDE_REPORTED
40-1980,2013-11-26,2013-11-26T17:17:36,11.44552314,46487.799,27726.711,877.047,4844,2,2013-11-24,1.8,N,,PRISM_3D_MAGNITUDE_REPORTED
40-1980,2013-12-01,2013-12-01T04:42:54,12.65108691,46487.801,27726.7124,877.0447,4845,1,2013-11-29,0,N,,PRISM_3D_MAGNITUDE_REPORTED
40-1980,2013-12-03,2013-12-03T20:30:01,9.265527508,46487.8007,27726.7136,877.052,4847,2,2013-12-01,0,N,,PRISM_3D_MAGNITUDE_REPORTED
40-1980,2013-12-07,2013-12-07T16:34:46,17.70056497,46487.8009,27726.7037,877.0521,4849,2,2013-12-05,0.6,N,,PRISM_3D_MAGNITUDE_REPORTED
40-1980,2013-12-08,2013-12-08T05:16:27,6.688049044,46487.7977,27726.718,877.0572,4850,1,2013-12-06,8.2,N,,PRISM_3D_MAGNITUDE_REPORTED
40-1980,2013-12-10,2013-12-10T15:50:08,20.40147054,46487.8026,27726.7015,877.0519,4851,1,2013-12-08,0,N,,PRISM_3D_MAGNITUDE_REPORTED
40-1980,2013-12-14,2013-12-14T15:48:11,7.901898506,46487.8018,27726.7188,877.0516,4852,1,2013-12-12,0,N,,PRISM_3D_MAGNITUDE_REPORTED
40-1980,2013-12-16,2013-12-16T15:42:07,16.65082581,46487.8041,27726.7068,877.053,4853,1,2013-12-14,0,N,,PRISM_3D_MAGNITUDE_REPORTED
40-1980,2013-12-17,2013-12-17T22:10:04,14.34503398,46487.8027,27726.714,877.0423,4854,1,2013-12-15,0,N,,PRISM_3D_MAGNITUDE_REPORTED
40-1980,2013-12-19,2013-12-19T03:31:31,8.15046011,46487.8009,27726.7161,877.0539,4855,1,2013-12-17,0,N,,PRISM_3D_MAGNITUDE_REPORTED
40-1980,2013-12-20,2013-12-20T01:12:15,12.17127767,46487.8023,27726.7114,877.0543,4856,1,2013-12-18,0,N,,PRISM_3D_MAGNITUDE_REPORTED
40-1980,2013-12-22,2013-12-22T05:59:02,12.22661032,46487.8018,27726.7113,877.0556,4857,1,2013-12-20,0,N,,PRISM_3D_MAGNITUDE_REPORTED
40-1980,2013-12-23,2013-12-23T19:22:30,10.76893681,46487.803,27726.7141,877.0524,4858,1,2013-12-21,0,N,,PRISM_3D_MAGNITUDE_REPORTED
40-1980,2013-12-24,2013-12-24T10:51:55,20.41690476,46487.8026,27726.7015,877.0512,4859,1,2013-12-22,0,N,,PRISM_3D_MAGNITUDE_REPORTED
40-1980,2013-12-25,2013-12-25T10:02:18,18.62739917,46487.8023,27726.704,877.0567,4860,1,2013-12-23,0,N,,PRISM_3D_MAGNITUDE_REPORTED
40-1980,2013-12-29,2013-12-29T12:20:32,14.61813942,46487.8032,27726.7091,877.0552,4861,1,2013-12-27,0,N,,PRISM_3D_MAGNITUDE_REPORTED
40-1980,2013-12-30,2013-12-30T17:33:23,8.932524837,46487.7999,27726.7197,877.0587,4863,2,2013-12-28,0,N,,PRISM_3D_MAGNITUDE_REPORTED
40-1980,2013-12-31,2013-12-31T18:17:11,15.70286598,46487.8021,27726.7089,877.0596,4865,2,2013-12-29,,,,PRISM_3D_MAGNITUDE_REPORTED
40-1980,2014-01-01,2014-01-01T19:46:58,28.1973403,46487.8034,27726.6967,877.0648,4866,1,2013-12-30,12,N,,PRISM_3D_MAGNITUDE_REPORTED
40-1980,2014-01-04,2014-01-04T16:51:48,19.63313526,46487.8011,27726.7087,877.0664,4868,2,2014-01-02,0,N,,PRISM_3D_MAGNITUDE_REPORTED
40-1980,2014-01-06,2014-01-06T22:41:29,9.829547294,46487.8018,27726.7163,877.0567,4869,1,2014-01-04,0,N,,PRISM_3D_MAGNITUDE_REPORTED
40-1980,2014-01-07,2014-01-07T19:45:30,12.88021739,46487.8029,27726.7115,877.0558,4870,1,2014-01-05,0,N,,PRISM_3D_MAGNITUDE_REPORTED
40-1980,2014-01-08,2014-01-08T19:52:16,16.35909533,46487.8052,27726.7083,877.0497,4872,2,2014-01-06,0,N,,PRISM_3D_MAGNITUDE_REPORTED
40-1980,2014-01-09,2014-01-09T19:23:14,17.01352403,46487.8048,27726.7069,877.0531,4874,2,2014-01-07,0,N,,PRISM_3D_MAGNITUDE_REPORTED
40-1980,2014-01-10,2014-01-10T18:55:19,10.05832988,46487.8018,27726.7263,877.0512,4876,2,2014-01-08,0,N,,PRISM_3D_MAGNITUDE_REPORTED
40-1980,2014-01-11,2014-01-11T06:21:18,17.35655496,46487.8041,27726.7068,877.057,4877,1,2014-01-09,0.6,N,,PRISM_3D_MAGNITUDE_REPORTED
40-1980,2014-01-12,2014-01-12T23:58:48,10.99818167,46487.8044,27726.7168,877.0504,4878,1,2014-01-10,1.6,N,,PRISM_3D_MAGNITUDE_REPORTED
40-1980,2014-01-13,2014-01-13T23:15:08,9.75141015,46487.8037,27726.7192,877.0526,4880,2,2014-01-11,29.2,N,,PRISM_3D_MAGNITUDE_REPORTED
40-1980,2014-01-14,2014-01-14T21:31:11,12.33855745,46487.8038,27726.7254,877.0468,4882,2,2014-01-12,20,N,,PRISM_3D_MAGNITUDE_REPORTED
40-1980,2014-01-17,2014-01-17T23:06:03,18.01055246,46487.8075,27726.7087,877.0482,4883,1,2014-01-15,11,N,,PRISM_3D_MAGNITUDE_REPORTED
40-1980,2014-01-18,2014-01-18T23:34:05,11.81736011,46487.8023,27726.7226,877.06,4885,2,2014-01-16,15.4,N,,PRISM_3D_MAGNITUDE_REPORTED
40-1980,2014-01-19,2014-01-19T23:43:32,15.27383383,46487.8013,27726.7224,877.0652,4887,2,2014-01-17,2,N,,PRISM_3D_MAGNITUDE_REPORTED
40-1980,2014-01-20,2014-01-20T11:59:23,23.51637727,46487.8023,27726.7102,877.0717,4888,1,2014-01-18,0.2,N,,PRISM_3D_MAGNITUDE_REPORTED
40-1980,2014-01-21,2014-01-21T13:01:22,18.14111353,46487.8065,27726.7073,877.0554,4890,2,2014-01-19,17.6,N,,PRISM_3D_MAGNITUDE_REPORTED
40-1980,2014-01-22,2014-01-22T12:31:05,17.03202865,46487.8042,27726.7118,877.0629,4892,2,2014-01-20,0,N,,PRISM_3D_MAGNITUDE_REPORTED
40-1980,2014-01-23,2014-01-23T14:22:11,14.41977809,46487.8052,27726.712,877.0563,4894,2,2014-01-21,0,N,,PRISM_3D_MAGNITUDE_REPORTED
40-1980,2014-01-24,2014-01-24T05:20:55,16.86060497,46487.8038,27726.713,877.0638,4895,1,2014-01-22,10.4,N,,PRISM_3D_MAGNITUDE_REPORTED
40-1980,2014-01-25,2014-01-25T02:26:49,11.58965055,46487.8054,27726.722,877.0514,4896,1,2014-01-23,0.2,N,,PRISM_3D_MAGNITUDE_REPORTED
40-1980,2014-01-29,2014-01-29T19:43:43,19.58519849,46487.8074,27726.7099,877.0621,4898,2,2014-01-27,24.8,N,,PRISM_3D_MAGNITUDE_REPORTED
40-1980,2014-01-30,2014-01-30T20:48:55,17.96830543,46487.805,27726.7145,877.0651,4899,1,2014-01-28,0.8,N,,PRISM_3D_MAGNITUDE_REPORTED
40-1980,2014-01-31,2014-01-31T20:20:38,14.68502638,46487.806,27726.7221,877.0602,4900,1,2014-01-29,0,N,,PRISM_3D_MAGNITUDE_REPORTED
40-1980,2014-02-02,2014-02-02T20:48:55,18.82817039,46487.8052,27726.7145,877.0661,4902,2,2014-01-31,0,N,,PRISM_3D_MAGNITUDE_REPORTED
40-1980,2014-02-03,2014-02-03T19:48:48,18.31556715,46487.8079,27726.71,877.0585,4904,2,2014-02-01,0,N,,PRISM_3D_MAGNITUDE_REPORTED
40-1980,2014-02-04,2014-02-04T20:08:13,16.97557068,46487.8092,27726.7128,877.0497,4906,2,2014-02-02,0,N,,PRISM_3D_MAGNITUDE_REPORTED
40-1980,2014-02-05,2014-02-05T20:44:03,18.67966809,46487.808,27726.7138,877.0627,4908,2,2014-02-03,19.2,N,,PRISM_3D_MAGNITUDE_REPORTED
40-1980,2014-02-06,2014-02-06T21:32:54,20.96735558,46487.8063,27726.7097,877.0655,4910,2,2014-02-04,8.6,N,,PRISM_3D_MAGNITUDE_REPORTED
40-1980,2014-02-07,2014-02-07T13:54:50,13.97032569,46487.805,27726.7219,877.0604,4911,1,2014-02-05,0,N,,PRISM_3D_MAGNITUDE_REPORTED
40-1980,2014-02-08,2014-02-08T01:54:40,20.85305733,46487.807,27726.7099,877.0648,4912,1,2014-02-06,0.4,N,,PRISM_3D_MAGNITUDE_REPORTED
40-1980,2014-02-09,2014-02-09T07:28:35,21.1385903,46487.8062,27726.7122,877.0674,4913,1,2014-02-07,1.6,N,,PRISM_3D_MAGNITUDE_REPORTED
40-1980,2014-02-10,2014-02-10T16:58:14,23.9334494,46487.8122,27726.7046,877.0499,4914,1,2014-02-08,3.4,N,,PRISM_3D_MAGNITUDE_REPORTED
40-1980,2014-02-12,2014-02-12T11:43:47,29.98349546,46487.8044,27726.7118,877.0789,4915,1,2014-02-10,29,N,,PRISM_3D_MAGNITUDE_REPORTED
40-1980,2014-02-13,2014-02-13T14:23:07,21.15206846,46487.8091,27726.7078,877.0604,4917,2,2014-02-11,8.4,N,,PRISM_3D_MAGNITUDE_REPORTED
40-1980,2014-02-14,2014-02-14T17:09:18,27.48763358,46487.8104,27726.7006,877.0625,4919,2,2014-02-12,20.6,N,,PRISM_3D_MAGNITUDE_REPORTED
40-1980,2014-02-17,2014-02-17T21:53:55,35.98027237,46487.8125,27726.7047,877.0788,4920,1,2014-02-15,0,N,,PRISM_3D_MAGNITUDE_REPORTED
40-1980,2014-02-19,2014-02-19T22:14:38,32.11821913,46487.817,27726.7093,877.0717,4921,1,2014-02-17,6,N,,PRISM_3D_MAGNITUDE_REPORTED
40-1981,2013-11-20,2013-11-20T23:53:18,0,46485.742,27764.574,877.151,4922,1,2013-11-18,0,N,,PRISM_3D_MAGNITUDE_REPORTED
40-1981,2013-11-21,2013-11-21T15:46:05,24.41311123,46485.746,27764.55,877.153,4923,1,2013-11-19,4.2,N,,PRISM_3D_MAGNITUDE_REPORTED
40-1981,2013-11-22,2013-11-22T22:06:30,4.242640687,46485.741,27764.578,877.15,4924,1,2013-11-20,0.2,N,,PRISM_3D_MAGNITUDE_REPORTED
40-1981,2013-11-23,2013-11-23T23:07:47,2,46485.742,27764.574,877.149,4925,1,2013-11-21,0,N,,PRISM_3D_MAGNITUDE_REPORTED
40-1981,2013-11-26,2013-11-26T17:17:36,10.63014581,46485.746,27764.57,877.142,4927,2,2013-11-24,1.8,N,,PRISM_3D_MAGNITUDE_REPORTED
40-1981,2013-11-29,2013-11-29T04:14:13,3,46485.744,27764.575,877.149,4928,1,2013-11-27,0,N,,PRISM_3D_MAGNITUDE_REPORTED
40-1981,2013-12-01,2013-12-01T04:42:54,6.031583542,46485.7453,27764.5747,877.146,4929,1,2013-11-29,0,N,,PRISM_3D_MAGNITUDE_REPORTED
40-1981,2013-12-03,2013-12-03T20:30:01,4.774934555,46485.7454,27764.5772,877.15,4931,2,2013-12-01,0,N,,PRISM_3D_MAGNITUDE_REPORTED
40-1981,2013-12-07,2013-12-07T16:34:46,12.29024003,46485.747,27764.5774,877.1403,4933,2,2013-12-05,0.6,N,,PRISM_3D_MAGNITUDE_REPORTED
40-1981,2013-12-08,2013-12-08T05:16:27,8.853247992,46485.7417,27764.579,877.1583,4934,1,2013-12-06,8.2,N,,PRISM_3D_MAGNITUDE_REPORTED
40-1981,2013-12-10,2013-12-10T15:50:08,6.303173803,46485.7438,27764.572,877.1567,4935,1,2013-12-08,0,N,,PRISM_3D_MAGNITUDE_REPORTED
40-1981,2013-12-14,2013-12-14T16:09:09,8.262566188,46485.7439,27764.5769,877.1585,4936,1,2013-12-12,0,N,,PRISM_3D_MAGNITUDE_REPORTED
40-1981,2013-12-16,2013-12-16T15:42:07,11.46254771,46485.7447,27764.5771,877.1617,4937,1,2013-12-14,0,N,,PRISM_3D_MAGNITUDE_REPORTED
40-1981,2013-12-17,2013-12-17T22:10:04,9.222797841,46485.7465,27764.5749,877.143,4938,1,2013-12-15,0,N,,PRISM_3D_MAGNITUDE_REPORTED
40-1981,2013-12-19,2013-12-19T03:31:31,4.710626287,46485.7453,27764.5771,877.1523,4939,1,2013-12-17,0,N,,PRISM_3D_MAGNITUDE_REPORTED
40-1981,2013-12-20,2013-12-20T01:12:15,4.586937979,46485.7462,27764.5736,877.1528,4940,1,2013-12-18,0,N,,PRISM_3D_MAGNITUDE_REPORTED
40-1981,2013-12-22,2013-12-22T05:59:02,12.3081274,46485.7431,27764.5842,877.1578,4941,1,2013-12-20,0,N,,PRISM_3D_MAGNITUDE_REPORTED
40-1981,2013-12-23,2013-12-23T19:22:30,8.307827635,46485.745,27764.5771,877.1581,4943,2,2013-12-21,0,N,,PRISM_3D_MAGNITUDE_REPORTED
40-1981,2013-12-24,2013-12-24T10:51:55,11.17318218,46485.7464,27764.5638,877.1498,4944,1,2013-12-22,0,N,,PRISM_3D_MAGNITUDE_REPORTED
40-1981,2013-12-25,2013-12-25T10:02:18,5.581218507,46485.7447,27764.5721,877.1555,4945,1,2013-12-23,0,N,,PRISM_3D_MAGNITUDE_REPORTED
40-1981,2013-12-28,2013-12-28T08:52:10,8.021221855,46485.7467,27764.5724,877.1573,4946,1,2013-12-26,0,N,,PRISM_3D_MAGNITUDE_REPORTED
40-1981,2013-12-29,2013-12-29T12:20:32,5.800862007,46485.7459,27764.576,877.1548,4947,1,2013-12-27,0,N,,PRISM_3D_MAGNITUDE_REPORTED
40-1981,2013-12-30,2013-12-30T17:33:23,12.68857754,46485.743,27764.578,877.163,4949,2,2013-12-28,0,N,,PRISM_3D_MAGNITUDE_REPORTED
40-1981,2013-12-31,2013-12-31T18:17:11,13.70583817,46485.7463,27764.565,877.1604,4951,2,2013-12-29,,,,PRISM_3D_MAGNITUDE_REPORTED
40-1981,2014-01-01,2014-01-01T19:46:58,7.033491309,46485.7451,27764.5771,877.1565,4952,1,2013-12-30,12,N,,PRISM_3D_MAGNITUDE_REPORTED
40-1981,2014-01-04,2014-01-04T16:51:48,11.75499894,46485.7464,27764.5699,877.1611,4954,2,2014-01-02,0,N,,PRISM_3D_MAGNITUDE_REPORTED
40-1981,2014-01-06,2014-01-06T22:41:29,7.485986908,46485.7458,27764.5748,877.1574,4955,1,2014-01-04,0,N,,PRISM_3D_MAGNITUDE_REPORTED
40-1981,2014-01-07,2014-01-07T19:45:30,8.830062287,46485.7452,27764.5747,877.1592,4957,2,2014-01-05,0,N,,PRISM_3D_MAGNITUDE_REPORTED
40-1981,2014-01-08,2014-01-08T19:52:16,7.305477401,46485.7482,27764.5702,877.1503,4959,2,2014-01-06,0,N,,PRISM_3D_MAGNITUDE_REPORTED
40-1981,2014-01-09,2014-01-09T19:23:14,8.934203938,46485.7483,27764.5678,877.1523,4961,2,2014-01-07,0,N,,PRISM_3D_MAGNITUDE_REPORTED
40-1981,2014-01-10,2014-01-10T19:15:54,7.193052203,46485.7474,27764.5787,877.1517,4963,2,2014-01-08,0,N,,PRISM_3D_MAGNITUDE_REPORTED
40-1981,2014-01-11,2014-01-11T06:21:18,8.206095295,46485.7457,27764.5797,877.1556,4964,1,2014-01-09,0.6,N,,PRISM_3D_MAGNITUDE_REPORTED
40-1981,2014-01-12,2014-01-12T23:58:48,6.696267621,46485.7482,27764.5764,877.1518,4965,1,2014-01-10,1.6,N,,PRISM_3D_MAGNITUDE_REPORTED
40-1981,2014-01-13,2014-01-13T23:15:08,7.300684902,46485.7488,27764.5765,877.1501,4967,2,2014-01-11,29.2,N,,PRISM_3D_MAGNITUDE_REPORTED
40-1981,2014-01-14,2014-01-14T21:51:41,7.974960814,46485.7472,27764.5774,877.156,4969,2,2014-01-12,20,N,,PRISM_3D_MAGNITUDE_REPORTED
40-1981,2014-01-17,2014-01-17T23:06:03,8.691375036,46485.7497,27764.5705,877.153,4970,1,2014-01-15,11,N,,PRISM_3D_MAGNITUDE_REPORTED
40-1981,2014-01-18,2014-01-18T23:34:05,15.80126577,46485.7458,27764.5772,877.166,4972,2,2014-01-16,15.4,N,,PRISM_3D_MAGNITUDE_REPORTED
40-1981,2014-01-19,2014-01-19T11:34:39,11.09324119,46485.7463,27764.5724,877.1611,4973,1,2014-01-17,2,N,,PRISM_3D_MAGNITUDE_REPORTED
40-1981,2014-01-20,2014-01-20T12:20:27,11.70170928,46485.748,27764.5702,877.1603,4975,2,2014-01-18,0.2,N,,PRISM_3D_MAGNITUDE_REPORTED
40-1981,2014-01-21,2014-01-21T13:01:22,14.36001393,46485.7481,27764.569,877.163,4977,2,2014-01-19,17.6,N,,PRISM_3D_MAGNITUDE_REPORTED
40-1981,2014-01-22,2014-01-22T12:31:05,10.27910502,46485.7481,27764.5751,877.1592,4979,2,2014-01-20,0,N,,PRISM_3D_MAGNITUDE_REPORTED
40-1981,2014-01-23,2014-01-23T14:22:11,8.618004413,46485.7505,27764.5731,877.1499,4981,2,2014-01-21,0,N,,PRISM_3D_MAGNITUDE_REPORTED
40-1981,2014-01-24,2014-01-24T05:20:55,14.60445138,46485.7487,27764.5678,877.1624,4982,1,2014-01-22,10.4,N,,PRISM_3D_MAGNITUDE_REPORTED
40-1981,2014-01-25,2014-01-25T02:26:49,11.62153174,46485.7484,27764.5739,877.1607,4983,1,2014-01-23,0.2,N,,PRISM_3D_MAGNITUDE_REPORTED
40-1981,2014-01-29,2014-01-29T20:03:45,11.4166545,46485.7517,27764.5708,877.1561,4985,2,2014-01-27,24.8,N,,PRISM_3D_MAGNITUDE_REPORTED
40-1981,2014-01-30,2014-01-30T20:48:55,19.20520763,46485.7502,27764.5656,877.1662,4987,2,2014-01-28,0.8,N,,PRISM_3D_MAGNITUDE_REPORTED
40-1981,2014-01-31,2014-01-31T20:20:38,14.16827442,46485.7508,27764.5743,877.1621,4989,2,2014-01-29,0,N,,PRISM_3D_MAGNITUDE_REPORTED
40-1981,2014-02-01,2014-02-01T23:11:22,12.88215821,46485.7511,27764.5707,877.1595,4990,1,2014-01-30,0,N,,PRISM_3D_MAGNITUDE_REPORTED
40-1981,2014-02-02,2014-02-02T20:48:55,12.54352423,46485.7503,27764.5743,877.1604,4992,2,2014-01-31,0,N,,PRISM_3D_MAGNITUDE_REPORTED
40-1981,2014-02-03,2014-02-03T19:48:48,13.64001466,46485.7504,27764.573,877.1617,4994,2,2014-02-01,0,N,,PRISM_3D_MAGNITUDE_REPORTED
40-1981,2014-02-04,2014-02-04T20:08:13,15.67960459,46485.7514,27764.5658,877.1605,4996,2,2014-02-02,0,N,,PRISM_3D_MAGNITUDE_REPORTED
40-1981,2014-02-05,2014-02-05T20:44:03,13.53735573,46485.7534,27764.5711,877.1577,4998,2,2014-02-03,19.2,N,,PRISM_3D_MAGNITUDE_REPORTED
40-1981,2014-02-06,2014-02-06T21:32:54,17.5607517,46485.7522,27764.5635,877.1607,5000,2,2014-02-04,8.6,N,,PRISM_3D_MAGNITUDE_REPORTED
40-1981,2014-02-07,2014-02-07T14:16:06,14.3575764,46485.7494,27764.5827,877.1597,5001,1,2014-02-05,0,N,,PRISM_3D_MAGNITUDE_REPORTED
40-1981,2014-02-08,2014-02-08T01:54:40,14.58012346,46485.7495,27764.5803,877.1618,5002,1,2014-02-06,0.4,N,,PRISM_3D_MAGNITUDE_REPORTED
40-1981,2014-02-09,2014-02-09T19:21:05,12.87827629,46485.7531,27764.571,877.1568,5004,2,2014-02-07,1.6,N,,PRISM_3D_MAGNITUDE_REPORTED
40-1981,2014-02-10,2014-02-10T16:58:14,15.28921188,46485.7508,27764.5756,877.1634,5006,2,2014-02-08,3.4,N,,PRISM_3D_MAGNITUDE_REPORTED
40-1981,2014-02-11,2014-02-11T23:59:21,19.02866259,46485.7532,27764.5661,877.1642,5007,1,2014-02-09,0.8,N,,PRISM_3D_MAGNITUDE_REPORTED
40-1981,2014-02-12,2014-02-12T11:43:47,18.26198237,46485.753,27764.5685,877.1645,5008,1,2014-02-10,29,N,,PRISM_3D_MAGNITUDE_REPORTED
40-1981,2014-02-13,2014-02-13T14:23:07,17.12337584,46485.7522,27764.5709,877.1644,5010,2,2014-02-11,8.4,N,,PRISM_3D_MAGNITUDE_REPORTED
40-1981,2014-02-14,2014-02-14T17:09:18,23.57159307,46485.7563,27764.5567,877.1582,5012,2,2014-02-12,20.6,N,,PRISM_3D_MAGNITUDE_REPORTED
40-1981,2014-02-15,2014-02-15T20:37:00,25.19325307,46485.7581,27764.557,877.1603,5014,2,2014-02-13,0.2,N,,PRISM_3D_MAGNITUDE_REPORTED
40-1981,2014-02-17,2014-02-17T22:05:44,31.47268657,46485.764,27764.5703,877.1732,5015,1,2014-02-15,0,N,,PRISM_3D_MAGNITUDE_REPORTED
40-1981,2014-02-18,2014-02-18T14:47:26,36.70217977,46485.7678,27764.5561,877.17,5016,1,2014-02-16,115,N,,PRISM_3D_MAGNITUDE_REPORTED
40-1981,2014-02-19,2014-02-19T22:21:03,36.80611363,46485.7666,27764.5633,877.1762,5017,1,2014-02-17,6,N,,PRISM_3D_MAGNITUDE_REPORTED
