scenario_id,source_date,simulation_hour,rainfall_mm_h,cumulative_rainfall_mm,observed_daily_rainfall_mm,temporal_profile,cohesion_kpa,friction_angle_deg,unit_weight_kn_m3,young_modulus_mpa,poisson_ratio,permeability_m_s,drainage_efficiency,water_table_m,storage_coefficient,mesh_nodes,mesh_elements,gravity_total_max_displacement_mm,rainfall_induced_max_displacement_mm,crest_displacement_mm,toe_displacement_mm,maximum_pore_pressure_kpa,mean_effective_stress_kpa,mohr_coulomb_safety_index,risk_level,solver_iterations,solver_residual,rainfall_source,mechanical_response_source,parameter_source,scientific_status
TA01-S0001,2021-01-14,1,4.286667,4.286667,102.88,RECTANGULAR_24H_ESTIMATED,157.503,43.02,21.952,1076.063,0.28,6.198331426882662e-7,0.6511,31.975,0.15297,92,134,54.80034,0.00398,51.2992,17.7112,277.4011,433.5514,1.677,NORMAL,57,4.99579e-9,NASA_POWER_POINT_DAILY_PRECTOTCORR,FEM2D_CST_PLANE_STRAIN_V1,TA01_ASSUMPTION_RANGE,FEM_2D_REAL_LINEAL_NO_CALIBRADO
TA01-S0001,2021-01-14,2,4.286667,8.573333,102.88,RECTANGULAR_24H_ESTIMATED,157.503,43.02,21.952,1076.063,0.28,6.198331426882662e-7,0.6511,31.975,0.15297,92,134,54.79789,0.00796,51.29708,17.71273,277.4607,433.5437,1.677,NORMAL,57,4.985637e-9,NASA_POWER_POINT_DAILY_PRECTOTCORR,FEM2D_CST_PLANE_STRAIN_V1,TA01_ASSUMPTION_RANGE,FEM_2D_REAL_LINEAL_NO_CALIBRADO
TA01-S0001,2021-01-14,3,4.286667,12.86,102.88,RECTANGULAR_24H_ESTIMATED,157.503,43.02,21.952,1076.063,0.28,6.198331426882662e-7,0.6511,31.975,0.15297,92,134,54.79544,0.01194,51.29495,17.71426,277.5204,433.536,1.677,NORMAL,57,4.988268e-9,NASA_POWER_POINT_DAILY_PRECTOTCORR,FEM2D_CST_PLANE_STRAIN_V1,TA01_ASSUMPTION_RANGE,FEM_2D_REAL_LINEAL_NO_CALIBRADO
TA01-S0001,2021-01-14,4,4.286667,17.146667,102.88,RECTANGULAR_24H_ESTIMATED,157.503,43.02,21.952,1076.063,0.28,6.198331426882662e-7,0.6511,31.975,0.15297,92,134,54.79299,0.01592,51.29283,17.71579,277.5801,433.5282,1.677,NORMAL,57,4.983167e-9,NASA_POWER_POINT_DAILY_PRECTOTCORR,FEM2D_CST_PLANE_STRAIN_V1,TA01_ASSUMPTION_RANGE,FEM_2D_REAL_LINEAL_NO_CALIBRADO
TA01-S0001,2021-01-14,5,4.286667,21.433333,102.88,RECTANGULAR_24H_ESTIMATED,157.503,43.02,21.952,1076.063,0.28,6.198331426882662e-7,0.6511,31.975,0.15297,92,134,54.79054,0.0199,51.2907,17.71732,277.6397,433.5205,1.6769,NORMAL,57,4.981259e-9,NASA_POWER_POINT_DAILY_PRECTOTCORR,FEM2D_CST_PLANE_STRAIN_V1,TA01_ASSUMPTION_RANGE,FEM_2D_REAL_LINEAL_NO_CALIBRADO
TA01-S0001,2021-01-14,6,4.286667,25.72,102.88,RECTANGULAR_24H_ESTIMATED,157.503,43.02,21.952,1076.063,0.28,6.198331426882662e-7,0.6511,31.975,0.15297,92,134,54.78809,0.02388,51.28858,17.71886,277.6994,433.5128,1.6769,NORMAL,57,4.983698e-9,NASA_POWER_POINT_DAILY_PRECTOTCORR,FEM2D_CST_PLANE_STRAIN_V1,TA01_ASSUMPTION_RANGE,FEM_2D_REAL_LINEAL_NO_CALIBRADO
TA01-S0001,2021-01-14,7,4.286667,30.006667,102.88,RECTANGULAR_24H_ESTIMATED,157.503,43.02,21.952,1076.063,0.28,6.198331426882662e-7,0.6511,31.975,0.15297,92,134,54.78564,0.02786,51.28645,17.72039,277.759,433.5051,1.6769,NORMAL,57,4.981266e-9,NASA_POWER_POINT_DAILY_PRECTOTCORR,FEM2D_CST_PLANE_STRAIN_V1,TA01_ASSUMPTION_RANGE,FEM_2D_REAL_LINEAL_NO_CALIBRADO
TA01-S0001,2021-01-14,8,4.286667,34.293333,102.88,RECTANGULAR_24H_ESTIMATED,157.503,43.02,21.952,1076.063,0.28,6.198331426882662e-7,0.6511,31.975,0.15297,92,134,54.78319,0.03185,51.28433,17.72192,277.8187,433.4974,1.6769,NORMAL,57,4.978561e-9,NASA_POWER_POINT_DAILY_PRECTOTCORR,FEM2D_CST_PLANE_STRAIN_V1,TA01_ASSUMPTION_RANGE,FEM_2D_REAL_LINEAL_NO_CALIBRADO
TA01-S0001,2021-01-14,9,4.286667,38.58,102.88,RECTANGULAR_24H_ESTIMATED,157.503,43.02,21.952,1076.063,0.28,6.198331426882662e-7,0.6511,31.975,0.15297,92,134,54.78074,0.03583,51.2822,17.72345,277.8783,433.4897,1.6769,NORMAL,57,4.976639e-9,NASA_POWER_POINT_DAILY_PRECTOTCORR,FEM2D_CST_PLANE_STRAIN_V1,TA01_ASSUMPTION_RANGE,FEM_2D_REAL_LINEAL_NO_CALIBRADO
TA01-S0001,2021-01-14,10,4.286667,42.866667,102.88,RECTANGULAR_24H_ESTIMATED,157.503,43.02,21.952,1076.063,0.28,6.198331426882662e-7,0.6511,31.975,0.15297,92,134,54.77829,0.03981,51.28008,17.72499,277.938,433.4819,1.6769,NORMAL,57,4.975156e-9,NASA_POWER_POINT_DAILY_PRECTOTCORR,FEM2D_CST_PLANE_STRAIN_V1,TA01_ASSUMPTION_RANGE,FEM_2D_REAL_LINEAL_NO_CALIBRADO
TA01-S0001,2021-01-14,11,4.286667,47.153333,102.88,RECTANGULAR_24H_ESTIMATED,157.503,43.02,21.952,1076.063,0.28,6.198331426882662e-7,0.6511,31.975,0.15297,92,134,54.77584,0.04379,51.27795,17.72652,277.9977,433.4742,1.6769,NORMAL,57,5.067798e-9,NASA_POWER_POINT_DAILY_PRECTOTCORR,FEM2D_CST_PLANE_STRAIN_V1,TA01_ASSUMPTION_RANGE,FEM_2D_REAL_LINEAL_NO_CALIBRADO
TA01-S0001,2021-01-14,12,4.286667,51.44,102.88,RECTANGULAR_24H_ESTIMATED,157.503,43.02,21.952,1076.063,0.28,6.198331426882662e-7,0.6511,31.975,0.15297,92,134,54.77339,0.04777,51.27583,17.72806,278.0573,433.4665,1.6768,NORMAL,57,4.973771e-9,NASA_POWER_POINT_DAILY_PRECTOTCORR,FEM2D_CST_PLANE_STRAIN_V1,TA01_ASSUMPTION_RANGE,FEM_2D_REAL_LINEAL_NO_CALIBRADO
TA01-S0001,2021-01-14,13,4.286667,55.726667,102.88,RECTANGULAR_24H_ESTIMATED,157.503,43.02,21.952,1076.063,0.28,6.198331426882662e-7,0.6511,31.975,0.15297,92,134,54.77094,0.05175,51.2737,17.72959,278.117,433.4588,1.6768,NORMAL,57,4.976298e-9,NASA_POWER_POINT_DAILY_PRECTOTCORR,FEM2D_CST_PLANE_STRAIN_V1,TA01_ASSUMPTION_RANGE,FEM_2D_REAL_LINEAL_NO_CALIBRADO
TA01-S0001,2021-01-14,14,4.286667,60.013333,102.88,RECTANGULAR_24H_ESTIMATED,157.503,43.02,21.952,1076.063,0.28,6.198331426882662e-7,0.6511,31.975,0.15297,92,134,54.76849,0.05573,51.27158,17.73113,278.1766,433.4511,1.6768,NORMAL,57,4.969451e-9,NASA_POWER_POINT_DAILY_PRECTOTCORR,FEM2D_CST_PLANE_STRAIN_V1,TA01_ASSUMPTION_RANGE,FEM_2D_REAL_LINEAL_NO_CALIBRADO
TA01-S0001,2021-01-14,15,4.286667,64.3,102.88,RECTANGULAR_24H_ESTIMATED,157.503,43.02,21.952,1076.063,0.28,6.198331426882662e-7,0.6511,31.975,0.15297,92,134,54.76604,0.05971,51.26945,17.73266,278.2363,433.4434,1.6768,NORMAL,57,4.969668e-9,NASA_POWER_POINT_DAILY_PRECTOTCORR,FEM2D_CST_PLANE_STRAIN_V1,TA01_ASSUMPTION_RANGE,FEM_2D_REAL_LINEAL_NO_CALIBRADO
TA01-S0001,2021-01-14,16,4.286667,68.586667,102.88,RECTANGULAR_24H_ESTIMATED,157.503,43.02,21.952,1076.063,0.28,6.198331426882662e-7,0.6511,31.975,0.15297,92,134,54.7636,0.06369,51.26733,17.7342,278.296,433.4356,1.6768,NORMAL,57,4.968927e-9,NASA_POWER_POINT_DAILY_PRECTOTCORR,FEM2D_CST_PLANE_STRAIN_V1,TA01_ASSUMPTION_RANGE,FEM_2D_REAL_LINEAL_NO_CALIBRADO
TA01-S0001,2021-01-14,17,4.286667,72.873333,102.88,RECTANGULAR_24H_ESTIMATED,157.503,43.02,21.952,1076.063,0.28,6.198331426882662e-7,0.6511,31.975,0.15297,92,134,54.76115,0.06767,51.2652,17.73573,278.3556,433.4279,1.6768,NORMAL,57,4.972539e-9,NASA_POWER_POINT_DAILY_PRECTOTCORR,FEM2D_CST_PLANE_STRAIN_V1,TA01_ASSUMPTION_RANGE,FEM_2D_REAL_LINEAL_NO_CALIBRADO
TA01-S0001,2021-01-14,18,4.286667,77.16,102.88,RECTANGULAR_24H_ESTIMATED,157.503,43.02,21.952,1076.063,0.28,6.198331426882662e-7,0.6511,31.975,0.15297,92,134,54.7587,0.07165,51.26308,17.73727,278.4153,433.4202,1.6767,NORMAL,57,4.963646e-9,NASA_POWER_POINT_DAILY_PRECTOTCORR,FEM2D_CST_PLANE_STRAIN_V1,TA01_ASSUMPTION_RANGE,FEM_2D_REAL_LINEAL_NO_CALIBRADO
TA01-S0001,2021-01-14,19,4.286667,81.446667,102.88,RECTANGULAR_24H_ESTIMATED,157.503,43.02,21.952,1076.063,0.28,6.198331426882662e-7,0.6511,31.975,0.15297,92,134,54.75625,0.07563,51.26095,17.73881,278.4749,433.4125,1.6767,NORMAL,57,4.967637e-9,NASA_POWER_POINT_DAILY_PRECTOTCORR,FEM2D_CST_PLANE_STRAIN_V1,TA01_ASSUMPTION_RANGE,FEM_2D_REAL_LINEAL_NO_CALIBRADO
TA01-S0001,2021-01-14,20,4.286667,85.733333,102.88,RECTANGULAR_24H_ESTIMATED,157.503,43.02,21.952,1076.063,0.28,6.198331426882662e-7,0.6511,31.975,0.15297,92,134,54.7538,0.07961,51.25883,17.74034,278.5346,433.4048,1.6767,NORMAL,57,4.962084e-9,NASA_POWER_POINT_DAILY_PRECTOTCORR,FEM2D_CST_PLANE_STRAIN_V1,TA01_ASSUMPTION_RANGE,FEM_2D_REAL_LINEAL_NO_CALIBRADO
TA01-S0001,2021-01-14,21,4.286667,90.02,102.88,RECTANGULAR_24H_ESTIMATED,157.503,43.02,21.952,1076.063,0.28,6.198331426882662e-7,0.6511,31.975,0.15297,92,134,54.75135,0.08359,51.2567,17.74188,278.5942,433.3971,1.6767,NORMAL,57,4.959938e-9,NASA_POWER_POINT_DAILY_PRECTOTCORR,FEM2D_CST_PLANE_STRAIN_V1,TA01_ASSUMPTION_RANGE,FEM_2D_REAL_LINEAL_NO_CALIBRADO
TA01-S0001,2021-01-14,22,4.286667,94.306667,102.88,RECTANGULAR_24H_ESTIMATED,157.503,43.02,21.952,1076.063,0.28,6.198331426882662e-7,0.6511,31.975,0.15297,92,134,54.74891,0.08757,51.25458,17.74342,278.6539,433.3893,1.6767,NORMAL,57,5.037859e-9,NASA_POWER_POINT_DAILY_PRECTOTCORR,FEM2D_CST_PLANE_STRAIN_V1,TA01_ASSUMPTION_RANGE,FEM_2D_REAL_LINEAL_NO_CALIBRADO
TA01-S0001,2021-01-14,23,4.286667,98.593333,102.88,RECTANGULAR_24H_ESTIMATED,157.503,43.02,21.952,1076.063,0.28,6.198331426882662e-7,0.6511,31.975,0.15297,92,134,54.74646,0.09156,51.25245,17.74495,278.7136,433.3816,1.6767,NORMAL,57,4.959721e-9,NASA_POWER_POINT_DAILY_PRECTOTCORR,FEM2D_CST_PLANE_STRAIN_V1,TA01_ASSUMPTION_RANGE,FEM_2D_REAL_LINEAL_NO_CALIBRADO
TA01-S0001,2021-01-14,24,4.286667,102.88,102.88,RECTANGULAR_24H_ESTIMATED,157.503,43.02,21.952,1076.063,0.28,6.198331426882662e-7,0.6511,31.975,0.15297,92,134,54.74401,0.09554,51.25033,17.74649,278.7732,433.3739,1.6767,NORMAL,57,4.960499e-9,NASA_POWER_POINT_DAILY_PRECTOTCORR,FEM2D_CST_PLANE_STRAIN_V1,TA01_ASSUMPTION_RANGE,FEM_2D_REAL_LINEAL_NO_CALIBRADO
TA01-S0002,2023-03-03,1,0,0,50.41,RECTANGULAR_12H_ESTIMATED,231.126,32.996,20.281,861.241,0.28,1.3054322033415027e-8,0.24698,19.228,0.20395,92,134,64.27509,0,60.19342,18.94029,152.2933,419.5514,1.8314,NORMAL,56,8.361654e-9,NASA_POWER_POINT_DAILY_PRECTOTCORR,FEM2D_CST_PLANE_STRAIN_V1,TA01_ASSUMPTION_RANGE,FEM_2D_REAL_LINEAL_NO_CALIBRADO
TA01-S0002,2023-03-03,2,0,0,50.41,RECTANGULAR_12H_ESTIMATED,231.126,32.996,20.281,861.241,0.28,1.3054322033415027e-8,0.24698,19.228,0.20395,92,134,64.27509,0,60.19342,18.94029,152.2933,419.5514,1.8314,NORMAL,56,8.361654e-9,NASA_POWER_POINT_DAILY_PRECTOTCORR,FEM2D_CST_PLANE_STRAIN_V1,TA01_ASSUMPTION_RANGE,FEM_2D_REAL_LINEAL_NO_CALIBRADO
TA01-S0002,2023-03-03,3,0,0,50.41,RECTANGULAR_12H_ESTIMATED,231.126,32.996,20.281,861.241,0.28,1.3054322033415027e-8,0.24698,19.228,0.20395,92,134,64.27509,0,60.19342,18.94029,152.2933,419.5514,1.8314,NORMAL,56,8.361654e-9,NASA_POWER_POINT_DAILY_PRECTOTCORR,FEM2D_CST_PLANE_STRAIN_V1,TA01_ASSUMPTION_RANGE,FEM_2D_REAL_LINEAL_NO_CALIBRADO
TA01-S0002,2023-03-03,4,0,0,50.41,RECTANGULAR_12H_ESTIMATED,231.126,32.996,20.281,861.241,0.28,1.3054322033415027e-8,0.24698,19.228,0.20395,92,134,64.27509,0,60.19342,18.94029,152.2933,419.5514,1.8314,NORMAL,56,8.361654e-9,NASA_POWER_POINT_DAILY_PRECTOTCORR,FEM2D_CST_PLANE_STRAIN_V1,TA01_ASSUMPTION_RANGE,FEM_2D_REAL_LINEAL_NO_CALIBRADO
TA01-S0002,2023-03-03,5,0,0,50.41,RECTANGULAR_12H_ESTIMATED,231.126,32.996,20.281,861.241,0.28,1.3054322033415027e-8,0.24698,19.228,0.20395,92,134,64.27509,0,60.19342,18.94029,152.2933,419.5514,1.8314,NORMAL,56,8.361654e-9,NASA_POWER_POINT_DAILY_PRECTOTCORR,FEM2D_CST_PLANE_STRAIN_V1,TA01_ASSUMPTION_RANGE,FEM_2D_REAL_LINEAL_NO_CALIBRADO
TA01-S0002,2023-03-03,6,0,0,50.41,RECTANGULAR_12H_ESTIMATED,231.126,32.996,20.281,861.241,0.28,1.3054322033415027e-8,0.24698,19.228,0.20395,92,134,64.27509,0,60.19342,18.94029,152.2933,419.5514,1.8314,NORMAL,56,8.361654e-9,NASA_POWER_POINT_DAILY_PRECTOTCORR,FEM2D_CST_PLANE_STRAIN_V1,TA01_ASSUMPTION_RANGE,FEM_2D_REAL_LINEAL_NO_CALIBRADO
TA01-S0002,2023-03-03,7,4.200833,4.200833,50.41,RECTANGULAR_12H_ESTIMATED,231.126,32.996,20.281,861.241,0.28,1.3054322033415027e-8,0.24698,19.228,0.20395,92,134,64.27136,0.00605,60.19019,18.94081,152.3659,419.5415,1.8314,NORMAL,56,8.34542e-9,NASA_POWER_POINT_DAILY_PRECTOTCORR,FEM2D_CST_PLANE_STRAIN_V1,TA01_ASSUMPTION_RANGE,FEM_2D_REAL_LINEAL_NO_CALIBRADO
TA01-S0002,2023-03-03,8,4.200833,8.401667,50.41,RECTANGULAR_12H_ESTIMATED,231.126,32.996,20.281,861.241,0.28,1.3054322033415027e-8,0.24698,19.228,0.20395,92,134,64.26762,0.01209,60.18696,18.94132,152.4384,419.5317,1.8314,NORMAL,56,8.334565e-9,NASA_POWER_POINT_DAILY_PRECTOTCORR,FEM2D_CST_PLANE_STRAIN_V1,TA01_ASSUMPTION_RANGE,FEM_2D_REAL_LINEAL_NO_CALIBRADO
TA01-S0002,2023-03-03,9,4.200833,12.6025,50.41,RECTANGULAR_12H_ESTIMATED,231.126,32.996,20.281,861.241,0.28,1.3054322033415027e-8,0.24698,19.228,0.20395,92,134,64.26389,0.01814,60.18373,18.94184,152.5109,419.5218,1.8313,NORMAL,56,8.361693e-9,NASA_POWER_POINT_DAILY_PRECTOTCORR,FEM2D_CST_PLANE_STRAIN_V1,TA01_ASSUMPTION_RANGE,FEM_2D_REAL_LINEAL_NO_CALIBRADO
TA01-S0002,2023-03-03,10,4.200833,16.803333,50.41,RECTANGULAR_12H_ESTIMATED,231.126,32.996,20.281,861.241,0.28,1.3054322033415027e-8,0.24698,19.228,0.20395,92,134,64.26016,0.02419,60.1805,18.94236,152.5835,419.5119,1.8313,NORMAL,56,8.311164e-9,NASA_POWER_POINT_DAILY_PRECTOTCORR,FEM2D_CST_PLANE_STRAIN_V1,TA01_ASSUMPTION_RANGE,FEM_2D_REAL_LINEAL_NO_CALIBRADO
TA01-S0002,2023-03-03,11,4.200833,21.004167,50.41,RECTANGULAR_12H_ESTIMATED,231.126,32.996,20.281,861.241,0.28,1.3054322033415027e-8,0.24698,19.228,0.20395,92,134,64.25643,0.03023,60.17727,18.94287,152.656,419.5021,1.8313,NORMAL,56,8.290542e-9,NASA_POWER_POINT_DAILY_PRECTOTCORR,FEM2D_CST_PLANE_STRAIN_V1,TA01_ASSUMPTION_RANGE,FEM_2D_REAL_LINEAL_NO_CALIBRADO
TA01-S0002,2023-03-03,12,4.200833,25.205,50.41,RECTANGULAR_12H_ESTIMATED,231.126,32.996,20.281,861.241,0.28,1.3054322033415027e-8,0.24698,19.228,0.20395,92,134,64.25269,0.03628,60.17404,18.94339,152.7285,419.4922,1.8313,NORMAL,56,8.291837e-9,NASA_POWER_POINT_DAILY_PRECTOTCORR,FEM2D_CST_PLANE_STRAIN_V1,TA01_ASSUMPTION_RANGE,FEM_2D_REAL_LINEAL_NO_CALIBRADO
TA01-S0002,2023-03-03,13,4.200833,29.405833,50.41,RECTANGULAR_12H_ESTIMATED,231.126,32.996,20.281,861.241,0.28,1.3054322033415027e-8,0.24698,19.228,0.20395,92,134,64.24896,0.04233,60.17081,18.94391,152.8011,419.4824,1.8313,NORMAL,56,8.264707e-9,NASA_POWER_POINT_DAILY_PRECTOTCORR,FEM2D_CST_PLANE_STRAIN_V1,TA01_ASSUMPTION_RANGE,FEM_2D_REAL_LINEAL_NO_CALIBRADO
TA01-S0002,2023-03-03,14,4.200833,33.606667,50.41,RECTANGULAR_12H_ESTIMATED,231.126,32.996,20.281,861.241,0.28,1.3054322033415027e-8,0.24698,19.228,0.20395,92,134,64.24523,0.04837,60.16758,18.94443,152.8736,419.4725,1.8313,NORMAL,56,8.254385e-9,NASA_POWER_POINT_DAILY_PRECTOTCORR,FEM2D_CST_PLANE_STRAIN_V1,TA01_ASSUMPTION_RANGE,FEM_2D_REAL_LINEAL_NO_CALIBRADO
TA01-S0002,2023-03-03,15,4.200833,37.8075,50.41,RECTANGULAR_12H_ESTIMATED,231.126,32.996,20.281,861.241,0.28,1.3054322033415027e-8,0.24698,19.228,0.20395,92,134,64.2415,0.05442,60.16435,18.94495,152.9461,419.4626,1.8313,NORMAL,56,8.281681e-9,NASA_POWER_POINT_DAILY_PRECTOTCORR,FEM2D_CST_PLANE_STRAIN_V1,TA01_ASSUMPTION_RANGE,FEM_2D_REAL_LINEAL_NO_CALIBRADO
TA01-S0002,2023-03-03,16,4.200833,42.008333,50.41,RECTANGULAR_12H_ESTIMATED,231.126,32.996,20.281,861.241,0.28,1.3054322033415027e-8,0.24698,19.228,0.20395,92,134,64.23777,0.06047,60.16112,18.94548,153.0187,419.4528,1.8312,NORMAL,56,8.218167e-9,NASA_POWER_POINT_DAILY_PRECTOTCORR,FEM2D_CST_PLANE_STRAIN_V1,TA01_ASSUMPTION_RANGE,FEM_2D_REAL_LINEAL_NO_CALIBRADO
TA01-S0002,2023-03-03,17,4.200833,46.209167,50.41,RECTANGULAR_12H_ESTIMATED,231.126,32.996,20.281,861.241,0.28,1.3054322033415027e-8,0.24698,19.228,0.20395,92,134,64.23404,0.06652,60.15789,18.946,153.0912,419.4429,1.8312,NORMAL,56,8.203156e-9,NASA_POWER_POINT_DAILY_PRECTOTCORR,FEM2D_CST_PLANE_STRAIN_V1,TA01_ASSUMPTION_RANGE,FEM_2D_REAL_LINEAL_NO_CALIBRADO
TA01-S0002,2023-03-03,18,4.200833,50.41,50.41,RECTANGULAR_12H_ESTIMATED,231.126,32.996,20.281,861.241,0.28,1.3054322033415027e-8,0.24698,19.228,0.20395,92,134,64.23031,0.07256,60.15466,18.94652,153.1637,419.4331,1.8312,NORMAL,56,8.577916e-9,NASA_POWER_POINT_DAILY_PRECTOTCORR,FEM2D_CST_PLANE_STRAIN_V1,TA01_ASSUMPTION_RANGE,FEM_2D_REAL_LINEAL_NO_CALIBRADO
TA01-S0002,2023-03-03,19,0,50.41,50.41,RECTANGULAR_12H_ESTIMATED,231.126,32.996,20.281,861.241,0.28,1.3054322033415027e-8,0.24698,19.228,0.20395,92,134,64.23031,0.07256,60.15466,18.94652,153.1637,419.4331,1.8312,NORMAL,56,8.577916e-9,NASA_POWER_POINT_DAILY_PRECTOTCORR,FEM2D_CST_PLANE_STRAIN_V1,TA01_ASSUMPTION_RANGE,FEM_2D_REAL_LINEAL_NO_CALIBRADO
TA01-S0002,2023-03-03,20,0,50.41,50.41,RECTANGULAR_12H_ESTIMATED,231.126,32.996,20.281,861.241,0.28,1.3054322033415027e-8,0.24698,19.228,0.20395,92,134,64.23031,0.07256,60.15466,18.94652,153.1637,419.4331,1.8312,NORMAL,56,8.577916e-9,NASA_POWER_POINT_DAILY_PRECTOTCORR,FEM2D_CST_PLANE_STRAIN_V1,TA01_ASSUMPTION_RANGE,FEM_2D_REAL_LINEAL_NO_CALIBRADO
TA01-S0002,2023-03-03,21,0,50.41,50.41,RECTANGULAR_12H_ESTIMATED,231.126,32.996,20.281,861.241,0.28,1.3054322033415027e-8,0.24698,19.228,0.20395,92,134,64.23031,0.07256,60.15466,18.94652,153.1637,419.4331,1.8312,NORMAL,56,8.577916e-9,NASA_POWER_POINT_DAILY_PRECTOTCORR,FEM2D_CST_PLANE_STRAIN_V1,TA01_ASSUMPTION_RANGE,FEM_2D_REAL_LINEAL_NO_CALIBRADO
TA01-S0002,2023-03-03,22,0,50.41,50.41,RECTANGULAR_12H_ESTIMATED,231.126,32.996,20.281,861.241,0.28,1.3054322033415027e-8,0.24698,19.228,0.20395,92,134,64.23031,0.07256,60.15466,18.94652,153.1637,419.4331,1.8312,NORMAL,56,8.577916e-9,NASA_POWER_POINT_DAILY_PRECTOTCORR,FEM2D_CST_PLANE_STRAIN_V1,TA01_ASSUMPTION_RANGE,FEM_2D_REAL_LINEAL_NO_CALIBRADO
TA01-S0002,2023-03-03,23,0,50.41,50.41,RECTANGULAR_12H_ESTIMATED,231.126,32.996,20.281,861.241,0.28,1.3054322033415027e-8,0.24698,19.228,0.20395,92,134,64.23031,0.07256,60.15466,18.94652,153.1637,419.4331,1.8312,NORMAL,56,8.577916e-9,NASA_POWER_POINT_DAILY_PRECTOTCORR,FEM2D_CST_PLANE_STRAIN_V1,TA01_ASSUMPTION_RANGE,FEM_2D_REAL_LINEAL_NO_CALIBRADO
TA01-S0002,2023-03-03,24,0,50.41,50.41,RECTANGULAR_12H_ESTIMATED,231.126,32.996,20.281,861.241,0.28,1.3054322033415027e-8,0.24698,19.228,0.20395,92,134,64.23031,0.07256,60.15466,18.94652,153.1637,419.4331,1.8312,NORMAL,56,8.577916e-9,NASA_POWER_POINT_DAILY_PRECTOTCORR,FEM2D_CST_PLANE_STRAIN_V1,TA01_ASSUMPTION_RANGE,FEM_2D_REAL_LINEAL_NO_CALIBRADO
TA01-S0003,2021-04-14,1,0,0,0,RECTANGULAR_24H_ESTIMATED,169.836,37.789,25.731,2919.362,0.28,1.3933560022503837e-9,0.19506,55.975,0.28207,92,134,22.46427,0,21.16209,11.49736,512.7814,451.2684,1.3355,NORMAL,57,7.413806e-9,NASA_POWER_POINT_DAILY_PRECTOTCORR,FEM2D_CST_PLANE_STRAIN_V1,TA01_ASSUMPTION_RANGE,FEM_2D_REAL_LINEAL_NO_CALIBRADO
TA01-S0003,2021-04-14,2,0,0,0,RECTANGULAR_24H_ESTIMATED,169.836,37.789,25.731,2919.362,0.28,1.3933560022503837e-9,0.19506,55.975,0.28207,92,134,22.46427,0,21.16209,11.49736,512.7814,451.2684,1.3355,NORMAL,57,7.413806e-9,NASA_POWER_POINT_DAILY_PRECTOTCORR,FEM2D_CST_PLANE_STRAIN_V1,TA01_ASSUMPTION_RANGE,FEM_2D_REAL_LINEAL_NO_CALIBRADO
TA01-S0003,2021-04-14,3,0,0,0,RECTANGULAR_24H_ESTIMATED,169.836,37.789,25.731,2919.362,0.28,1.3933560022503837e-9,0.19506,55.975,0.28207,92,134,22.46427,0,21.16209,11.49736,512.7814,451.2684,1.3355,NORMAL,57,7.413806e-9,NASA_POWER_POINT_DAILY_PRECTOTCORR,FEM2D_CST_PLANE_STRAIN_V1,TA01_ASSUMPTION_RANGE,FEM_2D_REAL_LINEAL_NO_CALIBRADO
TA01-S0003,2021-04-14,4,0,0,0,RECTANGULAR_24H_ESTIMATED,169.836,37.789,25.731,2919.362,0.28,1.3933560022503837e-9,0.19506,55.975,0.28207,92,134,22.46427,0,21.16209,11.49736,512.7814,451.2684,1.3355,NORMAL,57,7.413806e-9,NASA_POWER_POINT_DAILY_PRECTOTCORR,FEM2D_CST_PLANE_STRAIN_V1,TA01_ASSUMPTION_RANGE,FEM_2D_REAL_LINEAL_NO_CALIBRADO
TA01-S0003,2021-04-14,5,0,0,0,RECTANGULAR_24H_ESTIMATED,169.836,37.789,25.731,2919.362,0.28,1.3933560022503837e-9,0.19506,55.975,0.28207,92,134,22.46427,0,21.16209,11.49736,512.7814,451.2684,1.3355,NORMAL,57,7.413806e-9,NASA_POWER_POINT_DAILY_PRECTOTCORR,FEM2D_CST_PLANE_STRAIN_V1,TA01_ASSUMPTION_RANGE,FEM_2D_REAL_LINEAL_NO_CALIBRADO
TA01-S0003,2021-04-14,6,0,0,0,RECTANGULAR_24H_ESTIMATED,169.836,37.789,25.731,2919.362,0.28,1.3933560022503837e-9,0.19506,55.975,0.28207,92,134,22.46427,0,21.16209,11.49736,512.7814,451.2684,1.3355,NORMAL,57,7.413806e-9,NASA_POWER_POINT_DAILY_PRECTOTCORR,FEM2D_CST_PLANE_STRAIN_V1,TA01_ASSUMPTION_RANGE,FEM_2D_REAL_LINEAL_NO_CALIBRADO
TA01-S0003,2021-04-14,7,0,0,0,RECTANGULAR_24H_ESTIMATED,169.836,37.789,25.731,2919.362,0.28,1.3933560022503837e-9,0.19506,55.975,0.28207,92,134,22.46427,0,21.16209,11.49736,512.7814,451.2684,1.3355,NORMAL,57,7.413806e-9,NASA_POWER_POINT_DAILY_PRECTOTCORR,FEM2D_CST_PLANE_STRAIN_V1,TA01_ASSUMPTION_RANGE,FEM_2D_REAL_LINEAL_NO_CALIBRADO
TA01-S0003,2021-04-14,8,0,0,0,RECTANGULAR_24H_ESTIMATED,169.836,37.789,25.731,2919.362,0.28,1.3933560022503837e-9,0.19506,55.975,0.28207,92,134,22.46427,0,21.16209,11.49736,512.7814,451.2684,1.3355,NORMAL,57,7.413806e-9,NASA_POWER_POINT_DAILY_PRECTOTCORR,FEM2D_CST_PLANE_STRAIN_V1,TA01_ASSUMPTION_RANGE,FEM_2D_REAL_LINEAL_NO_CALIBRADO
TA01-S0003,2021-04-14,9,0,0,0,RECTANGULAR_24H_ESTIMATED,169.836,37.789,25.731,2919.362,0.28,1.3933560022503837e-9,0.19506,55.975,0.28207,92,134,22.46427,0,21.16209,11.49736,512.7814,451.2684,1.3355,NORMAL,57,7.413806e-9,NASA_POWER_POINT_DAILY_PRECTOTCORR,FEM2D_CST_PLANE_STRAIN_V1,TA01_ASSUMPTION_RANGE,FEM_2D_REAL_LINEAL_NO_CALIBRADO
TA01-S0003,2021-04-14,10,0,0,0,RECTANGULAR_24H_ESTIMATED,169.836,37.789,25.731,2919.362,0.28,1.3933560022503837e-9,0.19506,55.975,0.28207,92,134,22.46427,0,21.16209,11.49736,512.7814,451.2684,1.3355,NORMAL,57,7.413806e-9,NASA_POWER_POINT_DAILY_PRECTOTCORR,FEM2D_CST_PLANE_STRAIN_V1,TA01_ASSUMPTION_RANGE,FEM_2D_REAL_LINEAL_NO_CALIBRADO
TA01-S0003,2021-04-14,11,0,0,0,RECTANGULAR_24H_ESTIMATED,169.836,37.789,25.731,2919.362,0.28,1.3933560022503837e-9,0.19506,55.975,0.28207,92,134,22.46427,0,21.16209,11.49736,512.7814,451.2684,1.3355,NORMAL,57,7.413806e-9,NASA_POWER_POINT_DAILY_PRECTOTCORR,FEM2D_CST_PLANE_STRAIN_V1,TA01_ASSUMPTION_RANGE,FEM_2D_REAL_LINEAL_NO_CALIBRADO
TA01-S0003,2021-04-14,12,0,0,0,RECTANGULAR_24H_ESTIMATED,169.836,37.789,25.731,2919.362,0.28,1.3933560022503837e-9,0.19506,55.975,0.28207,92,134,22.46427,0,21.16209,11.49736,512.7814,451.2684,1.3355,NORMAL,57,7.413806e-9,NASA_POWER_POINT_DAILY_PRECTOTCORR,FEM2D_CST_PLANE_STRAIN_V1,TA01_ASSUMPTION_RANGE,FEM_2D_REAL_LINEAL_NO_CALIBRADO
TA01-S0003,2021-04-14,13,0,0,0,RECTANGULAR_24H_ESTIMATED,169.836,37.789,25.731,2919.362,0.28,1.3933560022503837e-9,0.19506,55.975,0.28207,92,134,22.46427,0,21.16209,11.49736,512.7814,451.2684,1.3355,NORMAL,57,7.413806e-9,NASA_POWER_POINT_DAILY_PRECTOTCORR,FEM2D_CST_PLANE_STRAIN_V1,TA01_ASSUMPTION_RANGE,FEM_2D_REAL_LINEAL_NO_CALIBRADO
TA01-S0003,2021-04-14,14,0,0,0,RECTANGULAR_24H_ESTIMATED,169.836,37.789,25.731,2919.362,0.28,1.3933560022503837e-9,0.19506,55.975,0.28207,92,134,22.46427,0,21.16209,11.49736,512.7814,451.2684,1.3355,NORMAL,57,7.413806e-9,NASA_POWER_POINT_DAILY_PRECTOTCORR,FEM2D_CST_PLANE_STRAIN_V1,TA01_ASSUMPTION_RANGE,FEM_2D_REAL_LINEAL_NO_CALIBRADO
TA01-S0003,2021-04-14,15,0,0,0,RECTANGULAR_24H_ESTIMATED,169.836,37.789,25.731,2919.362,0.28,1.3933560022503837e-9,0.19506,55.975,0.28207,92,134,22.46427,0,21.16209,11.49736,512.7814,451.2684,1.3355,NORMAL,57,7.413806e-9,NASA_POWER_POINT_DAILY_PRECTOTCORR,FEM2D_CST_PLANE_STRAIN_V1,TA01_ASSUMPTION_RANGE,FEM_2D_REAL_LINEAL_NO_CALIBRADO
TA01-S0003,2021-04-14,16,0,0,0,RECTANGULAR_24H_ESTIMATED,169.836,37.789,25.731,2919.362,0.28,1.3933560022503837e-9,0.19506,55.975,0.28207,92,134,22.46427,0,21.16209,11.49736,512.7814,451.2684,1.3355,NORMAL,57,7.413806e-9,NASA_POWER_POINT_DAILY_PRECTOTCORR,FEM2D_CST_PLANE_STRAIN_V1,TA01_ASSUMPTION_RANGE,FEM_2D_REAL_LINEAL_NO_CALIBRADO
TA01-S0003,2021-04-14,17,0,0,0,RECTANGULAR_24H_ESTIMATED,169.836,37.789,25.731,2919.362,0.28,1.3933560022503837e-9,0.19506,55.975,0.28207,92,134,22.46427,0,21.16209,11.49736,512.7814,451.2684,1.3355,NORMAL,57,7.413806e-9,NASA_POWER_POINT_DAILY_PRECTOTCORR,FEM2D_CST_PLANE_STRAIN_V1,TA01_ASSUMPTION_RANGE,FEM_2D_REAL_LINEAL_NO_CALIBRADO
TA01-S0003,2021-04-14,18,0,0,0,RECTANGULAR_24H_ESTIMATED,169.836,37.789,25.731,2919.362,0.28,1.3933560022503837e-9,0.19506,55.975,0.28207,92,134,22.46427,0,21.16209,11.49736,512.7814,451.2684,1.3355,NORMAL,57,7.413806e-9,NASA_POWER_POINT_DAILY_PRECTOTCORR,FEM2D_CST_PLANE_STRAIN_V1,TA01_ASSUMPTION_RANGE,FEM_2D_REAL_LINEAL_NO_CALIBRADO
TA01-S0003,2021-04-14,19,0,0,0,RECTANGULAR_24H_ESTIMATED,169.836,37.789,25.731,2919.362,0.28,1.3933560022503837e-9,0.19506,55.975,0.28207,92,134,22.46427,0,21.16209,11.49736,512.7814,451.2684,1.3355,NORMAL,57,7.413806e-9,NASA_POWER_POINT_DAILY_PRECTOTCORR,FEM2D_CST_PLANE_STRAIN_V1,TA01_ASSUMPTION_RANGE,FEM_2D_REAL_LINEAL_NO_CALIBRADO
TA01-S0003,2021-04-14,20,0,0,0,RECTANGULAR_24H_ESTIMATED,169.836,37.789,25.731,2919.362,0.28,1.3933560022503837e-9,0.19506,55.975,0.28207,92,134,22.46427,0,21.16209,11.49736,512.7814,451.2684,1.3355,NORMAL,57,7.413806e-9,NASA_POWER_POINT_DAILY_PRECTOTCORR,FEM2D_CST_PLANE_STRAIN_V1,TA01_ASSUMPTION_RANGE,FEM_2D_REAL_LINEAL_NO_CALIBRADO
TA01-S0003,2021-04-14,21,0,0,0,RECTANGULAR_24H_ESTIMATED,169.836,37.789,25.731,2919.362,0.28,1.3933560022503837e-9,0.19506,55.975,0.28207,92,134,22.46427,0,21.16209,11.49736,512.7814,451.2684,1.3355,NORMAL,57,7.413806e-9,NASA_POWER_POINT_DAILY_PRECTOTCORR,FEM2D_CST_PLANE_STRAIN_V1,TA01_ASSUMPTION_RANGE,FEM_2D_REAL_LINEAL_NO_CALIBRADO
TA01-S0003,2021-04-14,22,0,0,0,RECTANGULAR_24H_ESTIMATED,169.836,37.789,25.731,2919.362,0.28,1.3933560022503837e-9,0.19506,55.975,0.28207,92,134,22.46427,0,21.16209,11.49736,512.7814,451.2684,1.3355,NORMAL,57,7.413806e-9,NASA_POWER_POINT_DAILY_PRECTOTCORR,FEM2D_CST_PLANE_STRAIN_V1,TA01_ASSUMPTION_RANGE,FEM_2D_REAL_LINEAL_NO_CALIBRADO
TA01-S0003,2021-04-14,23,0,0,0,RECTANGULAR_24H_ESTIMATED,169.836,37.789,25.731,2919.362,0.28,1.3933560022503837e-9,0.19506,55.975,0.28207,92,134,22.46427,0,21.16209,11.49736,512.7814,451.2684,1.3355,NORMAL,57,7.413806e-9,NASA_POWER_POINT_DAILY_PRECTOTCORR,FEM2D_CST_PLANE_STRAIN_V1,TA01_ASSUMPTION_RANGE,FEM_2D_REAL_LINEAL_NO_CALIBRADO
TA01-S0003,2021-04-14,24,0,0,0,RECTANGULAR_24H_ESTIMATED,169.836,37.789,25.731,2919.362,0.28,1.3933560022503837e-9,0.19506,55.975,0.28207,92,134,22.46427,0,21.16209,11.49736,512.7814,451.2684,1.3355,NORMAL,57,7.413806e-9,NASA_POWER_POINT_DAILY_PRECTOTCORR,FEM2D_CST_PLANE_STRAIN_V1,TA01_ASSUMPTION_RANGE,FEM_2D_REAL_LINEAL_NO_CALIBRADO
TA01-S0004,2021-11-04,1,0.000417,0.000417,0.01,RECTANGULAR_24H_ESTIMATED,199.991,39.061,25.225,1437.843,0.28,6.336420659050045e-8,0.40617,33.858,0.23928,92,134,47.15007,0,44.14159,15.53203,295.8137,499.491,1.652,NORMAL,57,4.925191e-9,NASA_POWER_POINT_DAILY_PRECTOTCORR,FEM2D_CST_PLANE_STRAIN_V1,TA01_ASSUMPTION_RANGE,FEM_2D_REAL_LINEAL_NO_CALIBRADO
TA01-S0004,2021-11-04,2,0.000417,0.000833,0.01,RECTANGULAR_24H_ESTIMATED,199.991,39.061,25.225,1437.843,0.28,6.336420659050045e-8,0.40617,33.858,0.23928,92,134,47.15007,0,44.14159,15.53203,295.8137,499.491,1.652,NORMAL,57,4.930101e-9,NASA_POWER_POINT_DAILY_PRECTOTCORR,FEM2D_CST_PLANE_STRAIN_V1,TA01_ASSUMPTION_RANGE,FEM_2D_REAL_LINEAL_NO_CALIBRADO
TA01-S0004,2021-11-04,3,0.000417,0.00125,0.01,RECTANGULAR_24H_ESTIMATED,199.991,39.061,25.225,1437.843,0.28,6.336420659050045e-8,0.40617,33.858,0.23928,92,134,47.15007,0,44.14159,15.53203,295.8137,499.491,1.652,NORMAL,57,4.927334e-9,NASA_POWER_POINT_DAILY_PRECTOTCORR,FEM2D_CST_PLANE_STRAIN_V1,TA01_ASSUMPTION_RANGE,FEM_2D_REAL_LINEAL_NO_CALIBRADO
TA01-S0004,2021-11-04,4,0.000417,0.001667,0.01,RECTANGULAR_24H_ESTIMATED,199.991,39.061,25.225,1437.843,0.28,6.336420659050045e-8,0.40617,33.858,0.23928,92,134,47.15007,0,44.14159,15.53203,295.8137,499.491,1.652,NORMAL,57,4.929467e-9,NASA_POWER_POINT_DAILY_PRECTOTCORR,FEM2D_CST_PLANE_STRAIN_V1,TA01_ASSUMPTION_RANGE,FEM_2D_REAL_LINEAL_NO_CALIBRADO
TA01-S0004,2021-11-04,5,0.000417,0.002083,0.01,RECTANGULAR_24H_ESTIMATED,199.991,39.061,25.225,1437.843,0.28,6.336420659050045e-8,0.40617,33.858,0.23928,92,134,47.15007,0,44.14159,15.53203,295.8137,499.491,1.652,NORMAL,57,4.928417e-9,NASA_POWER_POINT_DAILY_PRECTOTCORR,FEM2D_CST_PLANE_STRAIN_V1,TA01_ASSUMPTION_RANGE,FEM_2D_REAL_LINEAL_NO_CALIBRADO
TA01-S0004,2021-11-04,6,0.000417,0.0025,0.01,RECTANGULAR_24H_ESTIMATED,199.991,39.061,25.225,1437.843,0.28,6.336420659050045e-8,0.40617,33.858,0.23928,92,134,47.15007,0,44.14159,15.53203,295.8137,499.491,1.652,NORMAL,57,4.924628e-9,NASA_POWER_POINT_DAILY_PRECTOTCORR,FEM2D_CST_PLANE_STRAIN_V1,TA01_ASSUMPTION_RANGE,FEM_2D_REAL_LINEAL_NO_CALIBRADO
TA01-S0004,2021-11-04,7,0.000417,0.002917,0.01,RECTANGULAR_24H_ESTIMATED,199.991,39.061,25.225,1437.843,0.28,6.336420659050045e-8,0.40617,33.858,0.23928,92,134,47.15007,0,44.14159,15.53203,295.8137,499.491,1.652,NORMAL,57,4.92169e-9,NASA_POWER_POINT_DAILY_PRECTOTCORR,FEM2D_CST_PLANE_STRAIN_V1,TA01_ASSUMPTION_RANGE,FEM_2D_REAL_LINEAL_NO_CALIBRADO
TA01-S0004,2021-11-04,8,0.000417,0.003333,0.01,RECTANGULAR_24H_ESTIMATED,199.991,39.061,25.225,1437.843,0.28,6.336420659050045e-8,0.40617,33.858,0.23928,92,134,47.15007,0,44.14159,15.53203,295.8137,499.491,1.652,NORMAL,57,4.921712e-9,NASA_POWER_POINT_DAILY_PRECTOTCORR,FEM2D_CST_PLANE_STRAIN_V1,TA01_ASSUMPTION_RANGE,FEM_2D_REAL_LINEAL_NO_CALIBRADO
TA01-S0004,2021-11-04,9,0.000417,0.00375,0.01,RECTANGULAR_24H_ESTIMATED,199.991,39.061,25.225,1437.843,0.28,6.336420659050045e-8,0.40617,33.858,0.23928,92,134,47.15007,0,44.14159,15.53203,295.8137,499.491,1.652,NORMAL,57,4.921811e-9,NASA_POWER_POINT_DAILY_PRECTOTCORR,FEM2D_CST_PLANE_STRAIN_V1,TA01_ASSUMPTION_RANGE,FEM_2D_REAL_LINEAL_NO_CALIBRADO
TA01-S0004,2021-11-04,10,0.000417,0.004167,0.01,RECTANGULAR_24H_ESTIMATED,199.991,39.061,25.225,1437.843,0.28,6.336420659050045e-8,0.40617,33.858,0.23928,92,134,47.15007,0,44.14159,15.53203,295.8137,499.491,1.652,NORMAL,57,4.936124e-9,NASA_POWER_POINT_DAILY_PRECTOTCORR,FEM2D_CST_PLANE_STRAIN_V1,TA01_ASSUMPTION_RANGE,FEM_2D_REAL_LINEAL_NO_CALIBRADO
TA01-S0004,2021-11-04,11,0.000417,0.004583,0.01,RECTANGULAR_24H_ESTIMATED,199.991,39.061,25.225,1437.843,0.28,6.336420659050045e-8,0.40617,33.858,0.23928,92,134,47.15007,0,44.14159,15.53203,295.8137,499.491,1.652,NORMAL,57,4.934774e-9,NASA_POWER_POINT_DAILY_PRECTOTCORR,FEM2D_CST_PLANE_STRAIN_V1,TA01_ASSUMPTION_RANGE,FEM_2D_REAL_LINEAL_NO_CALIBRADO
TA01-S0004,2021-11-04,12,0.000417,0.005,0.01,RECTANGULAR_24H_ESTIMATED,199.991,39.061,25.225,1437.843,0.28,6.336420659050045e-8,0.40617,33.858,0.23928,92,134,47.15007,0,44.14159,15.53203,295.8137,499.491,1.652,NORMAL,57,4.933632e-9,NASA_POWER_POINT_DAILY_PRECTOTCORR,FEM2D_CST_PLANE_STRAIN_V1,TA01_ASSUMPTION_RANGE,FEM_2D_REAL_LINEAL_NO_CALIBRADO
TA01-S0004,2021-11-04,13,0.000417,0.005417,0.01,RECTANGULAR_24H_ESTIMATED,199.991,39.061,25.225,1437.843,0.28,6.336420659050045e-8,0.40617,33.858,0.23928,92,134,47.15007,0,44.14159,15.53203,295.8137,499.491,1.652,NORMAL,57,4.92046e-9,NASA_POWER_POINT_DAILY_PRECTOTCORR,FEM2D_CST_PLANE_STRAIN_V1,TA01_ASSUMPTION_RANGE,FEM_2D_REAL_LINEAL_NO_CALIBRADO
TA01-S0004,2021-11-04,14,0.000417,0.005833,0.01,RECTANGULAR_24H_ESTIMATED,199.991,39.061,25.225,1437.843,0.28,6.336420659050045e-8,0.40617,33.858,0.23928,92,134,47.15007,0,44.14159,15.53203,295.8137,499.491,1.652,NORMAL,57,4.934778e-9,NASA_POWER_POINT_DAILY_PRECTOTCORR,FEM2D_CST_PLANE_STRAIN_V1,TA01_ASSUMPTION_RANGE,FEM_2D_REAL_LINEAL_NO_CALIBRADO
TA01-S0004,2021-11-04,15,0.000417,0.00625,0.01,RECTANGULAR_24H_ESTIMATED,199.991,39.061,25.225,1437.843,0.28,6.336420659050045e-8,0.40617,33.858,0.23928,92,134,47.15007,0,44.14159,15.53203,295.8137,499.491,1.652,NORMAL,57,4.925702e-9,NASA_POWER_POINT_DAILY_PRECTOTCORR,FEM2D_CST_PLANE_STRAIN_V1,TA01_ASSUMPTION_RANGE,FEM_2D_REAL_LINEAL_NO_CALIBRADO
TA01-S0004,2021-11-04,16,0.000417,0.006667,0.01,RECTANGULAR_24H_ESTIMATED,199.991,39.061,25.225,1437.843,0.28,6.336420659050045e-8,0.40617,33.858,0.23928,92,134,47.15007,0,44.14159,15.53203,295.8137,499.491,1.652,NORMAL,57,4.925431e-9,NASA_POWER_POINT_DAILY_PRECTOTCORR,FEM2D_CST_PLANE_STRAIN_V1,TA01_ASSUMPTION_RANGE,FEM_2D_REAL_LINEAL_NO_CALIBRADO
TA01-S0004,2021-11-04,17,0.000417,0.007083,0.01,RECTANGULAR_24H_ESTIMATED,199.991,39.061,25.225,1437.843,0.28,6.336420659050045e-8,0.40617,33.858,0.23928,92,134,47.15007,0,44.14159,15.53203,295.8137,499.491,1.652,NORMAL,57,4.925479e-9,NASA_POWER_POINT_DAILY_PRECTOTCORR,FEM2D_CST_PLANE_STRAIN_V1,TA01_ASSUMPTION_RANGE,FEM_2D_REAL_LINEAL_NO_CALIBRADO
TA01-S0004,2021-11-04,18,0.000417,0.0075,0.01,RECTANGULAR_24H_ESTIMATED,199.991,39.061,25.225,1437.843,0.28,6.336420659050045e-8,0.40617,33.858,0.23928,92,134,47.15007,0,44.14159,15.53203,295.8137,499.491,1.652,NORMAL,57,4.927706e-9,NASA_POWER_POINT_DAILY_PRECTOTCORR,FEM2D_CST_PLANE_STRAIN_V1,TA01_ASSUMPTION_RANGE,FEM_2D_REAL_LINEAL_NO_CALIBRADO
TA01-S0004,2021-11-04,19,0.000417,0.007917,0.01,RECTANGULAR_24H_ESTIMATED,199.991,39.061,25.225,1437.843,0.28,6.336420659050045e-8,0.40617,33.858,0.23928,92,134,47.15006,0.00001,44.14159,15.53203,295.8138,499.491,1.652,NORMAL,57,4.921698e-9,NASA_POWER_POINT_DAILY_PRECTOTCORR,FEM2D_CST_PLANE_STRAIN_V1,TA01_ASSUMPTION_RANGE,FEM_2D_REAL_LINEAL_NO_CALIBRADO
TA01-S0004,2021-11-04,20,0.000417,0.008333,0.01,RECTANGULAR_24H_ESTIMATED,199.991,39.061,25.225,1437.843,0.28,6.336420659050045e-8,0.40617,33.858,0.23928,92,134,47.15006,0.00001,44.14159,15.53203,295.8138,499.491,1.652,NORMAL,57,4.929515e-9,NASA_POWER_POINT_DAILY_PRECTOTCORR,FEM2D_CST_PLANE_STRAIN_V1,TA01_ASSUMPTION_RANGE,FEM_2D_REAL_LINEAL_NO_CALIBRADO
TA01-S0004,2021-11-04,21,0.000417,0.00875,0.01,RECTANGULAR_24H_ESTIMATED,199.991,39.061,25.225,1437.843,0.28,6.336420659050045e-8,0.40617,33.858,0.23928,92,134,47.15006,0.00001,44.14159,15.53203,295.8138,499.491,1.652,NORMAL,57,4.930398e-9,NASA_POWER_POINT_DAILY_PRECTOTCORR,FEM2D_CST_PLANE_STRAIN_V1,TA01_ASSUMPTION_RANGE,FEM_2D_REAL_LINEAL_NO_CALIBRADO
TA01-S0004,2021-11-04,22,0.000417,0.009167,0.01,RECTANGULAR_24H_ESTIMATED,199.991,39.061,25.225,1437.843,0.28,6.336420659050045e-8,0.40617,33.858,0.23928,92,134,47.15006,0.00001,44.14159,15.53203,295.8138,499.491,1.652,NORMAL,57,4.93064e-9,NASA_POWER_POINT_DAILY_PRECTOTCORR,FEM2D_CST_PLANE_STRAIN_V1,TA01_ASSUMPTION_RANGE,FEM_2D_REAL_LINEAL_NO_CALIBRADO
TA01-S0004,2021-11-04,23,0.000417,0.009583,0.01,RECTANGULAR_24H_ESTIMATED,199.991,39.061,25.225,1437.843,0.28,6.336420659050045e-8,0.40617,33.858,0.23928,92,134,47.15006,0.00001,44.14159,15.53203,295.8138,499.491,1.652,NORMAL,57,4.92274e-9,NASA_POWER_POINT_DAILY_PRECTOTCORR,FEM2D_CST_PLANE_STRAIN_V1,TA01_ASSUMPTION_RANGE,FEM_2D_REAL_LINEAL_NO_CALIBRADO
TA01-S0004,2021-11-04,24,0.000417,0.01,0.01,RECTANGULAR_24H_ESTIMATED,199.991,39.061,25.225,1437.843,0.28,6.336420659050045e-8,0.40617,33.858,0.23928,92,134,47.15006,0.00001,44.14159,15.53203,295.8138,499.491,1.652,NORMAL,57,4.924501e-9,NASA_POWER_POINT_DAILY_PRECTOTCORR,FEM2D_CST_PLANE_STRAIN_V1,TA01_ASSUMPTION_RANGE,FEM_2D_REAL_LINEAL_NO_CALIBRADO
TA01-S0005,2025-07-28,1,0,0,0.04,RECTANGULAR_12H_ESTIMATED,147.081,38.087,21.363,1711.321,0.28,6.04557868265018e-10,0.09964,52.331,0.28859,92,134,31.80003,0,29.89251,17.04445,477.0338,368.498,1.2694,VIGILANCIA,58,4.542511e-9,NASA_POWER_POINT_DAILY_PRECTOTCORR,FEM2D_CST_PLANE_STRAIN_V1,TA01_ASSUMPTION_RANGE,FEM_2D_REAL_LINEAL_NO_CALIBRADO
TA01-S0005,2025-07-28,2,0,0,0.04,RECTANGULAR_12H_ESTIMATED,147.081,38.087,21.363,1711.321,0.28,6.04557868265018e-10,0.09964,52.331,0.28859,92,134,31.80003,0,29.89251,17.04445,477.0338,368.498,1.2694,VIGILANCIA,58,4.542511e-9,NASA_POWER_POINT_DAILY_PRECTOTCORR,FEM2D_CST_PLANE_STRAIN_V1,TA01_ASSUMPTION_RANGE,FEM_2D_REAL_LINEAL_NO_CALIBRADO
TA01-S0005,2025-07-28,3,0,0,0.04,RECTANGULAR_12H_ESTIMATED,147.081,38.087,21.363,1711.321,0.28,6.04557868265018e-10,0.09964,52.331,0.28859,92,134,31.80003,0,29.89251,17.04445,477.0338,368.498,1.2694,VIGILANCIA,58,4.542511e-9,NASA_POWER_POINT_DAILY_PRECTOTCORR,FEM2D_CST_PLANE_STRAIN_V1,TA01_ASSUMPTION_RANGE,FEM_2D_REAL_LINEAL_NO_CALIBRADO
TA01-S0005,2025-07-28,4,0,0,0.04,RECTANGULAR_12H_ESTIMATED,147.081,38.087,21.363,1711.321,0.28,6.04557868265018e-10,0.09964,52.331,0.28859,92,134,31.80003,0,29.89251,17.04445,477.0338,368.498,1.2694,VIGILANCIA,58,4.542511e-9,NASA_POWER_POINT_DAILY_PRECTOTCORR,FEM2D_CST_PLANE_STRAIN_V1,TA01_ASSUMPTION_RANGE,FEM_2D_REAL_LINEAL_NO_CALIBRADO
TA01-S0005,2025-07-28,5,0,0,0.04,RECTANGULAR_12H_ESTIMATED,147.081,38.087,21.363,1711.321,0.28,6.04557868265018e-10,0.09964,52.331,0.28859,92,134,31.80003,0,29.89251,17.04445,477.0338,368.498,1.2694,VIGILANCIA,58,4.542511e-9,NASA_POWER_POINT_DAILY_PRECTOTCORR,FEM2D_CST_PLANE_STRAIN_V1,TA01_ASSUMPTION_RANGE,FEM_2D_REAL_LINEAL_NO_CALIBRADO
TA01-S0005,2025-07-28,6,0,0,0.04,RECTANGULAR_12H_ESTIMATED,147.081,38.087,21.363,1711.321,0.28,6.04557868265018e-10,0.09964,52.331,0.28859,92,134,31.80003,0,29.89251,17.04445,477.0338,368.498,1.2694,VIGILANCIA,58,4.542511e-9,NASA_POWER_POINT_DAILY_PRECTOTCORR,FEM2D_CST_PLANE_STRAIN_V1,TA01_ASSUMPTION_RANGE,FEM_2D_REAL_LINEAL_NO_CALIBRADO
TA01-S0005,2025-07-28,7,0.003333,0.003333,0.04,RECTANGULAR_12H_ESTIMATED,147.081,38.087,21.363,1711.321,0.28,6.04557868265018e-10,0.09964,52.331,0.28859,92,134,31.80003,0,29.89251,17.04445,477.0338,368.498,1.2694,VIGILANCIA,58,4.877561e-9,NASA_POWER_POINT_DAILY_PRECTOTCORR,FEM2D_CST_PLANE_STRAIN_V1,TA01_ASSUMPTION_RANGE,FEM_2D_REAL_LINEAL_NO_CALIBRADO
TA01-S0005,2025-07-28,8,0.003333,0.006667,0.04,RECTANGULAR_12H_ESTIMATED,147.081,38.087,21.363,1711.321,0.28,6.04557868265018e-10,0.09964,52.331,0.28859,92,134,31.80003,0,29.89251,17.04445,477.0339,368.498,1.2694,VIGILANCIA,58,4.658412e-9,NASA_POWER_POINT_DAILY_PRECTOTCORR,FEM2D_CST_PLANE_STRAIN_V1,TA01_ASSUMPTION_RANGE,FEM_2D_REAL_LINEAL_NO_CALIBRADO
TA01-S0005,2025-07-28,9,0.003333,0.01,0.04,RECTANGULAR_12H_ESTIMATED,147.081,38.087,21.363,1711.321,0.28,6.04557868265018e-10,0.09964,52.331,0.28859,92,134,31.80003,0,29.89251,17.04445,477.0339,368.4979,1.2694,VIGILANCIA,58,4.517573e-9,NASA_POWER_POINT_DAILY_PRECTOTCORR,FEM2D_CST_PLANE_STRAIN_V1,TA01_ASSUMPTION_RANGE,FEM_2D_REAL_LINEAL_NO_CALIBRADO
TA01-S0005,2025-07-28,10,0.003333,0.013333,0.04,RECTANGULAR_12H_ESTIMATED,147.081,38.087,21.363,1711.321,0.28,6.04557868265018e-10,0.09964,52.331,0.28859,92,134,31.80002,0.00001,29.89251,17.04445,477.0339,368.4979,1.2694,VIGILANCIA,58,4.681367e-9,NASA_POWER_POINT_DAILY_PRECTOTCORR,FEM2D_CST_PLANE_STRAIN_V1,TA01_ASSUMPTION_RANGE,FEM_2D_REAL_LINEAL_NO_CALIBRADO
TA01-S0005,2025-07-28,11,0.003333,0.016667,0.04,RECTANGULAR_12H_ESTIMATED,147.081,38.087,21.363,1711.321,0.28,6.04557868265018e-10,0.09964,52.331,0.28859,92,134,31.80002,0.00001,29.89251,17.04445,477.034,368.4979,1.2694,VIGILANCIA,58,4.7499e-9,NASA_POWER_POINT_DAILY_PRECTOTCORR,FEM2D_CST_PLANE_STRAIN_V1,TA01_ASSUMPTION_RANGE,FEM_2D_REAL_LINEAL_NO_CALIBRADO
TA01-S0005,2025-07-28,12,0.003333,0.02,0.04,RECTANGULAR_12H_ESTIMATED,147.081,38.087,21.363,1711.321,0.28,6.04557868265018e-10,0.09964,52.331,0.28859,92,134,31.80002,0.00001,29.8925,17.04445,477.034,368.4979,1.2694,VIGILANCIA,58,4.525105e-9,NASA_POWER_POINT_DAILY_PRECTOTCORR,FEM2D_CST_PLANE_STRAIN_V1,TA01_ASSUMPTION_RANGE,FEM_2D_REAL_LINEAL_NO_CALIBRADO
TA01-S0005,2025-07-28,13,0.003333,0.023333,0.04,RECTANGULAR_12H_ESTIMATED,147.081,38.087,21.363,1711.321,0.28,6.04557868265018e-10,0.09964,52.331,0.28859,92,134,31.80002,0.00001,29.8925,17.04445,477.034,368.4979,1.2694,VIGILANCIA,58,4.534938e-9,NASA_POWER_POINT_DAILY_PRECTOTCORR,FEM2D_CST_PLANE_STRAIN_V1,TA01_ASSUMPTION_RANGE,FEM_2D_REAL_LINEAL_NO_CALIBRADO
TA01-S0005,2025-07-28,14,0.003333,0.026667,0.04,RECTANGULAR_12H_ESTIMATED,147.081,38.087,21.363,1711.321,0.28,6.04557868265018e-10,0.09964,52.331,0.28859,92,134,31.80002,0.00001,29.8925,17.04445,477.0341,368.4979,1.2694,VIGILANCIA,58,4.615282e-9,NASA_POWER_POINT_DAILY_PRECTOTCORR,FEM2D_CST_PLANE_STRAIN_V1,TA01_ASSUMPTION_RANGE,FEM_2D_REAL_LINEAL_NO_CALIBRADO
TA01-S0005,2025-07-28,15,0.003333,0.03,0.04,RECTANGULAR_12H_ESTIMATED,147.081,38.087,21.363,1711.321,0.28,6.04557868265018e-10,0.09964,52.331,0.28859,92,134,31.80002,0.00001,29.8925,17.04446,477.0341,368.4979,1.2694,VIGILANCIA,58,4.527288e-9,NASA_POWER_POINT_DAILY_PRECTOTCORR,FEM2D_CST_PLANE_STRAIN_V1,TA01_ASSUMPTION_RANGE,FEM_2D_REAL_LINEAL_NO_CALIBRADO
TA01-S0005,2025-07-28,16,0.003333,0.033333,0.04,RECTANGULAR_12H_ESTIMATED,147.081,38.087,21.363,1711.321,0.28,6.04557868265018e-10,0.09964,52.331,0.28859,92,134,31.80002,0.00002,29.8925,17.04446,477.0341,368.4979,1.2694,VIGILANCIA,58,4.584179e-9,NASA_POWER_POINT_DAILY_PRECTOTCORR,FEM2D_CST_PLANE_STRAIN_V1,TA01_ASSUMPTION_RANGE,FEM_2D_REAL_LINEAL_NO_CALIBRADO
TA01-S0005,2025-07-28,17,0.003333,0.036667,0.04,RECTANGULAR_12H_ESTIMATED,147.081,38.087,21.363,1711.321,0.28,6.04557868265018e-10,0.09964,52.331,0.28859,92,134,31.80002,0.00002,29.8925,17.04446,477.0342,368.4979,1.2694,VIGILANCIA,58,4.527881e-9,NASA_POWER_POINT_DAILY_PRECTOTCORR,FEM2D_CST_PLANE_STRAIN_V1,TA01_ASSUMPTION_RANGE,FEM_2D_REAL_LINEAL_NO_CALIBRADO
TA01-S0005,2025-07-28,18,0.003333,0.04,0.04,RECTANGULAR_12H_ESTIMATED,147.081,38.087,21.363,1711.321,0.28,6.04557868265018e-10,0.09964,52.331,0.28859,92,134,31.80002,0.00002,29.8925,17.04446,477.0342,368.4979,1.2694,VIGILANCIA,58,5.063753e-9,NASA_POWER_POINT_DAILY_PRECTOTCORR,FEM2D_CST_PLANE_STRAIN_V1,TA01_ASSUMPTION_RANGE,FEM_2D_REAL_LINEAL_NO_CALIBRADO
TA01-S0005,2025-07-28,19,0,0.04,0.04,RECTANGULAR_12H_ESTIMATED,147.081,38.087,21.363,1711.321,0.28,6.04557868265018e-10,0.09964,52.331,0.28859,92,134,31.80002,0.00002,29.8925,17.04446,477.0342,368.4979,1.2694,VIGILANCIA,58,5.063753e-9,NASA_POWER_POINT_DAILY_PRECTOTCORR,FEM2D_CST_PLANE_STRAIN_V1,TA01_ASSUMPTION_RANGE,FEM_2D_REAL_LINEAL_NO_CALIBRADO
TA01-S0005,2025-07-28,20,0,0.04,0.04,RECTANGULAR_12H_ESTIMATED,147.081,38.087,21.363,1711.321,0.28,6.04557868265018e-10,0.09964,52.331,0.28859,92,134,31.80002,0.00002,29.8925,17.04446,477.0342,368.4979,1.2694,VIGILANCIA,58,5.063753e-9,NASA_POWER_POINT_DAILY_PRECTOTCORR,FEM2D_CST_PLANE_STRAIN_V1,TA01_ASSUMPTION_RANGE,FEM_2D_REAL_LINEAL_NO_CALIBRADO
TA01-S0005,2025-07-28,21,0,0.04,0.04,RECTANGULAR_12H_ESTIMATED,147.081,38.087,21.363,1711.321,0.28,6.04557868265018e-10,0.09964,52.331,0.28859,92,134,31.80002,0.00002,29.8925,17.04446,477.0342,368.4979,1.2694,VIGILANCIA,58,5.063753e-9,NASA_POWER_POINT_DAILY_PRECTOTCORR,FEM2D_CST_PLANE_STRAIN_V1,TA01_ASSUMPTION_RANGE,FEM_2D_REAL_LINEAL_NO_CALIBRADO
TA01-S0005,2025-07-28,22,0,0.04,0.04,RECTANGULAR_12H_ESTIMATED,147.081,38.087,21.363,1711.321,0.28,6.04557868265018e-10,0.09964,52.331,0.28859,92,134,31.80002,0.00002,29.8925,17.04446,477.0342,368.4979,1.2694,VIGILANCIA,58,5.063753e-9,NASA_POWER_POINT_DAILY_PRECTOTCORR,FEM2D_CST_PLANE_STRAIN_V1,TA01_ASSUMPTION_RANGE,FEM_2D_REAL_LINEAL_NO_CALIBRADO
TA01-S0005,2025-07-28,23,0,0.04,0.04,RECTANGULAR_12H_ESTIMATED,147.081,38.087,21.363,1711.321,0.28,6.04557868265018e-10,0.09964,52.331,0.28859,92,134,31.80002,0.00002,29.8925,17.04446,477.0342,368.4979,1.2694,VIGILANCIA,58,5.063753e-9,NASA_POWER_POINT_DAILY_PRECTOTCORR,FEM2D_CST_PLANE_STRAIN_V1,TA01_ASSUMPTION_RANGE,FEM_2D_REAL_LINEAL_NO_CALIBRADO
TA01-S0005,2025-07-28,24,0,0.04,0.04,RECTANGULAR_12H_ESTIMATED,147.081,38.087,21.363,1711.321,0.28,6.04557868265018e-10,0.09964,52.331,0.28859,92,134,31.80002,0.00002,29.8925,17.04446,477.0342,368.4979,1.2694,VIGILANCIA,58,5.063753e-9,NASA_POWER_POINT_DAILY_PRECTOTCORR,FEM2D_CST_PLANE_STRAIN_V1,TA01_ASSUMPTION_RANGE,FEM_2D_REAL_LINEAL_NO_CALIBRADO
TA01-S0006,2023-04-09,1,0,0,0,RECTANGULAR_24H_ESTIMATED,236.556,30.853,22.126,525.395,0.28,6.624647292228494e-9,0.51389,64.194,0.32062,92,134,101.47008,0,96.73564,71.00944,593.4098,349.0478,1.5792,NORMAL,58,5.777907e-9,NASA_POWER_POINT_DAILY_PRECTOTCORR,FEM2D_CST_PLANE_STRAIN_V1,TA01_ASSUMPTION_RANGE,FEM_2D_REAL_LINEAL_NO_CALIBRADO
TA01-S0006,2023-04-09,2,0,0,0,RECTANGULAR_24H_ESTIMATED,236.556,30.853,22.126,525.395,0.28,6.624647292228494e-9,0.51389,64.194,0.32062,92,134,101.47008,0,96.73564,71.00944,593.4098,349.0478,1.5792,NORMAL,58,5.777907e-9,NASA_POWER_POINT_DAILY_PRECTOTCORR,FEM2D_CST_PLANE_STRAIN_V1,TA01_ASSUMPTION_RANGE,FEM_2D_REAL_LINEAL_NO_CALIBRADO
TA01-S0006,2023-04-09,3,0,0,0,RECTANGULAR_24H_ESTIMATED,236.556,30.853,22.126,525.395,0.28,6.624647292228494e-9,0.51389,64.194,0.32062,92,134,101.47008,0,96.73564,71.00944,593.4098,349.0478,1.5792,NORMAL,58,5.777907e-9,NASA_POWER_POINT_DAILY_PRECTOTCORR,FEM2D_CST_PLANE_STRAIN_V1,TA01_ASSUMPTION_RANGE,FEM_2D_REAL_LINEAL_NO_CALIBRADO
TA01-S0006,2023-04-09,4,0,0,0,RECTANGULAR_24H_ESTIMATED,236.556,30.853,22.126,525.395,0.28,6.624647292228494e-9,0.51389,64.194,0.32062,92,134,101.47008,0,96.73564,71.00944,593.4098,349.0478,1.5792,NORMAL,58,5.777907e-9,NASA_POWER_POINT_DAILY_PRECTOTCORR,FEM2D_CST_PLANE_STRAIN_V1,TA01_ASSUMPTION_RANGE,FEM_2D_REAL_LINEAL_NO_CALIBRADO
TA01-S0006,2023-04-09,5,0,0,0,RECTANGULAR_24H_ESTIMATED,236.556,30.853,22.126,525.395,0.28,6.624647292228494e-9,0.51389,64.194,0.32062,92,134,101.47008,0,96.73564,71.00944,593.4098,349.0478,1.5792,NORMAL,58,5.777907e-9,NASA_POWER_POINT_DAILY_PRECTOTCORR,FEM2D_CST_PLANE_STRAIN_V1,TA01_ASSUMPTION_RANGE,FEM_2D_REAL_LINEAL_NO_CALIBRADO
TA01-S0006,2023-04-09,6,0,0,0,RECTANGULAR_24H_ESTIMATED,236.556,30.853,22.126,525.395,0.28,6.624647292228494e-9,0.51389,64.194,0.32062,92,134,101.47008,0,96.73564,71.00944,593.4098,349.0478,1.5792,NORMAL,58,5.777907e-9,NASA_POWER_POINT_DAILY_PRECTOTCORR,FEM2D_CST_PLANE_STRAIN_V1,TA01_ASSUMPTION_RANGE,FEM_2D_REAL_LINEAL_NO_CALIBRADO
TA01-S0006,2023-04-09,7,0,0,0,RECTANGULAR_24H_ESTIMATED,236.556,30.853,22.126,525.395,0.28,6.624647292228494e-9,0.51389,64.194,0.32062,92,134,101.47008,0,96.73564,71.00944,593.4098,349.0478,1.5792,NORMAL,58,5.777907e-9,NASA_POWER_POINT_DAILY_PRECTOTCORR,FEM2D_CST_PLANE_STRAIN_V1,TA01_ASSUMPTION_RANGE,FEM_2D_REAL_LINEAL_NO_CALIBRADO
TA01-S0006,2023-04-09,8,0,0,0,RECTANGULAR_24H_ESTIMATED,236.556,30.853,22.126,525.395,0.28,6.624647292228494e-9,0.51389,64.194,0.32062,92,134,101.47008,0,96.73564,71.00944,593.4098,349.0478,1.5792,NORMAL,58,5.777907e-9,NASA_POWER_POINT_DAILY_PRECTOTCORR,FEM2D_CST_PLANE_STRAIN_V1,TA01_ASSUMPTION_RANGE,FEM_2D_REAL_LINEAL_NO_CALIBRADO
TA01-S0006,2023-04-09,9,0,0,0,RECTANGULAR_24H_ESTIMATED,236.556,30.853,22.126,525.395,0.28,6.624647292228494e-9,0.51389,64.194,0.32062,92,134,101.47008,0,96.73564,71.00944,593.4098,349.0478,1.5792,NORMAL,58,5.777907e-9,NASA_POWER_POINT_DAILY_PRECTOTCORR,FEM2D_CST_PLANE_STRAIN_V1,TA01_ASSUMPTION_RANGE,FEM_2D_REAL_LINEAL_NO_CALIBRADO
TA01-S0006,2023-04-09,10,0,0,0,RECTANGULAR_24H_ESTIMATED,236.556,30.853,22.126,525.395,0.28,6.624647292228494e-9,0.51389,64.194,0.32062,92,134,101.47008,0,96.73564,71.00944,593.4098,349.0478,1.5792,NORMAL,58,5.777907e-9,NASA_POWER_POINT_DAILY_PRECTOTCORR,FEM2D_CST_PLANE_STRAIN_V1,TA01_ASSUMPTION_RANGE,FEM_2D_REAL_LINEAL_NO_CALIBRADO
TA01-S0006,2023-04-09,11,0,0,0,RECTANGULAR_24H_ESTIMATED,236.556,30.853,22.126,525.395,0.28,6.624647292228494e-9,0.51389,64.194,0.32062,92,134,101.47008,0,96.73564,71.00944,593.4098,349.0478,1.5792,NORMAL,58,5.777907e-9,NASA_POWER_POINT_DAILY_PRECTOTCORR,FEM2D_CST_PLANE_STRAIN_V1,TA01_ASSUMPTION_RANGE,FEM_2D_REAL_LINEAL_NO_CALIBRADO
TA01-S0006,2023-04-09,12,0,0,0,RECTANGULAR_24H_ESTIMATED,236.556,30.853,22.126,525.395,0.28,6.624647292228494e-9,0.51389,64.194,0.32062,92,134,101.47008,0,96.73564,71.00944,593.4098,349.0478,1.5792,NORMAL,58,5.777907e-9,NASA_POWER_POINT_DAILY_PRECTOTCORR,FEM2D_CST_PLANE_STRAIN_V1,TA01_ASSUMPTION_RANGE,FEM_2D_REAL_LINEAL_NO_CALIBRADO
TA01-S0006,2023-04-09,13,0,0,0,RECTANGULAR_24H_ESTIMATED,236.556,30.853,22.126,525.395,0.28,6.624647292228494e-9,0.51389,64.194,0.32062,92,134,101.47008,0,96.73564,71.00944,593.4098,349.0478,1.5792,NORMAL,58,5.777907e-9,NASA_POWER_POINT_DAILY_PRECTOTCORR,FEM2D_CST_PLANE_STRAIN_V1,TA01_ASSUMPTION_RANGE,FEM_2D_REAL_LINEAL_NO_CALIBRADO
TA01-S0006,2023-04-09,14,0,0,0,RECTANGULAR_24H_ESTIMATED,236.556,30.853,22.126,525.395,0.28,6.624647292228494e-9,0.51389,64.194,0.32062,92,134,101.47008,0,96.73564,71.00944,593.4098,349.0478,1.5792,NORMAL,58,5.777907e-9,NASA_POWER_POINT_DAILY_PRECTOTCORR,FEM2D_CST_PLANE_STRAIN_V1,TA01_ASSUMPTION_RANGE,FEM_2D_REAL_LINEAL_NO_CALIBRADO
TA01-S0006,2023-04-09,15,0,0,0,RECTANGULAR_24H_ESTIMATED,236.556,30.853,22.126,525.395,0.28,6.624647292228494e-9,0.51389,64.194,0.32062,92,134,101.47008,0,96.73564,71.00944,593.4098,349.0478,1.5792,NORMAL,58,5.777907e-9,NASA_POWER_POINT_DAILY_PRECTOTCORR,FEM2D_CST_PLANE_STRAIN_V1,TA01_ASSUMPTION_RANGE,FEM_2D_REAL_LINEAL_NO_CALIBRADO
TA01-S0006,2023-04-09,16,0,0,0,RECTANGULAR_24H_ESTIMATED,236.556,30.853,22.126,525.395,0.28,6.624647292228494e-9,0.51389,64.194,0.32062,92,134,101.47008,0,96.73564,71.00944,593.4098,349.0478,1.5792,NORMAL,58,5.777907e-9,NASA_POWER_POINT_DAILY_PRECTOTCORR,FEM2D_CST_PLANE_STRAIN_V1,TA01_ASSUMPTION_RANGE,FEM_2D_REAL_LINEAL_NO_CALIBRADO
TA01-S0006,2023-04-09,17,0,0,0,RECTANGULAR_24H_ESTIMATED,236.556,30.853,22.126,525.395,0.28,6.624647292228494e-9,0.51389,64.194,0.32062,92,134,101.47008,0,96.73564,71.00944,593.4098,349.0478,1.5792,NORMAL,58,5.777907e-9,NASA_POWER_POINT_DAILY_PRECTOTCORR,FEM2D_CST_PLANE_STRAIN_V1,TA01_ASSUMPTION_RANGE,FEM_2D_REAL_LINEAL_NO_CALIBRADO
TA01-S0006,2023-04-09,18,0,0,0,RECTANGULAR_24H_ESTIMATED,236.556,30.853,22.126,525.395,0.28,6.624647292228494e-9,0.51389,64.194,0.32062,92,134,101.47008,0,96.73564,71.00944,593.4098,349.0478,1.5792,NORMAL,58,5.777907e-9,NASA_POWER_POINT_DAILY_PRECTOTCORR,FEM2D_CST_PLANE_STRAIN_V1,TA01_ASSUMPTION_RANGE,FEM_2D_REAL_LINEAL_NO_CALIBRADO
TA01-S0006,2023-04-09,19,0,0,0,RECTANGULAR_24H_ESTIMATED,236.556,30.853,22.126,525.395,0.28,6.624647292228494e-9,0.51389,64.194,0.32062,92,134,101.47008,0,96.73564,71.00944,593.4098,349.0478,1.5792,NORMAL,58,5.777907e-9,NASA_POWER_POINT_DAILY_PRECTOTCORR,FEM2D_CST_PLANE_STRAIN_V1,TA01_ASSUMPTION_RANGE,FEM_2D_REAL_LINEAL_NO_CALIBRADO
TA01-S0006,2023-04-09,20,0,0,0,RECTANGULAR_24H_ESTIMATED,236.556,30.853,22.126,525.395,0.28,6.624647292228494e-9,0.51389,64.194,0.32062,92,134,101.47008,0,96.73564,71.00944,593.4098,349.0478,1.5792,NORMAL,58,5.777907e-9,NASA_POWER_POINT_DAILY_PRECTOTCORR,FEM2D_CST_PLANE_STRAIN_V1,TA01_ASSUMPTION_RANGE,FEM_2D_REAL_LINEAL_NO_CALIBRADO
TA01-S0006,2023-04-09,21,0,0,0,RECTANGULAR_24H_ESTIMATED,236.556,30.853,22.126,525.395,0.28,6.624647292228494e-9,0.51389,64.194,0.32062,92,134,101.47008,0,96.73564,71.00944,593.4098,349.0478,1.5792,NORMAL,58,5.777907e-9,NASA_POWER_POINT_DAILY_PRECTOTCORR,FEM2D_CST_PLANE_STRAIN_V1,TA01_ASSUMPTION_RANGE,FEM_2D_REAL_LINEAL_NO_CALIBRADO
TA01-S0006,2023-04-09,22,0,0,0,RECTANGULAR_24H_ESTIMATED,236.556,30.853,22.126,525.395,0.28,6.624647292228494e-9,0.51389,64.194,0.32062,92,134,101.47008,0,96.73564,71.00944,593.4098,349.0478,1.5792,NORMAL,58,5.777907e-9,NASA_POWER_POINT_DAILY_PRECTOTCORR,FEM2D_CST_PLANE_STRAIN_V1,TA01_ASSUMPTION_RANGE,FEM_2D_REAL_LINEAL_NO_CALIBRADO
TA01-S0006,2023-04-09,23,0,0,0,RECTANGULAR_24H_ESTIMATED,236.556,30.853,22.126,525.395,0.28,6.624647292228494e-9,0.51389,64.194,0.32062,92,134,101.47008,0,96.73564,71.00944,593.4098,349.0478,1.5792,NORMAL,58,5.777907e-9,NASA_POWER_POINT_DAILY_PRECTOTCORR,FEM2D_CST_PLANE_STRAIN_V1,TA01_ASSUMPTION_RANGE,FEM_2D_REAL_LINEAL_NO_CALIBRADO
TA01-S0006,2023-04-09,24,0,0,0,RECTANGULAR_24H_ESTIMATED,236.556,30.853,22.126,525.395,0.28,6.624647292228494e-9,0.51389,64.194,0.32062,92,134,101.47008,0,96.73564,71.00944,593.4098,349.0478,1.5792,NORMAL,58,5.777907e-9,NASA_POWER_POINT_DAILY_PRECTOTCORR,FEM2D_CST_PLANE_STRAIN_V1,TA01_ASSUMPTION_RANGE,FEM_2D_REAL_LINEAL_NO_CALIBRADO
TA01-S0007,2025-08-03,1,0.000417,0.000417,0.01,RECTANGULAR_24H_ESTIMATED,123.005,29.722,25.497,694.827,0.28,1.0979167143745861e-8,0.10697,40.245,0.18675,92,134,97.59775,0,91.39469,35.92306,358.4701,495.5436,1.0345,ALERTA,57,5.635174e-9,NASA_POWER_POINT_DAILY_PRECTOTCORR,FEM2D_CST_PLANE_STRAIN_V1,TA01_ASSUMPTION_RANGE,FEM_2D_REAL_LINEAL_NO_CALIBRADO
TA01-S0007,2025-08-03,2,0.000417,0.000833,0.01,RECTANGULAR_24H_ESTIMATED,123.005,29.722,25.497,694.827,0.28,1.0979167143745861e-8,0.10697,40.245,0.18675,92,134,97.59775,0,91.39469,35.92306,358.4701,495.5436,1.0345,ALERTA,57,5.634024e-9,NASA_POWER_POINT_DAILY_PRECTOTCORR,FEM2D_CST_PLANE_STRAIN_V1,TA01_ASSUMPTION_RANGE,FEM_2D_REAL_LINEAL_NO_CALIBRADO
TA01-S0007,2025-08-03,3,0.000417,0.00125,0.01,RECTANGULAR_24H_ESTIMATED,123.005,29.722,25.497,694.827,0.28,1.0979167143745861e-8,0.10697,40.245,0.18675,92,134,97.59775,0,91.39469,35.92306,358.4701,495.5436,1.0345,ALERTA,57,5.641441e-9,NASA_POWER_POINT_DAILY_PRECTOTCORR,FEM2D_CST_PLANE_STRAIN_V1,TA01_ASSUMPTION_RANGE,FEM_2D_REAL_LINEAL_NO_CALIBRADO
TA01-S0007,2025-08-03,4,0.000417,0.001667,0.01,RECTANGULAR_24H_ESTIMATED,123.005,29.722,25.497,694.827,0.28,1.0979167143745861e-8,0.10697,40.245,0.18675,92,134,97.59775,0,91.39469,35.92306,358.4702,495.5436,1.0345,ALERTA,57,5.63513e-9,NASA_POWER_POINT_DAILY_PRECTOTCORR,FEM2D_CST_PLANE_STRAIN_V1,TA01_ASSUMPTION_RANGE,FEM_2D_REAL_LINEAL_NO_CALIBRADO
TA01-S0007,2025-08-03,5,0.000417,0.002083,0.01,RECTANGULAR_24H_ESTIMATED,123.005,29.722,25.497,694.827,0.28,1.0979167143745861e-8,0.10697,40.245,0.18675,92,134,97.59775,0,91.39469,35.92307,358.4702,495.5436,1.0345,ALERTA,57,5.641415e-9,NASA_POWER_POINT_DAILY_PRECTOTCORR,FEM2D_CST_PLANE_STRAIN_V1,TA01_ASSUMPTION_RANGE,FEM_2D_REAL_LINEAL_NO_CALIBRADO
TA01-S0007,2025-08-03,6,0.000417,0.0025,0.01,RECTANGULAR_24H_ESTIMATED,123.005,29.722,25.497,694.827,0.28,1.0979167143745861e-8,0.10697,40.245,0.18675,92,134,97.59775,0.00001,91.39468,35.92307,358.4702,495.5436,1.0345,ALERTA,57,5.633676e-9,NASA_POWER_POINT_DAILY_PRECTOTCORR,FEM2D_CST_PLANE_STRAIN_V1,TA01_ASSUMPTION_RANGE,FEM_2D_REAL_LINEAL_NO_CALIBRADO
TA01-S0007,2025-08-03,7,0.000417,0.002917,0.01,RECTANGULAR_24H_ESTIMATED,123.005,29.722,25.497,694.827,0.28,1.0979167143745861e-8,0.10697,40.245,0.18675,92,134,97.59775,0.00001,91.39468,35.92307,358.4702,495.5436,1.0345,ALERTA,57,5.640614e-9,NASA_POWER_POINT_DAILY_PRECTOTCORR,FEM2D_CST_PLANE_STRAIN_V1,TA01_ASSUMPTION_RANGE,FEM_2D_REAL_LINEAL_NO_CALIBRADO
TA01-S0007,2025-08-03,8,0.000417,0.003333,0.01,RECTANGULAR_24H_ESTIMATED,123.005,29.722,25.497,694.827,0.28,1.0979167143745861e-8,0.10697,40.245,0.18675,92,134,97.59774,0.00001,91.39468,35.92307,358.4702,495.5436,1.0345,ALERTA,57,5.635414e-9,NASA_POWER_POINT_DAILY_PRECTOTCORR,FEM2D_CST_PLANE_STRAIN_V1,TA01_ASSUMPTION_RANGE,FEM_2D_REAL_LINEAL_NO_CALIBRADO
TA01-S0007,2025-08-03,9,0.000417,0.00375,0.01,RECTANGULAR_24H_ESTIMATED,123.005,29.722,25.497,694.827,0.28,1.0979167143745861e-8,0.10697,40.245,0.18675,92,134,97.59774,0.00001,91.39468,35.92307,358.4702,495.5436,1.0345,ALERTA,57,5.633439e-9,NASA_POWER_POINT_DAILY_PRECTOTCORR,FEM2D_CST_PLANE_STRAIN_V1,TA01_ASSUMPTION_RANGE,FEM_2D_REAL_LINEAL_NO_CALIBRADO
TA01-S0007,2025-08-03,10,0.000417,0.004167,0.01,RECTANGULAR_24H_ESTIMATED,123.005,29.722,25.497,694.827,0.28,1.0979167143745861e-8,0.10697,40.245,0.18675,92,134,97.59774,0.00001,91.39468,35.92307,358.4702,495.5436,1.0345,ALERTA,57,5.651392e-9,NASA_POWER_POINT_DAILY_PRECTOTCORR,FEM2D_CST_PLANE_STRAIN_V1,TA01_ASSUMPTION_RANGE,FEM_2D_REAL_LINEAL_NO_CALIBRADO
TA01-S0007,2025-08-03,11,0.000417,0.004583,0.01,RECTANGULAR_24H_ESTIMATED,123.005,29.722,25.497,694.827,0.28,1.0979167143745861e-8,0.10697,40.245,0.18675,92,134,97.59774,0.00001,91.39468,35.92307,358.4702,495.5436,1.0345,ALERTA,57,5.646882e-9,NASA_POWER_POINT_DAILY_PRECTOTCORR,FEM2D_CST_PLANE_STRAIN_V1,TA01_ASSUMPTION_RANGE,FEM_2D_REAL_LINEAL_NO_CALIBRADO
TA01-S0007,2025-08-03,12,0.000417,0.005,0.01,RECTANGULAR_24H_ESTIMATED,123.005,29.722,25.497,694.827,0.28,1.0979167143745861e-8,0.10697,40.245,0.18675,92,134,97.59774,0.00001,91.39468,35.92307,358.4702,495.5436,1.0345,ALERTA,57,5.634297e-9,NASA_POWER_POINT_DAILY_PRECTOTCORR,FEM2D_CST_PLANE_STRAIN_V1,TA01_ASSUMPTION_RANGE,FEM_2D_REAL_LINEAL_NO_CALIBRADO
TA01-S0007,2025-08-03,13,0.000417,0.005417,0.01,RECTANGULAR_24H_ESTIMATED,123.005,29.722,25.497,694.827,0.28,1.0979167143745861e-8,0.10697,40.245,0.18675,92,134,97.59774,0.00001,91.39468,35.92307,358.4702,495.5436,1.0345,ALERTA,57,5.656676e-9,NASA_POWER_POINT_DAILY_PRECTOTCORR,FEM2D_CST_PLANE_STRAIN_V1,TA01_ASSUMPTION_RANGE,FEM_2D_REAL_LINEAL_NO_CALIBRADO
TA01-S0007,2025-08-03,14,0.000417,0.005833,0.01,RECTANGULAR_24H_ESTIMATED,123.005,29.722,25.497,694.827,0.28,1.0979167143745861e-8,0.10697,40.245,0.18675,92,134,97.59774,0.00001,91.39468,35.92307,358.4702,495.5436,1.0345,ALERTA,57,5.643158e-9,NASA_POWER_POINT_DAILY_PRECTOTCORR,FEM2D_CST_PLANE_STRAIN_V1,TA01_ASSUMPTION_RANGE,FEM_2D_REAL_LINEAL_NO_CALIBRADO
TA01-S0007,2025-08-03,15,0.000417,0.00625,0.01,RECTANGULAR_24H_ESTIMATED,123.005,29.722,25.497,694.827,0.28,1.0979167143745861e-8,0.10697,40.245,0.18675,92,134,97.59774,0.00001,91.39468,35.92307,358.4703,495.5436,1.0345,ALERTA,57,5.652461e-9,NASA_POWER_POINT_DAILY_PRECTOTCORR,FEM2D_CST_PLANE_STRAIN_V1,TA01_ASSUMPTION_RANGE,FEM_2D_REAL_LINEAL_NO_CALIBRADO
TA01-S0007,2025-08-03,16,0.000417,0.006667,0.01,RECTANGULAR_24H_ESTIMATED,123.005,29.722,25.497,694.827,0.28,1.0979167143745861e-8,0.10697,40.245,0.18675,92,134,97.59774,0.00002,91.39468,35.92307,358.4703,495.5436,1.0345,ALERTA,57,5.65413e-9,NASA_POWER_POINT_DAILY_PRECTOTCORR,FEM2D_CST_PLANE_STRAIN_V1,TA01_ASSUMPTION_RANGE,FEM_2D_REAL_LINEAL_NO_CALIBRADO
TA01-S0007,2025-08-03,17,0.000417,0.007083,0.01,RECTANGULAR_24H_ESTIMATED,123.005,29.722,25.497,694.827,0.28,1.0979167143745861e-8,0.10697,40.245,0.18675,92,134,97.59774,0.00002,91.39468,35.92307,358.4703,495.5436,1.0345,ALERTA,57,5.638634e-9,NASA_POWER_POINT_DAILY_PRECTOTCORR,FEM2D_CST_PLANE_STRAIN_V1,TA01_ASSUMPTION_RANGE,FEM_2D_REAL_LINEAL_NO_CALIBRADO
TA01-S0007,2025-08-03,18,0.000417,0.0075,0.01,RECTANGULAR_24H_ESTIMATED,123.005,29.722,25.497,694.827,0.28,1.0979167143745861e-8,0.10697,40.245,0.18675,92,134,97.59774,0.00002,91.39468,35.92307,358.4703,495.5436,1.0345,ALERTA,56,9.194693e-9,NASA_POWER_POINT_DAILY_PRECTOTCORR,FEM2D_CST_PLANE_STRAIN_V1,TA01_ASSUMPTION_RANGE,FEM_2D_REAL_LINEAL_NO_CALIBRADO
TA01-S0007,2025-08-03,19,0.000417,0.007917,0.01,RECTANGULAR_24H_ESTIMATED,123.005,29.722,25.497,694.827,0.28,1.0979167143745861e-8,0.10697,40.245,0.18675,92,134,97.59774,0.00002,91.39468,35.92307,358.4703,495.5436,1.0345,ALERTA,57,5.64786e-9,NASA_POWER_POINT_DAILY_PRECTOTCORR,FEM2D_CST_PLANE_STRAIN_V1,TA01_ASSUMPTION_RANGE,FEM_2D_REAL_LINEAL_NO_CALIBRADO
TA01-S0007,2025-08-03,20,0.000417,0.008333,0.01,RECTANGULAR_24H_ESTIMATED,123.005,29.722,25.497,694.827,0.28,1.0979167143745861e-8,0.10697,40.245,0.18675,92,134,97.59774,0.00002,91.39468,35.92307,358.4703,495.5436,1.0345,ALERTA,57,5.634849e-9,NASA_POWER_POINT_DAILY_PRECTOTCORR,FEM2D_CST_PLANE_STRAIN_V1,TA01_ASSUMPTION_RANGE,FEM_2D_REAL_LINEAL_NO_CALIBRADO
TA01-S0007,2025-08-03,21,0.000417,0.00875,0.01,RECTANGULAR_24H_ESTIMATED,123.005,29.722,25.497,694.827,0.28,1.0979167143745861e-8,0.10697,40.245,0.18675,92,134,97.59774,0.00002,91.39468,35.92307,358.4703,495.5436,1.0345,ALERTA,57,5.638387e-9,NASA_POWER_POINT_DAILY_PRECTOTCORR,FEM2D_CST_PLANE_STRAIN_V1,TA01_ASSUMPTION_RANGE,FEM_2D_REAL_LINEAL_NO_CALIBRADO
TA01-S0007,2025-08-03,22,0.000417,0.009167,0.01,RECTANGULAR_24H_ESTIMATED,123.005,29.722,25.497,694.827,0.28,1.0979167143745861e-8,0.10697,40.245,0.18675,92,134,97.59774,0.00002,91.39468,35.92307,358.4703,495.5436,1.0345,ALERTA,57,5.644625e-9,NASA_POWER_POINT_DAILY_PRECTOTCORR,FEM2D_CST_PLANE_STRAIN_V1,TA01_ASSUMPTION_RANGE,FEM_2D_REAL_LINEAL_NO_CALIBRADO
TA01-S0007,2025-08-03,23,0.000417,0.009583,0.01,RECTANGULAR_24H_ESTIMATED,123.005,29.722,25.497,694.827,0.28,1.0979167143745861e-8,0.10697,40.245,0.18675,92,134,97.59774,0.00002,91.39468,35.92307,358.4703,495.5436,1.0345,ALERTA,57,5.636331e-9,NASA_POWER_POINT_DAILY_PRECTOTCORR,FEM2D_CST_PLANE_STRAIN_V1,TA01_ASSUMPTION_RANGE,FEM_2D_REAL_LINEAL_NO_CALIBRADO
TA01-S0007,2025-08-03,24,0.000417,0.01,0.01,RECTANGULAR_24H_ESTIMATED,123.005,29.722,25.497,694.827,0.28,1.0979167143745861e-8,0.10697,40.245,0.18675,92,134,97.59774,0.00002,91.39468,35.92307,358.4703,495.5436,1.0345,ALERTA,57,5.643287e-9,NASA_POWER_POINT_DAILY_PRECTOTCORR,FEM2D_CST_PLANE_STRAIN_V1,TA01_ASSUMPTION_RANGE,FEM_2D_REAL_LINEAL_NO_CALIBRADO
TA01-S0008,2020-04-07,1,0,0,0,RECTANGULAR_24H_ESTIMATED,187.479,36.768,20.384,1865.171,0.28,4.6948729615681803e-7,0.78535,17.741,0.34936,92,134,29.87592,0,27.98061,9.07109,137.7059,424.7046,1.7226,NORMAL,56,8.321585e-9,NASA_POWER_POINT_DAILY_PRECTOTCORR,FEM2D_CST_PLANE_STRAIN_V1,TA01_ASSUMPTION_RANGE,FEM_2D_REAL_LINEAL_NO_CALIBRADO
TA01-S0008,2020-04-07,2,0,0,0,RECTANGULAR_24H_ESTIMATED,187.479,36.768,20.384,1865.171,0.28,4.6948729615681803e-7,0.78535,17.741,0.34936,92,134,29.87592,0,27.98061,9.07109,137.7059,424.7046,1.7226,NORMAL,56,8.321585e-9,NASA_POWER_POINT_DAILY_PRECTOTCORR,FEM2D_CST_PLANE_STRAIN_V1,TA01_ASSUMPTION_RANGE,FEM_2D_REAL_LINEAL_NO_CALIBRADO
TA01-S0008,2020-04-07,3,0,0,0,RECTANGULAR_24H_ESTIMATED,187.479,36.768,20.384,1865.171,0.28,4.6948729615681803e-7,0.78535,17.741,0.34936,92,134,29.87592,0,27.98061,9.07109,137.7059,424.7046,1.7226,NORMAL,56,8.321585e-9,NASA_POWER_POINT_DAILY_PRECTOTCORR,FEM2D_CST_PLANE_STRAIN_V1,TA01_ASSUMPTION_RANGE,FEM_2D_REAL_LINEAL_NO_CALIBRADO
TA01-S0008,2020-04-07,4,0,0,0,RECTANGULAR_24H_ESTIMATED,187.479,36.768,20.384,1865.171,0.28,4.6948729615681803e-7,0.78535,17.741,0.34936,92,134,29.87592,0,27.98061,9.07109,137.7059,424.7046,1.7226,NORMAL,56,8.321585e-9,NASA_POWER_POINT_DAILY_PRECTOTCORR,FEM2D_CST_PLANE_STRAIN_V1,TA01_ASSUMPTION_RANGE,FEM_2D_REAL_LINEAL_NO_CALIBRADO
TA01-S0008,2020-04-07,5,0,0,0,RECTANGULAR_24H_ESTIMATED,187.479,36.768,20.384,1865.171,0.28,4.6948729615681803e-7,0.78535,17.741,0.34936,92,134,29.87592,0,27.98061,9.07109,137.7059,424.7046,1.7226,NORMAL,56,8.321585e-9,NASA_POWER_POINT_DAILY_PRECTOTCORR,FEM2D_CST_PLANE_STRAIN_V1,TA01_ASSUMPTION_RANGE,FEM_2D_REAL_LINEAL_NO_CALIBRADO
TA01-S0008,2020-04-07,6,0,0,0,RECTANGULAR_24H_ESTIMATED,187.479,36.768,20.384,1865.171,0.28,4.6948729615681803e-7,0.78535,17.741,0.34936,92,134,29.87592,0,27.98061,9.07109,137.7059,424.7046,1.7226,NORMAL,56,8.321585e-9,NASA_POWER_POINT_DAILY_PRECTOTCORR,FEM2D_CST_PLANE_STRAIN_V1,TA01_ASSUMPTION_RANGE,FEM_2D_REAL_LINEAL_NO_CALIBRADO
TA01-S0008,2020-04-07,7,0,0,0,RECTANGULAR_24H_ESTIMATED,187.479,36.768,20.384,1865.171,0.28,4.6948729615681803e-7,0.78535,17.741,0.34936,92,134,29.87592,0,27.98061,9.07109,137.7059,424.7046,1.7226,NORMAL,56,8.321585e-9,NASA_POWER_POINT_DAILY_PRECTOTCORR,FEM2D_CST_PLANE_STRAIN_V1,TA01_ASSUMPTION_RANGE,FEM_2D_REAL_LINEAL_NO_CALIBRADO
TA01-S0008,2020-04-07,8,0,0,0,RECTANGULAR_24H_ESTIMATED,187.479,36.768,20.384,1865.171,0.28,4.6948729615681803e-7,0.78535,17.741,0.34936,92,134,29.87592,0,27.98061,9.07109,137.7059,424.7046,1.7226,NORMAL,56,8.321585e-9,NASA_POWER_POINT_DAILY_PRECTOTCORR,FEM2D_CST_PLANE_STRAIN_V1,TA01_ASSUMPTION_RANGE,FEM_2D_REAL_LINEAL_NO_CALIBRADO
TA01-S0008,2020-04-07,9,0,0,0,RECTANGULAR_24H_ESTIMATED,187.479,36.768,20.384,1865.171,0.28,4.6948729615681803e-7,0.78535,17.741,0.34936,92,134,29.87592,0,27.98061,9.07109,137.7059,424.7046,1.7226,NORMAL,56,8.321585e-9,NASA_POWER_POINT_DAILY_PRECTOTCORR,FEM2D_CST_PLANE_STRAIN_V1,TA01_ASSUMPTION_RANGE,FEM_2D_REAL_LINEAL_NO_CALIBRADO
TA01-S0008,2020-04-07,10,0,0,0,RECTANGULAR_24H_ESTIMATED,187.479,36.768,20.384,1865.171,0.28,4.6948729615681803e-7,0.78535,17.741,0.34936,92,134,29.87592,0,27.98061,9.07109,137.7059,424.7046,1.7226,NORMAL,56,8.321585e-9,NASA_POWER_POINT_DAILY_PRECTOTCORR,FEM2D_CST_PLANE_STRAIN_V1,TA01_ASSUMPTION_RANGE,FEM_2D_REAL_LINEAL_NO_CALIBRADO
TA01-S0008,2020-04-07,11,0,0,0,RECTANGULAR_24H_ESTIMATED,187.479,36.768,20.384,1865.171,0.28,4.6948729615681803e-7,0.78535,17.741,0.34936,92,134,29.87592,0,27.98061,9.07109,137.7059,424.7046,1.7226,NORMAL,56,8.321585e-9,NASA_POWER_POINT_DAILY_PRECTOTCORR,FEM2D_CST_PLANE_STRAIN_V1,TA01_ASSUMPTION_RANGE,FEM_2D_REAL_LINEAL_NO_CALIBRADO
TA01-S0008,2020-04-07,12,0,0,0,RECTANGULAR_24H_ESTIMATED,187.479,36.768,20.384,1865.171,0.28,4.6948729615681803e-7,0.78535,17.741,0.34936,92,134,29.87592,0,27.98061,9.07109,137.7059,424.7046,1.7226,NORMAL,56,8.321585e-9,NASA_POWER_POINT_DAILY_PRECTOTCORR,FEM2D_CST_PLANE_STRAIN_V1,TA01_ASSUMPTION_RANGE,FEM_2D_REAL_LINEAL_NO_CALIBRADO
TA01-S0008,2020-04-07,13,0,0,0,RECTANGULAR_24H_ESTIMATED,187.479,36.768,20.384,1865.171,0.28,4.6948729615681803e-7,0.78535,17.741,0.34936,92,134,29.87592,0,27.98061,9.07109,137.7059,424.7046,1.7226,NORMAL,56,8.321585e-9,NASA_POWER_POINT_DAILY_PRECTOTCORR,FEM2D_CST_PLANE_STRAIN_V1,TA01_ASSUMPTION_RANGE,FEM_2D_REAL_LINEAL_NO_CALIBRADO
TA01-S0008,2020-04-07,14,0,0,0,RECTANGULAR_24H_ESTIMATED,187.479,36.768,20.384,1865.171,0.28,4.6948729615681803e-7,0.78535,17.741,0.34936,92,134,29.87592,0,27.98061,9.07109,137.7059,424.7046,1.7226,NORMAL,56,8.321585e-9,NASA_POWER_POINT_DAILY_PRECTOTCORR,FEM2D_CST_PLANE_STRAIN_V1,TA01_ASSUMPTION_RANGE,FEM_2D_REAL_LINEAL_NO_CALIBRADO
TA01-S0008,2020-04-07,15,0,0,0,RECTANGULAR_24H_ESTIMATED,187.479,36.768,20.384,1865.171,0.28,4.6948729615681803e-7,0.78535,17.741,0.34936,92,134,29.87592,0,27.98061,9.07109,137.7059,424.7046,1.7226,NORMAL,56,8.321585e-9,NASA_POWER_POINT_DAILY_PRECTOTCORR,FEM2D_CST_PLANE_STRAIN_V1,TA01_ASSUMPTION_RANGE,FEM_2D_REAL_LINEAL_NO_CALIBRADO
TA01-S0008,2020-04-07,16,0,0,0,RECTANGULAR_24H_ESTIMATED,187.479,36.768,20.384,1865.171,0.28,4.6948729615681803e-7,0.78535,17.741,0.34936,92,134,29.87592,0,27.98061,9.07109,137.7059,424.7046,1.7226,NORMAL,56,8.321585e-9,NASA_POWER_POINT_DAILY_PRECTOTCORR,FEM2D_CST_PLANE_STRAIN_V1,TA01_ASSUMPTION_RANGE,FEM_2D_REAL_LINEAL_NO_CALIBRADO
TA01-S0008,2020-04-07,17,0,0,0,RECTANGULAR_24H_ESTIMATED,187.479,36.768,20.384,1865.171,0.28,4.6948729615681803e-7,0.78535,17.741,0.34936,92,134,29.87592,0,27.98061,9.07109,137.7059,424.7046,1.7226,NORMAL,56,8.321585e-9,NASA_POWER_POINT_DAILY_PRECTOTCORR,FEM2D_CST_PLANE_STRAIN_V1,TA01_ASSUMPTION_RANGE,FEM_2D_REAL_LINEAL_NO_CALIBRADO
TA01-S0008,2020-04-07,18,0,0,0,RECTANGULAR_24H_ESTIMATED,187.479,36.768,20.384,1865.171,0.28,4.6948729615681803e-7,0.78535,17.741,0.34936,92,134,29.87592,0,27.98061,9.07109,137.7059,424.7046,1.7226,NORMAL,56,8.321585e-9,NASA_POWER_POINT_DAILY_PRECTOTCORR,FEM2D_CST_PLANE_STRAIN_V1,TA01_ASSUMPTION_RANGE,FEM_2D_REAL_LINEAL_NO_CALIBRADO
TA01-S0008,2020-04-07,19,0,0,0,RECTANGULAR_24H_ESTIMATED,187.479,36.768,20.384,1865.171,0.28,4.6948729615681803e-7,0.78535,17.741,0.34936,92,134,29.87592,0,27.98061,9.07109,137.7059,424.7046,1.7226,NORMAL,56,8.321585e-9,NASA_POWER_POINT_DAILY_PRECTOTCORR,FEM2D_CST_PLANE_STRAIN_V1,TA01_ASSUMPTION_RANGE,FEM_2D_REAL_LINEAL_NO_CALIBRADO
TA01-S0008,2020-04-07,20,0,0,0,RECTANGULAR_24H_ESTIMATED,187.479,36.768,20.384,1865.171,0.28,4.6948729615681803e-7,0.78535,17.741,0.34936,92,134,29.87592,0,27.98061,9.07109,137.7059,424.7046,1.7226,NORMAL,56,8.321585e-9,NASA_POWER_POINT_DAILY_PRECTOTCORR,FEM2D_CST_PLANE_STRAIN_V1,TA01_ASSUMPTION_RANGE,FEM_2D_REAL_LINEAL_NO_CALIBRADO
TA01-S0008,2020-04-07,21,0,0,0,RECTANGULAR_24H_ESTIMATED,187.479,36.768,20.384,1865.171,0.28,4.6948729615681803e-7,0.78535,17.741,0.34936,92,134,29.87592,0,27.98061,9.07109,137.7059,424.7046,1.7226,NORMAL,56,8.321585e-9,NASA_POWER_POINT_DAILY_PRECTOTCORR,FEM2D_CST_PLANE_STRAIN_V1,TA01_ASSUMPTION_RANGE,FEM_2D_REAL_LINEAL_NO_CALIBRADO
TA01-S0008,2020-04-07,22,0,0,0,RECTANGULAR_24H_ESTIMATED,187.479,36.768,20.384,1865.171,0.28,4.6948729615681803e-7,0.78535,17.741,0.34936,92,134,29.87592,0,27.98061,9.07109,137.7059,424.7046,1.7226,NORMAL,56,8.321585e-9,NASA_POWER_POINT_DAILY_PRECTOTCORR,FEM2D_CST_PLANE_STRAIN_V1,TA01_ASSUMPTION_RANGE,FEM_2D_REAL_LINEAL_NO_CALIBRADO
TA01-S0008,2020-04-07,23,0,0,0,RECTANGULAR_24H_ESTIMATED,187.479,36.768,20.384,1865.171,0.28,4.6948729615681803e-7,0.78535,17.741,0.34936,92,134,29.87592,0,27.98061,9.07109,137.7059,424.7046,1.7226,NORMAL,56,8.321585e-9,NASA_POWER_POINT_DAILY_PRECTOTCORR,FEM2D_CST_PLANE_STRAIN_V1,TA01_ASSUMPTION_RANGE,FEM_2D_REAL_LINEAL_NO_CALIBRADO
TA01-S0008,2020-04-07,24,0,0,0,RECTANGULAR_24H_ESTIMATED,187.479,36.768,20.384,1865.171,0.28,4.6948729615681803e-7,0.78535,17.741,0.34936,92,134,29.87592,0,27.98061,9.07109,137.7059,424.7046,1.7226,NORMAL,56,8.321585e-9,NASA_POWER_POINT_DAILY_PRECTOTCORR,FEM2D_CST_PLANE_STRAIN_V1,TA01_ASSUMPTION_RANGE,FEM_2D_REAL_LINEAL_NO_CALIBRADO
TA01-S0009,2021-03-28,1,0,0,0.69,RECTANGULAR_6H_ESTIMATED,104.939,35.188,22.499,2481.757,0.28,1.4567686758570402e-7,0.32046,15.417,0.13678,92,134,24.84632,0,23.27207,8.15596,114.9074,474.2683,1.1933,VIGILANCIA,56,6.952158e-9,NASA_POWER_POINT_DAILY_PRECTOTCORR,FEM2D_CST_PLANE_STRAIN_V1,TA01_ASSUMPTION_RANGE,FEM_2D_REAL_LINEAL_NO_CALIBRADO
TA01-S0009,2021-03-28,2,0,0,0.69,RECTANGULAR_6H_ESTIMATED,104.939,35.188,22.499,2481.757,0.28,1.4567686758570402e-7,0.32046,15.417,0.13678,92,134,24.84632,0,23.27207,8.15596,114.9074,474.2683,1.1933,VIGILANCIA,56,6.952158e-9,NASA_POWER_POINT_DAILY_PRECTOTCORR,FEM2D_CST_PLANE_STRAIN_V1,TA01_ASSUMPTION_RANGE,FEM_2D_REAL_LINEAL_NO_CALIBRADO
TA01-S0009,2021-03-28,3,0,0,0.69,RECTANGULAR_6H_ESTIMATED,104.939,35.188,22.499,2481.757,0.28,1.4567686758570402e-7,0.32046,15.417,0.13678,92,134,24.84632,0,23.27207,8.15596,114.9074,474.2683,1.1933,VIGILANCIA,56,6.952158e-9,NASA_POWER_POINT_DAILY_PRECTOTCORR,FEM2D_CST_PLANE_STRAIN_V1,TA01_ASSUMPTION_RANGE,FEM_2D_REAL_LINEAL_NO_CALIBRADO
TA01-S0009,2021-03-28,4,0,0,0.69,RECTANGULAR_6H_ESTIMATED,104.939,35.188,22.499,2481.757,0.28,1.4567686758570402e-7,0.32046,15.417,0.13678,92,134,24.84632,0,23.27207,8.15596,114.9074,474.2683,1.1933,VIGILANCIA,56,6.952158e-9,NASA_POWER_POINT_DAILY_PRECTOTCORR,FEM2D_CST_PLANE_STRAIN_V1,TA01_ASSUMPTION_RANGE,FEM_2D_REAL_LINEAL_NO_CALIBRADO
TA01-S0009,2021-03-28,5,0,0,0.69,RECTANGULAR_6H_ESTIMATED,104.939,35.188,22.499,2481.757,0.28,1.4567686758570402e-7,0.32046,15.417,0.13678,92,134,24.84632,0,23.27207,8.15596,114.9074,474.2683,1.1933,VIGILANCIA,56,6.952158e-9,NASA_POWER_POINT_DAILY_PRECTOTCORR,FEM2D_CST_PLANE_STRAIN_V1,TA01_ASSUMPTION_RANGE,FEM_2D_REAL_LINEAL_NO_CALIBRADO
TA01-S0009,2021-03-28,6,0,0,0.69,RECTANGULAR_6H_ESTIMATED,104.939,35.188,22.499,2481.757,0.28,1.4567686758570402e-7,0.32046,15.417,0.13678,92,134,24.84632,0,23.27207,8.15596,114.9074,474.2683,1.1933,VIGILANCIA,56,6.952158e-9,NASA_POWER_POINT_DAILY_PRECTOTCORR,FEM2D_CST_PLANE_STRAIN_V1,TA01_ASSUMPTION_RANGE,FEM_2D_REAL_LINEAL_NO_CALIBRADO
TA01-S0009,2021-03-28,7,0,0,0.69,RECTANGULAR_6H_ESTIMATED,104.939,35.188,22.499,2481.757,0.28,1.4567686758570402e-7,0.32046,15.417,0.13678,92,134,24.84632,0,23.27207,8.15596,114.9074,474.2683,1.1933,VIGILANCIA,56,6.952158e-9,NASA_POWER_POINT_DAILY_PRECTOTCORR,FEM2D_CST_PLANE_STRAIN_V1,TA01_ASSUMPTION_RANGE,FEM_2D_REAL_LINEAL_NO_CALIBRADO
TA01-S0009,2021-03-28,8,0,0,0.69,RECTANGULAR_6H_ESTIMATED,104.939,35.188,22.499,2481.757,0.28,1.4567686758570402e-7,0.32046,15.417,0.13678,92,134,24.84632,0,23.27207,8.15596,114.9074,474.2683,1.1933,VIGILANCIA,56,6.952158e-9,NASA_POWER_POINT_DAILY_PRECTOTCORR,FEM2D_CST_PLANE_STRAIN_V1,TA01_ASSUMPTION_RANGE,FEM_2D_REAL_LINEAL_NO_CALIBRADO
TA01-S0009,2021-03-28,9,0,0,0.69,RECTANGULAR_6H_ESTIMATED,104.939,35.188,22.499,2481.757,0.28,1.4567686758570402e-7,0.32046,15.417,0.13678,92,134,24.84632,0,23.27207,8.15596,114.9074,474.2683,1.1933,VIGILANCIA,56,6.952158e-9,NASA_POWER_POINT_DAILY_PRECTOTCORR,FEM2D_CST_PLANE_STRAIN_V1,TA01_ASSUMPTION_RANGE,FEM_2D_REAL_LINEAL_NO_CALIBRADO
TA01-S0009,2021-03-28,10,0.115,0.115,0.69,RECTANGULAR_6H_ESTIMATED,104.939,35.188,22.499,2481.757,0.28,1.4567686758570402e-7,0.32046,15.417,0.13678,92,134,24.84627,0.00009,23.27202,8.15596,114.9106,474.2679,1.1932,VIGILANCIA,56,6.932073e-9,NASA_POWER_POINT_DAILY_PRECTOTCORR,FEM2D_CST_PLANE_STRAIN_V1,TA01_ASSUMPTION_RANGE,FEM_2D_REAL_LINEAL_NO_CALIBRADO
TA01-S0009,2021-03-28,11,0.115,0.23,0.69,RECTANGULAR_6H_ESTIMATED,104.939,35.188,22.499,2481.757,0.28,1.4567686758570402e-7,0.32046,15.417,0.13678,92,134,24.84621,0.00018,23.27197,8.15596,114.9138,474.2675,1.1932,VIGILANCIA,56,7.010871e-9,NASA_POWER_POINT_DAILY_PRECTOTCORR,FEM2D_CST_PLANE_STRAIN_V1,TA01_ASSUMPTION_RANGE,FEM_2D_REAL_LINEAL_NO_CALIBRADO
TA01-S0009,2021-03-28,12,0.115,0.345,0.69,RECTANGULAR_6H_ESTIMATED,104.939,35.188,22.499,2481.757,0.28,1.4567686758570402e-7,0.32046,15.417,0.13678,92,134,24.84615,0.00028,23.27192,8.15597,114.917,474.267,1.1932,VIGILANCIA,56,6.937517e-9,NASA_POWER_POINT_DAILY_PRECTOTCORR,FEM2D_CST_PLANE_STRAIN_V1,TA01_ASSUMPTION_RANGE,FEM_2D_REAL_LINEAL_NO_CALIBRADO
TA01-S0009,2021-03-28,13,0.115,0.46,0.69,RECTANGULAR_6H_ESTIMATED,104.939,35.188,22.499,2481.757,0.28,1.4567686758570402e-7,0.32046,15.417,0.13678,92,134,24.8461,0.00037,23.27187,8.15597,114.9202,474.2666,1.1932,VIGILANCIA,56,6.937774e-9,NASA_POWER_POINT_DAILY_PRECTOTCORR,FEM2D_CST_PLANE_STRAIN_V1,TA01_ASSUMPTION_RANGE,FEM_2D_REAL_LINEAL_NO_CALIBRADO
TA01-S0009,2021-03-28,14,0.115,0.575,0.69,RECTANGULAR_6H_ESTIMATED,104.939,35.188,22.499,2481.757,0.28,1.4567686758570402e-7,0.32046,15.417,0.13678,92,134,24.84604,0.00046,23.27182,8.15597,114.9233,474.2662,1.1932,VIGILANCIA,56,6.929921e-9,NASA_POWER_POINT_DAILY_PRECTOTCORR,FEM2D_CST_PLANE_STRAIN_V1,TA01_ASSUMPTION_RANGE,FEM_2D_REAL_LINEAL_NO_CALIBRADO
TA01-S0009,2021-03-28,15,0.115,0.69,0.69,RECTANGULAR_6H_ESTIMATED,104.939,35.188,22.499,2481.757,0.28,1.4567686758570402e-7,0.32046,15.417,0.13678,92,134,24.84598,0.00055,23.27177,8.15597,114.9265,474.2657,1.1932,VIGILANCIA,56,6.928966e-9,NASA_POWER_POINT_DAILY_PRECTOTCORR,FEM2D_CST_PLANE_STRAIN_V1,TA01_ASSUMPTION_RANGE,FEM_2D_REAL_LINEAL_NO_CALIBRADO
TA01-S0009,2021-03-28,16,0,0.69,0.69,RECTANGULAR_6H_ESTIMATED,104.939,35.188,22.499,2481.757,0.28,1.4567686758570402e-7,0.32046,15.417,0.13678,92,134,24.84598,0.00055,23.27177,8.15597,114.9265,474.2657,1.1932,VIGILANCIA,56,6.928966e-9,NASA_POWER_POINT_DAILY_PRECTOTCORR,FEM2D_CST_PLANE_STRAIN_V1,TA01_ASSUMPTION_RANGE,FEM_2D_REAL_LINEAL_NO_CALIBRADO
TA01-S0009,2021-03-28,17,0,0.69,0.69,RECTANGULAR_6H_ESTIMATED,104.939,35.188,22.499,2481.757,0.28,1.4567686758570402e-7,0.32046,15.417,0.13678,92,134,24.84598,0.00055,23.27177,8.15597,114.9265,474.2657,1.1932,VIGILANCIA,56,6.928966e-9,NASA_POWER_POINT_DAILY_PRECTOTCORR,FEM2D_CST_PLANE_STRAIN_V1,TA01_ASSUMPTION_RANGE,FEM_2D_REAL_LINEAL_NO_CALIBRADO
TA01-S0009,2021-03-28,18,0,0.69,0.69,RECTANGULAR_6H_ESTIMATED,104.939,35.188,22.499,2481.757,0.28,1.4567686758570402e-7,0.32046,15.417,0.13678,92,134,24.84598,0.00055,23.27177,8.15597,114.9265,474.2657,1.1932,VIGILANCIA,56,6.928966e-9,NASA_POWER_POINT_DAILY_PRECTOTCORR,FEM2D_CST_PLANE_STRAIN_V1,TA01_ASSUMPTION_RANGE,FEM_2D_REAL_LINEAL_NO_CALIBRADO
TA01-S0009,2021-03-28,19,0,0.69,0.69,RECTANGULAR_6H_ESTIMATED,104.939,35.188,22.499,2481.757,0.28,1.4567686758570402e-7,0.32046,15.417,0.13678,92,134,24.84598,0.00055,23.27177,8.15597,114.9265,474.2657,1.1932,VIGILANCIA,56,6.928966e-9,NASA_POWER_POINT_DAILY_PRECTOTCORR,FEM2D_CST_PLANE_STRAIN_V1,TA01_ASSUMPTION_RANGE,FEM_2D_REAL_LINEAL_NO_CALIBRADO
TA01-S0009,2021-03-28,20,0,0.69,0.69,RECTANGULAR_6H_ESTIMATED,104.939,35.188,22.499,2481.757,0.28,1.4567686758570402e-7,0.32046,15.417,0.13678,92,134,24.84598,0.00055,23.27177,8.15597,114.9265,474.2657,1.1932,VIGILANCIA,56,6.928966e-9,NASA_POWER_POINT_DAILY_PRECTOTCORR,FEM2D_CST_PLANE_STRAIN_V1,TA01_ASSUMPTION_RANGE,FEM_2D_REAL_LINEAL_NO_CALIBRADO
TA01-S0009,2021-03-28,21,0,0.69,0.69,RECTANGULAR_6H_ESTIMATED,104.939,35.188,22.499,2481.757,0.28,1.4567686758570402e-7,0.32046,15.417,0.13678,92,134,24.84598,0.00055,23.27177,8.15597,114.9265,474.2657,1.1932,VIGILANCIA,56,6.928966e-9,NASA_POWER_POINT_DAILY_PRECTOTCORR,FEM2D_CST_PLANE_STRAIN_V1,TA01_ASSUMPTION_RANGE,FEM_2D_REAL_LINEAL_NO_CALIBRADO
TA01-S0009,2021-03-28,22,0,0.69,0.69,RECTANGULAR_6H_ESTIMATED,104.939,35.188,22.499,2481.757,0.28,1.4567686758570402e-7,0.32046,15.417,0.13678,92,134,24.84598,0.00055,23.27177,8.15597,114.9265,474.2657,1.1932,VIGILANCIA,56,6.928966e-9,NASA_POWER_POINT_DAILY_PRECTOTCORR,FEM2D_CST_PLANE_STRAIN_V1,TA01_ASSUMPTION_RANGE,FEM_2D_REAL_LINEAL_NO_CALIBRADO
TA01-S0009,2021-03-28,23,0,0.69,0.69,RECTANGULAR_6H_ESTIMATED,104.939,35.188,22.499,2481.757,0.28,1.4567686758570402e-7,0.32046,15.417,0.13678,92,134,24.84598,0.00055,23.27177,8.15597,114.9265,474.2657,1.1932,VIGILANCIA,56,6.928966e-9,NASA_POWER_POINT_DAILY_PRECTOTCORR,FEM2D_CST_PLANE_STRAIN_V1,TA01_ASSUMPTION_RANGE,FEM_2D_REAL_LINEAL_NO_CALIBRADO
TA01-S0009,2021-03-28,24,0,0.69,0.69,RECTANGULAR_6H_ESTIMATED,104.939,35.188,22.499,2481.757,0.28,1.4567686758570402e-7,0.32046,15.417,0.13678,92,134,24.84598,0.00055,23.27177,8.15597,114.9265,474.2657,1.1932,VIGILANCIA,56,6.928966e-9,NASA_POWER_POINT_DAILY_PRECTOTCORR,FEM2D_CST_PLANE_STRAIN_V1,TA01_ASSUMPTION_RANGE,FEM_2D_REAL_LINEAL_NO_CALIBRADO
TA01-S0010,2022-05-23,1,0,0,0,RECTANGULAR_24H_ESTIMATED,190.798,41.072,19.483,2079.587,0.28,1.7532641724799932e-8,0.31686,39.456,0.33497,92,134,24.68937,0,23.11416,9.88709,350.73,369.9787,1.8898,NORMAL,57,5.53139e-9,NASA_POWER_POINT_DAILY_PRECTOTCORR,FEM2D_CST_PLANE_STRAIN_V1,TA01_ASSUMPTION_RANGE,FEM_2D_REAL_LINEAL_NO_CALIBRADO
TA01-S0010,2022-05-23,2,0,0,0,RECTANGULAR_24H_ESTIMATED,190.798,41.072,19.483,2079.587,0.28,1.7532641724799932e-8,0.31686,39.456,0.33497,92,134,24.68937,0,23.11416,9.88709,350.73,369.9787,1.8898,NORMAL,57,5.53139e-9,NASA_POWER_POINT_DAILY_PRECTOTCORR,FEM2D_CST_PLANE_STRAIN_V1,TA01_ASSUMPTION_RANGE,FEM_2D_REAL_LINEAL_NO_CALIBRADO
TA01-S0010,2022-05-23,3,0,0,0,RECTANGULAR_24H_ESTIMATED,190.798,41.072,19.483,2079.587,0.28,1.7532641724799932e-8,0.31686,39.456,0.33497,92,134,24.68937,0,23.11416,9.88709,350.73,369.9787,1.8898,NORMAL,57,5.53139e-9,NASA_POWER_POINT_DAILY_PRECTOTCORR,FEM2D_CST_PLANE_STRAIN_V1,TA01_ASSUMPTION_RANGE,FEM_2D_REAL_LINEAL_NO_CALIBRADO
TA01-S0010,2022-05-23,4,0,0,0,RECTANGULAR_24H_ESTIMATED,190.798,41.072,19.483,2079.587,0.28,1.7532641724799932e-8,0.31686,39.456,0.33497,92,134,24.68937,0,23.11416,9.88709,350.73,369.9787,1.8898,NORMAL,57,5.53139e-9,NASA_POWER_POINT_DAILY_PRECTOTCORR,FEM2D_CST_PLANE_STRAIN_V1,TA01_ASSUMPTION_RANGE,FEM_2D_REAL_LINEAL_NO_CALIBRADO
TA01-S0010,2022-05-23,5,0,0,0,RECTANGULAR_24H_ESTIMATED,190.798,41.072,19.483,2079.587,0.28,1.7532641724799932e-8,0.31686,39.456,0.33497,92,134,24.68937,0,23.11416,9.88709,350.73,369.9787,1.8898,NORMAL,57,5.53139e-9,NASA_POWER_POINT_DAILY_PRECTOTCORR,FEM2D_CST_PLANE_STRAIN_V1,TA01_ASSUMPTION_RANGE,FEM_2D_REAL_LINEAL_NO_CALIBRADO
TA01-S0010,2022-05-23,6,0,0,0,RECTANGULAR_24H_ESTIMATED,190.798,41.072,19.483,2079.587,0.28,1.7532641724799932e-8,0.31686,39.456,0.33497,92,134,24.68937,0,23.11416,9.88709,350.73,369.9787,1.8898,NORMAL,57,5.53139e-9,NASA_POWER_POINT_DAILY_PRECTOTCORR,FEM2D_CST_PLANE_STRAIN_V1,TA01_ASSUMPTION_RANGE,FEM_2D_REAL_LINEAL_NO_CALIBRADO
TA01-S0010,2022-05-23,7,0,0,0,RECTANGULAR_24H_ESTIMATED,190.798,41.072,19.483,2079.587,0.28,1.7532641724799932e-8,0.31686,39.456,0.33497,92,134,24.68937,0,23.11416,9.88709,350.73,369.9787,1.8898,NORMAL,57,5.53139e-9,NASA_POWER_POINT_DAILY_PRECTOTCORR,FEM2D_CST_PLANE_STRAIN_V1,TA01_ASSUMPTION_RANGE,FEM_2D_REAL_LINEAL_NO_CALIBRADO
TA01-S0010,2022-05-23,8,0,0,0,RECTANGULAR_24H_ESTIMATED,190.798,41.072,19.483,2079.587,0.28,1.7532641724799932e-8,0.31686,39.456,0.33497,92,134,24.68937,0,23.11416,9.88709,350.73,369.9787,1.8898,NORMAL,57,5.53139e-9,NASA_POWER_POINT_DAILY_PRECTOTCORR,FEM2D_CST_PLANE_STRAIN_V1,TA01_ASSUMPTION_RANGE,FEM_2D_REAL_LINEAL_NO_CALIBRADO
TA01-S0010,2022-05-23,9,0,0,0,RECTANGULAR_24H_ESTIMATED,190.798,41.072,19.483,2079.587,0.28,1.7532641724799932e-8,0.31686,39.456,0.33497,92,134,24.68937,0,23.11416,9.88709,350.73,369.9787,1.8898,NORMAL,57,5.53139e-9,NASA_POWER_POINT_DAILY_PRECTOTCORR,FEM2D_CST_PLANE_STRAIN_V1,TA01_ASSUMPTION_RANGE,FEM_2D_REAL_LINEAL_NO_CALIBRADO
TA01-S0010,2022-05-23,10,0,0,0,RECTANGULAR_24H_ESTIMATED,190.798,41.072,19.483,2079.587,0.28,1.7532641724799932e-8,0.31686,39.456,0.33497,92,134,24.68937,0,23.11416,9.88709,350.73,369.9787,1.8898,NORMAL,57,5.53139e-9,NASA_POWER_POINT_DAILY_PRECTOTCORR,FEM2D_CST_PLANE_STRAIN_V1,TA01_ASSUMPTION_RANGE,FEM_2D_REAL_LINEAL_NO_CALIBRADO
TA01-S0010,2022-05-23,11,0,0,0,RECTANGULAR_24H_ESTIMATED,190.798,41.072,19.483,2079.587,0.28,1.7532641724799932e-8,0.31686,39.456,0.33497,92,134,24.68937,0,23.11416,9.88709,350.73,369.9787,1.8898,NORMAL,57,5.53139e-9,NASA_POWER_POINT_DAILY_PRECTOTCORR,FEM2D_CST_PLANE_STRAIN_V1,TA01_ASSUMPTION_RANGE,FEM_2D_REAL_LINEAL_NO_CALIBRADO
TA01-S0010,2022-05-23,12,0,0,0,RECTANGULAR_24H_ESTIMATED,190.798,41.072,19.483,2079.587,0.28,1.7532641724799932e-8,0.31686,39.456,0.33497,92,134,24.68937,0,23.11416,9.88709,350.73,369.9787,1.8898,NORMAL,57,5.53139e-9,NASA_POWER_POINT_DAILY_PRECTOTCORR,FEM2D_CST_PLANE_STRAIN_V1,TA01_ASSUMPTION_RANGE,FEM_2D_REAL_LINEAL_NO_CALIBRADO
TA01-S0010,2022-05-23,13,0,0,0,RECTANGULAR_24H_ESTIMATED,190.798,41.072,19.483,2079.587,0.28,1.7532641724799932e-8,0.31686,39.456,0.33497,92,134,24.68937,0,23.11416,9.88709,350.73,369.9787,1.8898,NORMAL,57,5.53139e-9,NASA_POWER_POINT_DAILY_PRECTOTCORR,FEM2D_CST_PLANE_STRAIN_V1,TA01_ASSUMPTION_RANGE,FEM_2D_REAL_LINEAL_NO_CALIBRADO
TA01-S0010,2022-05-23,14,0,0,0,RECTANGULAR_24H_ESTIMATED,190.798,41.072,19.483,2079.587,0.28,1.7532641724799932e-8,0.31686,39.456,0.33497,92,134,24.68937,0,23.11416,9.88709,350.73,369.9787,1.8898,NORMAL,57,5.53139e-9,NASA_POWER_POINT_DAILY_PRECTOTCORR,FEM2D_CST_PLANE_STRAIN_V1,TA01_ASSUMPTION_RANGE,FEM_2D_REAL_LINEAL_NO_CALIBRADO
TA01-S0010,2022-05-23,15,0,0,0,RECTANGULAR_24H_ESTIMATED,190.798,41.072,19.483,2079.587,0.28,1.7532641724799932e-8,0.31686,39.456,0.33497,92,134,24.68937,0,23.11416,9.88709,350.73,369.9787,1.8898,NORMAL,57,5.53139e-9,NASA_POWER_POINT_DAILY_PRECTOTCORR,FEM2D_CST_PLANE_STRAIN_V1,TA01_ASSUMPTION_RANGE,FEM_2D_REAL_LINEAL_NO_CALIBRADO
TA01-S0010,2022-05-23,16,0,0,0,RECTANGULAR_24H_ESTIMATED,190.798,41.072,19.483,2079.587,0.28,1.7532641724799932e-8,0.31686,39.456,0.33497,92,134,24.68937,0,23.11416,9.88709,350.73,369.9787,1.8898,NORMAL,57,5.53139e-9,NASA_POWER_POINT_DAILY_PRECTOTCORR,FEM2D_CST_PLANE_STRAIN_V1,TA01_ASSUMPTION_RANGE,FEM_2D_REAL_LINEAL_NO_CALIBRADO
TA01-S0010,2022-05-23,17,0,0,0,RECTANGULAR_24H_ESTIMATED,190.798,41.072,19.483,2079.587,0.28,1.7532641724799932e-8,0.31686,39.456,0.33497,92,134,24.68937,0,23.11416,9.88709,350.73,369.9787,1.8898,NORMAL,57,5.53139e-9,NASA_POWER_POINT_DAILY_PRECTOTCORR,FEM2D_CST_PLANE_STRAIN_V1,TA01_ASSUMPTION_RANGE,FEM_2D_REAL_LINEAL_NO_CALIBRADO
TA01-S0010,2022-05-23,18,0,0,0,RECTANGULAR_24H_ESTIMATED,190.798,41.072,19.483,2079.587,0.28,1.7532641724799932e-8,0.31686,39.456,0.33497,92,134,24.68937,0,23.11416,9.88709,350.73,369.9787,1.8898,NORMAL,57,5.53139e-9,NASA_POWER_POINT_DAILY_PRECTOTCORR,FEM2D_CST_PLANE_STRAIN_V1,TA01_ASSUMPTION_RANGE,FEM_2D_REAL_LINEAL_NO_CALIBRADO
TA01-S0010,2022-05-23,19,0,0,0,RECTANGULAR_24H_ESTIMATED,190.798,41.072,19.483,2079.587,0.28,1.7532641724799932e-8,0.31686,39.456,0.33497,92,134,24.68937,0,23.11416,9.88709,350.73,369.9787,1.8898,NORMAL,57,5.53139e-9,NASA_POWER_POINT_DAILY_PRECTOTCORR,FEM2D_CST_PLANE_STRAIN_V1,TA01_ASSUMPTION_RANGE,FEM_2D_REAL_LINEAL_NO_CALIBRADO
TA01-S0010,2022-05-23,20,0,0,0,RECTANGULAR_24H_ESTIMATED,190.798,41.072,19.483,2079.587,0.28,1.7532641724799932e-8,0.31686,39.456,0.33497,92,134,24.68937,0,23.11416,9.88709,350.73,369.9787,1.8898,NORMAL,57,5.53139e-9,NASA_POWER_POINT_DAILY_PRECTOTCORR,FEM2D_CST_PLANE_STRAIN_V1,TA01_ASSUMPTION_RANGE,FEM_2D_REAL_LINEAL_NO_CALIBRADO
TA01-S0010,2022-05-23,21,0,0,0,RECTANGULAR_24H_ESTIMATED,190.798,41.072,19.483,2079.587,0.28,1.7532641724799932e-8,0.31686,39.456,0.33497,92,134,24.68937,0,23.11416,9.88709,350.73,369.9787,1.8898,NORMAL,57,5.53139e-9,NASA_POWER_POINT_DAILY_PRECTOTCORR,FEM2D_CST_PLANE_STRAIN_V1,TA01_ASSUMPTION_RANGE,FEM_2D_REAL_LINEAL_NO_CALIBRADO
TA01-S0010,2022-05-23,22,0,0,0,RECTANGULAR_24H_ESTIMATED,190.798,41.072,19.483,2079.587,0.28,1.7532641724799932e-8,0.31686,39.456,0.33497,92,134,24.68937,0,23.11416,9.88709,350.73,369.9787,1.8898,NORMAL,57,5.53139e-9,NASA_POWER_POINT_DAILY_PRECTOTCORR,FEM2D_CST_PLANE_STRAIN_V1,TA01_ASSUMPTION_RANGE,FEM_2D_REAL_LINEAL_NO_CALIBRADO
TA01-S0010,2022-05-23,23,0,0,0,RECTANGULAR_24H_ESTIMATED,190.798,41.072,19.483,2079.587,0.28,1.7532641724799932e-8,0.31686,39.456,0.33497,92,134,24.68937,0,23.11416,9.88709,350.73,369.9787,1.8898,NORMAL,57,5.53139e-9,NASA_POWER_POINT_DAILY_PRECTOTCORR,FEM2D_CST_PLANE_STRAIN_V1,TA01_ASSUMPTION_RANGE,FEM_2D_REAL_LINEAL_NO_CALIBRADO
TA01-S0010,2022-05-23,24,0,0,0,RECTANGULAR_24H_ESTIMATED,190.798,41.072,19.483,2079.587,0.28,1.7532641724799932e-8,0.31686,39.456,0.33497,92,134,24.68937,0,23.11416,9.88709,350.73,369.9787,1.8898,NORMAL,57,5.53139e-9,NASA_POWER_POINT_DAILY_PRECTOTCORR,FEM2D_CST_PLANE_STRAIN_V1,TA01_ASSUMPTION_RANGE,FEM_2D_REAL_LINEAL_NO_CALIBRADO
TA01-S0011,2025-12-17,1,0,0,0.15,RECTANGULAR_12H_ESTIMATED,155.913,40.016,22.831,1357.405,0.28,0.000002044458649864664,0.03867,61.819,0.263,92,134,41.27753,0,39.1764,26.502,570.1111,378.9302,1.2988,VIGILANCIA,58,5.166692e-9,NASA_POWER_POINT_DAILY_PRECTOTCORR,FEM2D_CST_PLANE_STRAIN_V1,TA01_ASSUMPTION_RANGE,FEM_2D_REAL_LINEAL_NO_CALIBRADO
TA01-S0011,2025-12-17,2,0,0,0.15,RECTANGULAR_12H_ESTIMATED,155.913,40.016,22.831,1357.405,0.28,0.000002044458649864664,0.03867,61.819,0.263,92,134,41.27753,0,39.1764,26.502,570.1111,378.9302,1.2988,VIGILANCIA,58,5.166692e-9,NASA_POWER_POINT_DAILY_PRECTOTCORR,FEM2D_CST_PLANE_STRAIN_V1,TA01_ASSUMPTION_RANGE,FEM_2D_REAL_LINEAL_NO_CALIBRADO
TA01-S0011,2025-12-17,3,0,0,0.15,RECTANGULAR_12H_ESTIMATED,155.913,40.016,22.831,1357.405,0.28,0.000002044458649864664,0.03867,61.819,0.263,92,134,41.27753,0,39.1764,26.502,570.1111,378.9302,1.2988,VIGILANCIA,58,5.166692e-9,NASA_POWER_POINT_DAILY_PRECTOTCORR,FEM2D_CST_PLANE_STRAIN_V1,TA01_ASSUMPTION_RANGE,FEM_2D_REAL_LINEAL_NO_CALIBRADO
TA01-S0011,2025-12-17,4,0,0,0.15,RECTANGULAR_12H_ESTIMATED,155.913,40.016,22.831,1357.405,0.28,0.000002044458649864664,0.03867,61.819,0.263,92,134,41.27753,0,39.1764,26.502,570.1111,378.9302,1.2988,VIGILANCIA,58,5.166692e-9,NASA_POWER_POINT_DAILY_PRECTOTCORR,FEM2D_CST_PLANE_STRAIN_V1,TA01_ASSUMPTION_RANGE,FEM_2D_REAL_LINEAL_NO_CALIBRADO
TA01-S0011,2025-12-17,5,0,0,0.15,RECTANGULAR_12H_ESTIMATED,155.913,40.016,22.831,1357.405,0.28,0.000002044458649864664,0.03867,61.819,0.263,92,134,41.27753,0,39.1764,26.502,570.1111,378.9302,1.2988,VIGILANCIA,58,5.166692e-9,NASA_POWER_POINT_DAILY_PRECTOTCORR,FEM2D_CST_PLANE_STRAIN_V1,TA01_ASSUMPTION_RANGE,FEM_2D_REAL_LINEAL_NO_CALIBRADO
TA01-S0011,2025-12-17,6,0,0,0.15,RECTANGULAR_12H_ESTIMATED,155.913,40.016,22.831,1357.405,0.28,0.000002044458649864664,0.03867,61.819,0.263,92,134,41.27753,0,39.1764,26.502,570.1111,378.9302,1.2988,VIGILANCIA,58,5.166692e-9,NASA_POWER_POINT_DAILY_PRECTOTCORR,FEM2D_CST_PLANE_STRAIN_V1,TA01_ASSUMPTION_RANGE,FEM_2D_REAL_LINEAL_NO_CALIBRADO
TA01-S0011,2025-12-17,7,0.0125,0.0125,0.15,RECTANGULAR_12H_ESTIMATED,155.913,40.016,22.831,1357.405,0.28,0.000002044458649864664,0.03867,61.819,0.263,92,134,41.27752,0.00002,39.17639,26.50201,570.1114,378.9302,1.2988,VIGILANCIA,58,5.068842e-9,NASA_POWER_POINT_DAILY_PRECTOTCORR,FEM2D_CST_PLANE_STRAIN_V1,TA01_ASSUMPTION_RANGE,FEM_2D_REAL_LINEAL_NO_CALIBRADO
TA01-S0011,2025-12-17,8,0.0125,0.025,0.15,RECTANGULAR_12H_ESTIMATED,155.913,40.016,22.831,1357.405,0.28,0.000002044458649864664,0.03867,61.819,0.263,92,134,41.27751,0.00003,39.17638,26.50202,570.1117,378.9301,1.2988,VIGILANCIA,57,9.901794e-9,NASA_POWER_POINT_DAILY_PRECTOTCORR,FEM2D_CST_PLANE_STRAIN_V1,TA01_ASSUMPTION_RANGE,FEM_2D_REAL_LINEAL_NO_CALIBRADO
TA01-S0011,2025-12-17,9,0.0125,0.0375,0.15,RECTANGULAR_12H_ESTIMATED,155.913,40.016,22.831,1357.405,0.28,0.000002044458649864664,0.03867,61.819,0.263,92,134,41.2775,0.00005,39.17637,26.50203,570.112,378.9301,1.2988,VIGILANCIA,57,9.679295e-9,NASA_POWER_POINT_DAILY_PRECTOTCORR,FEM2D_CST_PLANE_STRAIN_V1,TA01_ASSUMPTION_RANGE,FEM_2D_REAL_LINEAL_NO_CALIBRADO
TA01-S0011,2025-12-17,10,0.0125,0.05,0.15,RECTANGULAR_12H_ESTIMATED,155.913,40.016,22.831,1357.405,0.28,0.000002044458649864664,0.03867,61.819,0.263,92,134,41.27749,0.00006,39.17637,26.50204,570.1123,378.9301,1.2988,VIGILANCIA,57,9.809053e-9,NASA_POWER_POINT_DAILY_PRECTOTCORR,FEM2D_CST_PLANE_STRAIN_V1,TA01_ASSUMPTION_RANGE,FEM_2D_REAL_LINEAL_NO_CALIBRADO
TA01-S0011,2025-12-17,11,0.0125,0.0625,0.15,RECTANGULAR_12H_ESTIMATED,155.913,40.016,22.831,1357.405,0.28,0.000002044458649864664,0.03867,61.819,0.263,92,134,41.27748,0.00008,39.17636,26.50205,570.1126,378.93,1.2988,VIGILANCIA,57,9.801382e-9,NASA_POWER_POINT_DAILY_PRECTOTCORR,FEM2D_CST_PLANE_STRAIN_V1,TA01_ASSUMPTION_RANGE,FEM_2D_REAL_LINEAL_NO_CALIBRADO
TA01-S0011,2025-12-17,12,0.0125,0.075,0.15,RECTANGULAR_12H_ESTIMATED,155.913,40.016,22.831,1357.405,0.28,0.000002044458649864664,0.03867,61.819,0.263,92,134,41.27747,0.00009,39.17635,26.50206,570.1129,378.93,1.2988,VIGILANCIA,57,9.769604e-9,NASA_POWER_POINT_DAILY_PRECTOTCORR,FEM2D_CST_PLANE_STRAIN_V1,TA01_ASSUMPTION_RANGE,FEM_2D_REAL_LINEAL_NO_CALIBRADO
TA01-S0011,2025-12-17,13,0.0125,0.0875,0.15,RECTANGULAR_12H_ESTIMATED,155.913,40.016,22.831,1357.405,0.28,0.000002044458649864664,0.03867,61.819,0.263,92,134,41.27746,0.00011,39.17634,26.50207,570.1131,378.93,1.2988,VIGILANCIA,57,9.714945e-9,NASA_POWER_POINT_DAILY_PRECTOTCORR,FEM2D_CST_PLANE_STRAIN_V1,TA01_ASSUMPTION_RANGE,FEM_2D_REAL_LINEAL_NO_CALIBRADO
TA01-S0011,2025-12-17,14,0.0125,0.1,0.15,RECTANGULAR_12H_ESTIMATED,155.913,40.016,22.831,1357.405,0.28,0.000002044458649864664,0.03867,61.819,0.263,92,134,41.27745,0.00013,39.17633,26.50208,570.1134,378.9299,1.2988,VIGILANCIA,58,5.078241e-9,NASA_POWER_POINT_DAILY_PRECTOTCORR,FEM2D_CST_PLANE_STRAIN_V1,TA01_ASSUMPTION_RANGE,FEM_2D_REAL_LINEAL_NO_CALIBRADO
TA01-S0011,2025-12-17,15,0.0125,0.1125,0.15,RECTANGULAR_12H_ESTIMATED,155.913,40.016,22.831,1357.405,0.28,0.000002044458649864664,0.03867,61.819,0.263,92,134,41.27744,0.00014,39.17632,26.50209,570.1137,378.9299,1.2988,VIGILANCIA,58,5.002495e-9,NASA_POWER_POINT_DAILY_PRECTOTCORR,FEM2D_CST_PLANE_STRAIN_V1,TA01_ASSUMPTION_RANGE,FEM_2D_REAL_LINEAL_NO_CALIBRADO
TA01-S0011,2025-12-17,16,0.0125,0.125,0.15,RECTANGULAR_12H_ESTIMATED,155.913,40.016,22.831,1357.405,0.28,0.000002044458649864664,0.03867,61.819,0.263,92,134,41.27743,0.00016,39.17632,26.5021,570.114,378.9299,1.2988,VIGILANCIA,57,9.646633e-9,NASA_POWER_POINT_DAILY_PRECTOTCORR,FEM2D_CST_PLANE_STRAIN_V1,TA01_ASSUMPTION_RANGE,FEM_2D_REAL_LINEAL_NO_CALIBRADO
TA01-S0011,2025-12-17,17,0.0125,0.1375,0.15,RECTANGULAR_12H_ESTIMATED,155.913,40.016,22.831,1357.405,0.28,0.000002044458649864664,0.03867,61.819,0.263,92,134,41.27742,0.00017,39.17631,26.50211,570.1143,378.9298,1.2988,VIGILANCIA,57,9.789935e-9,NASA_POWER_POINT_DAILY_PRECTOTCORR,FEM2D_CST_PLANE_STRAIN_V1,TA01_ASSUMPTION_RANGE,FEM_2D_REAL_LINEAL_NO_CALIBRADO
TA01-S0011,2025-12-17,18,0.0125,0.15,0.15,RECTANGULAR_12H_ESTIMATED,155.913,40.016,22.831,1357.405,0.28,0.000002044458649864664,0.03867,61.819,0.263,92,134,41.27741,0.00019,39.1763,26.50212,570.1146,378.9298,1.2988,VIGILANCIA,57,9.663974e-9,NASA_POWER_POINT_DAILY_PRECTOTCORR,FEM2D_CST_PLANE_STRAIN_V1,TA01_ASSUMPTION_RANGE,FEM_2D_REAL_LINEAL_NO_CALIBRADO
TA01-S0011,2025-12-17,19,0,0.15,0.15,RECTANGULAR_12H_ESTIMATED,155.913,40.016,22.831,1357.405,0.28,0.000002044458649864664,0.03867,61.819,0.263,92,134,41.27741,0.00019,39.1763,26.50212,570.1146,378.9298,1.2988,VIGILANCIA,57,9.663974e-9,NASA_POWER_POINT_DAILY_PRECTOTCORR,FEM2D_CST_PLANE_STRAIN_V1,TA01_ASSUMPTION_RANGE,FEM_2D_REAL_LINEAL_NO_CALIBRADO
TA01-S0011,2025-12-17,20,0,0.15,0.15,RECTANGULAR_12H_ESTIMATED,155.913,40.016,22.831,1357.405,0.28,0.000002044458649864664,0.03867,61.819,0.263,92,134,41.27741,0.00019,39.1763,26.50212,570.1146,378.9298,1.2988,VIGILANCIA,57,9.663974e-9,NASA_POWER_POINT_DAILY_PRECTOTCORR,FEM2D_CST_PLANE_STRAIN_V1,TA01_ASSUMPTION_RANGE,FEM_2D_REAL_LINEAL_NO_CALIBRADO
TA01-S0011,2025-12-17,21,0,0.15,0.15,RECTANGULAR_12H_ESTIMATED,155.913,40.016,22.831,1357.405,0.28,0.000002044458649864664,0.03867,61.819,0.263,92,134,41.27741,0.00019,39.1763,26.50212,570.1146,378.9298,1.2988,VIGILANCIA,57,9.663974e-9,NASA_POWER_POINT_DAILY_PRECTOTCORR,FEM2D_CST_PLANE_STRAIN_V1,TA01_ASSUMPTION_RANGE,FEM_2D_REAL_LINEAL_NO_CALIBRADO
TA01-S0011,2025-12-17,22,0,0.15,0.15,RECTANGULAR_12H_ESTIMATED,155.913,40.016,22.831,1357.405,0.28,0.000002044458649864664,0.03867,61.819,0.263,92,134,41.27741,0.00019,39.1763,26.50212,570.1146,378.9298,1.2988,VIGILANCIA,57,9.663974e-9,NASA_POWER_POINT_DAILY_PRECTOTCORR,FEM2D_CST_PLANE_STRAIN_V1,TA01_ASSUMPTION_RANGE,FEM_2D_REAL_LINEAL_NO_CALIBRADO
TA01-S0011,2025-12-17,23,0,0.15,0.15,RECTANGULAR_12H_ESTIMATED,155.913,40.016,22.831,1357.405,0.28,0.000002044458649864664,0.03867,61.819,0.263,92,134,41.27741,0.00019,39.1763,26.50212,570.1146,378.9298,1.2988,VIGILANCIA,57,9.663974e-9,NASA_POWER_POINT_DAILY_PRECTOTCORR,FEM2D_CST_PLANE_STRAIN_V1,TA01_ASSUMPTION_RANGE,FEM_2D_REAL_LINEAL_NO_CALIBRADO
TA01-S0011,2025-12-17,24,0,0.15,0.15,RECTANGULAR_12H_ESTIMATED,155.913,40.016,22.831,1357.405,0.28,0.000002044458649864664,0.03867,61.819,0.263,92,134,41.27741,0.00019,39.1763,26.50212,570.1146,378.9298,1.2988,VIGILANCIA,57,9.663974e-9,NASA_POWER_POINT_DAILY_PRECTOTCORR,FEM2D_CST_PLANE_STRAIN_V1,TA01_ASSUMPTION_RANGE,FEM_2D_REAL_LINEAL_NO_CALIBRADO
TA01-S0012,2023-10-18,1,0,0,0,RECTANGULAR_24H_ESTIMATED,76.042,42.341,19.011,2385.883,0.28,0.0000016214272089813707,0.56365,23.108,0.27024,92,134,21.62924,0,20.24951,6.22419,190.3561,389.7115,1.2902,VIGILANCIA,56,8.310114e-9,NASA_POWER_POINT_DAILY_PRECTOTCORR,FEM2D_CST_PLANE_STRAIN_V1,TA01_ASSUMPTION_RANGE,FEM_2D_REAL_LINEAL_NO_CALIBRADO
TA01-S0012,2023-10-18,2,0,0,0,RECTANGULAR_24H_ESTIMATED,76.042,42.341,19.011,2385.883,0.28,0.0000016214272089813707,0.56365,23.108,0.27024,92,134,21.62924,0,20.24951,6.22419,190.3561,389.7115,1.2902,VIGILANCIA,56,8.310114e-9,NASA_POWER_POINT_DAILY_PRECTOTCORR,FEM2D_CST_PLANE_STRAIN_V1,TA01_ASSUMPTION_RANGE,FEM_2D_REAL_LINEAL_NO_CALIBRADO
TA01-S0012,2023-10-18,3,0,0,0,RECTANGULAR_24H_ESTIMATED,76.042,42.341,19.011,2385.883,0.28,0.0000016214272089813707,0.56365,23.108,0.27024,92,134,21.62924,0,20.24951,6.22419,190.3561,389.7115,1.2902,VIGILANCIA,56,8.310114e-9,NASA_POWER_POINT_DAILY_PRECTOTCORR,FEM2D_CST_PLANE_STRAIN_V1,TA01_ASSUMPTION_RANGE,FEM_2D_REAL_LINEAL_NO_CALIBRADO
TA01-S0012,2023-10-18,4,0,0,0,RECTANGULAR_24H_ESTIMATED,76.042,42.341,19.011,2385.883,0.28,0.0000016214272089813707,0.56365,23.108,0.27024,92,134,21.62924,0,20.24951,6.22419,190.3561,389.7115,1.2902,VIGILANCIA,56,8.310114e-9,NASA_POWER_POINT_DAILY_PRECTOTCORR,FEM2D_CST_PLANE_STRAIN_V1,TA01_ASSUMPTION_RANGE,FEM_2D_REAL_LINEAL_NO_CALIBRADO
TA01-S0012,2023-10-18,5,0,0,0,RECTANGULAR_24H_ESTIMATED,76.042,42.341,19.011,2385.883,0.28,0.0000016214272089813707,0.56365,23.108,0.27024,92,134,21.62924,0,20.24951,6.22419,190.3561,389.7115,1.2902,VIGILANCIA,56,8.310114e-9,NASA_POWER_POINT_DAILY_PRECTOTCORR,FEM2D_CST_PLANE_STRAIN_V1,TA01_ASSUMPTION_RANGE,FEM_2D_REAL_LINEAL_NO_CALIBRADO
TA01-S0012,2023-10-18,6,0,0,0,RECTANGULAR_24H_ESTIMATED,76.042,42.341,19.011,2385.883,0.28,0.0000016214272089813707,0.56365,23.108,0.27024,92,134,21.62924,0,20.24951,6.22419,190.3561,389.7115,1.2902,VIGILANCIA,56,8.310114e-9,NASA_POWER_POINT_DAILY_PRECTOTCORR,FEM2D_CST_PLANE_STRAIN_V1,TA01_ASSUMPTION_RANGE,FEM_2D_REAL_LINEAL_NO_CALIBRADO
TA01-S0012,2023-10-18,7,0,0,0,RECTANGULAR_24H_ESTIMATED,76.042,42.341,19.011,2385.883,0.28,0.0000016214272089813707,0.56365,23.108,0.27024,92,134,21.62924,0,20.24951,6.22419,190.3561,389.7115,1.2902,VIGILANCIA,56,8.310114e-9,NASA_POWER_POINT_DAILY_PRECTOTCORR,FEM2D_CST_PLANE_STRAIN_V1,TA01_ASSUMPTION_RANGE,FEM_2D_REAL_LINEAL_NO_CALIBRADO
TA01-S0012,2023-10-18,8,0,0,0,RECTANGULAR_24H_ESTIMATED,76.042,42.341,19.011,2385.883,0.28,0.0000016214272089813707,0.56365,23.108,0.27024,92,134,21.62924,0,20.24951,6.22419,190.3561,389.7115,1.2902,VIGILANCIA,56,8.310114e-9,NASA_POWER_POINT_DAILY_PRECTOTCORR,FEM2D_CST_PLANE_STRAIN_V1,TA01_ASSUMPTION_RANGE,FEM_2D_REAL_LINEAL_NO_CALIBRADO
TA01-S0012,2023-10-18,9,0,0,0,RECTANGULAR_24H_ESTIMATED,76.042,42.341,19.011,2385.883,0.28,0.0000016214272089813707,0.56365,23.108,0.27024,92,134,21.62924,0,20.24951,6.22419,190.3561,389.7115,1.2902,VIGILANCIA,56,8.310114e-9,NASA_POWER_POINT_DAILY_PRECTOTCORR,FEM2D_CST_PLANE_STRAIN_V1,TA01_ASSUMPTION_RANGE,FEM_2D_REAL_LINEAL_NO_CALIBRADO
TA01-S0012,2023-10-18,10,0,0,0,RECTANGULAR_24H_ESTIMATED,76.042,42.341,19.011,2385.883,0.28,0.0000016214272089813707,0.56365,23.108,0.27024,92,134,21.62924,0,20.24951,6.22419,190.3561,389.7115,1.2902,VIGILANCIA,56,8.310114e-9,NASA_POWER_POINT_DAILY_PRECTOTCORR,FEM2D_CST_PLANE_STRAIN_V1,TA01_ASSUMPTION_RANGE,FEM_2D_REAL_LINEAL_NO_CALIBRADO
TA01-S0012,2023-10-18,11,0,0,0,RECTANGULAR_24H_ESTIMATED,76.042,42.341,19.011,2385.883,0.28,0.0000016214272089813707,0.56365,23.108,0.27024,92,134,21.62924,0,20.24951,6.22419,190.3561,389.7115,1.2902,VIGILANCIA,56,8.310114e-9,NASA_POWER_POINT_DAILY_PRECTOTCORR,FEM2D_CST_PLANE_STRAIN_V1,TA01_ASSUMPTION_RANGE,FEM_2D_REAL_LINEAL_NO_CALIBRADO
TA01-S0012,2023-10-18,12,0,0,0,RECTANGULAR_24H_ESTIMATED,76.042,42.341,19.011,2385.883,0.28,0.0000016214272089813707,0.56365,23.108,0.27024,92,134,21.62924,0,20.24951,6.22419,190.3561,389.7115,1.2902,VIGILANCIA,56,8.310114e-9,NASA_POWER_POINT_DAILY_PRECTOTCORR,FEM2D_CST_PLANE_STRAIN_V1,TA01_ASSUMPTION_RANGE,FEM_2D_REAL_LINEAL_NO_CALIBRADO
TA01-S0012,2023-10-18,13,0,0,0,RECTANGULAR_24H_ESTIMATED,76.042,42.341,19.011,2385.883,0.28,0.0000016214272089813707,0.56365,23.108,0.27024,92,134,21.62924,0,20.24951,6.22419,190.3561,389.7115,1.2902,VIGILANCIA,56,8.310114e-9,NASA_POWER_POINT_DAILY_PRECTOTCORR,FEM2D_CST_PLANE_STRAIN_V1,TA01_ASSUMPTION_RANGE,FEM_2D_REAL_LINEAL_NO_CALIBRADO
TA01-S0012,2023-10-18,14,0,0,0,RECTANGULAR_24H_ESTIMATED,76.042,42.341,19.011,2385.883,0.28,0.0000016214272089813707,0.56365,23.108,0.27024,92,134,21.62924,0,20.24951,6.22419,190.3561,389.7115,1.2902,VIGILANCIA,56,8.310114e-9,NASA_POWER_POINT_DAILY_PRECTOTCORR,FEM2D_CST_PLANE_STRAIN_V1,TA01_ASSUMPTION_RANGE,FEM_2D_REAL_LINEAL_NO_CALIBRADO
TA01-S0012,2023-10-18,15,0,0,0,RECTANGULAR_24H_ESTIMATED,76.042,42.341,19.011,2385.883,0.28,0.0000016214272089813707,0.56365,23.108,0.27024,92,134,21.62924,0,20.24951,6.22419,190.3561,389.7115,1.2902,VIGILANCIA,56,8.310114e-9,NASA_POWER_POINT_DAILY_PRECTOTCORR,FEM2D_CST_PLANE_STRAIN_V1,TA01_ASSUMPTION_RANGE,FEM_2D_REAL_LINEAL_NO_CALIBRADO
TA01-S0012,2023-10-18,16,0,0,0,RECTANGULAR_24H_ESTIMATED,76.042,42.341,19.011,2385.883,0.28,0.0000016214272089813707,0.56365,23.108,0.27024,92,134,21.62924,0,20.24951,6.22419,190.3561,389.7115,1.2902,VIGILANCIA,56,8.310114e-9,NASA_POWER_POINT_DAILY_PRECTOTCORR,FEM2D_CST_PLANE_STRAIN_V1,TA01_ASSUMPTION_RANGE,FEM_2D_REAL_LINEAL_NO_CALIBRADO
TA01-S0012,2023-10-18,17,0,0,0,RECTANGULAR_24H_ESTIMATED,76.042,42.341,19.011,2385.883,0.28,0.0000016214272089813707,0.56365,23.108,0.27024,92,134,21.62924,0,20.24951,6.22419,190.3561,389.7115,1.2902,VIGILANCIA,56,8.310114e-9,NASA_POWER_POINT_DAILY_PRECTOTCORR,FEM2D_CST_PLANE_STRAIN_V1,TA01_ASSUMPTION_RANGE,FEM_2D_REAL_LINEAL_NO_CALIBRADO
TA01-S0012,2023-10-18,18,0,0,0,RECTANGULAR_24H_ESTIMATED,76.042,42.341,19.011,2385.883,0.28,0.0000016214272089813707,0.56365,23.108,0.27024,92,134,21.62924,0,20.24951,6.22419,190.3561,389.7115,1.2902,VIGILANCIA,56,8.310114e-9,NASA_POWER_POINT_DAILY_PRECTOTCORR,FEM2D_CST_PLANE_STRAIN_V1,TA01_ASSUMPTION_RANGE,FEM_2D_REAL_LINEAL_NO_CALIBRADO
TA01-S0012,2023-10-18,19,0,0,0,RECTANGULAR_24H_ESTIMATED,76.042,42.341,19.011,2385.883,0.28,0.0000016214272089813707,0.56365,23.108,0.27024,92,134,21.62924,0,20.24951,6.22419,190.3561,389.7115,1.2902,VIGILANCIA,56,8.310114e-9,NASA_POWER_POINT_DAILY_PRECTOTCORR,FEM2D_CST_PLANE_STRAIN_V1,TA01_ASSUMPTION_RANGE,FEM_2D_REAL_LINEAL_NO_CALIBRADO
TA01-S0012,2023-10-18,20,0,0,0,RECTANGULAR_24H_ESTIMATED,76.042,42.341,19.011,2385.883,0.28,0.0000016214272089813707,0.56365,23.108,0.27024,92,134,21.62924,0,20.24951,6.22419,190.3561,389.7115,1.2902,VIGILANCIA,56,8.310114e-9,NASA_POWER_POINT_DAILY_PRECTOTCORR,FEM2D_CST_PLANE_STRAIN_V1,TA01_ASSUMPTION_RANGE,FEM_2D_REAL_LINEAL_NO_CALIBRADO
TA01-S0012,2023-10-18,21,0,0,0,RECTANGULAR_24H_ESTIMATED,76.042,42.341,19.011,2385.883,0.28,0.0000016214272089813707,0.56365,23.108,0.27024,92,134,21.62924,0,20.24951,6.22419,190.3561,389.7115,1.2902,VIGILANCIA,56,8.310114e-9,NASA_POWER_POINT_DAILY_PRECTOTCORR,FEM2D_CST_PLANE_STRAIN_V1,TA01_ASSUMPTION_RANGE,FEM_2D_REAL_LINEAL_NO_CALIBRADO
TA01-S0012,2023-10-18,22,0,0,0,RECTANGULAR_24H_ESTIMATED,76.042,42.341,19.011,2385.883,0.28,0.0000016214272089813707,0.56365,23.108,0.27024,92,134,21.62924,0,20.24951,6.22419,190.3561,389.7115,1.2902,VIGILANCIA,56,8.310114e-9,NASA_POWER_POINT_DAILY_PRECTOTCORR,FEM2D_CST_PLANE_STRAIN_V1,TA01_ASSUMPTION_RANGE,FEM_2D_REAL_LINEAL_NO_CALIBRADO
TA01-S0012,2023-10-18,23,0,0,0,RECTANGULAR_24H_ESTIMATED,76.042,42.341,19.011,2385.883,0.28,0.0000016214272089813707,0.56365,23.108,0.27024,92,134,21.62924,0,20.24951,6.22419,190.3561,389.7115,1.2902,VIGILANCIA,56,8.310114e-9,NASA_POWER_POINT_DAILY_PRECTOTCORR,FEM2D_CST_PLANE_STRAIN_V1,TA01_ASSUMPTION_RANGE,FEM_2D_REAL_LINEAL_NO_CALIBRADO
TA01-S0012,2023-10-18,24,0,0,0,RECTANGULAR_24H_ESTIMATED,76.042,42.341,19.011,2385.883,0.28,0.0000016214272089813707,0.56365,23.108,0.27024,92,134,21.62924,0,20.24951,6.22419,190.3561,389.7115,1.2902,VIGILANCIA,56,8.310114e-9,NASA_POWER_POINT_DAILY_PRECTOTCORR,FEM2D_CST_PLANE_STRAIN_V1,TA01_ASSUMPTION_RANGE,FEM_2D_REAL_LINEAL_NO_CALIBRADO
TA01-S0013,2024-11-12,1,0.261667,0.261667,6.28,RECTANGULAR_24H_ESTIMATED,82.891,28.603,18.618,2606.771,0.28,2.487999876793815e-10,0.63075,28.256,0.19609,92,134,19.23567,0.00004,18.00455,5.82441,240.8596,371.4916,1.0267,ALERTA,56,9.791464e-9,NASA_POWER_POINT_DAILY_PRECTOTCORR,FEM2D_CST_PLANE_STRAIN_V1,TA01_ASSUMPTION_RANGE,FEM_2D_REAL_LINEAL_NO_CALIBRADO
TA01-S0013,2024-11-12,2,0.261667,0.523333,6.28,RECTANGULAR_24H_ESTIMATED,82.891,28.603,18.618,2606.771,0.28,2.487999876793815e-10,0.63075,28.256,0.19609,92,134,19.23564,0.00009,18.00453,5.82442,240.8612,371.4914,1.0267,ALERTA,57,4.904918e-9,NASA_POWER_POINT_DAILY_PRECTOTCORR,FEM2D_CST_PLANE_STRAIN_V1,TA01_ASSUMPTION_RANGE,FEM_2D_REAL_LINEAL_NO_CALIBRADO
TA01-S0013,2024-11-12,3,0.261667,0.785,6.28,RECTANGULAR_24H_ESTIMATED,82.891,28.603,18.618,2606.771,0.28,2.487999876793815e-10,0.63075,28.256,0.19609,92,134,19.23562,0.00013,18.0045,5.82444,240.8628,371.4912,1.0267,ALERTA,57,4.904755e-9,NASA_POWER_POINT_DAILY_PRECTOTCORR,FEM2D_CST_PLANE_STRAIN_V1,TA01_ASSUMPTION_RANGE,FEM_2D_REAL_LINEAL_NO_CALIBRADO
TA01-S0013,2024-11-12,4,0.261667,1.046667,6.28,RECTANGULAR_24H_ESTIMATED,82.891,28.603,18.618,2606.771,0.28,2.487999876793815e-10,0.63075,28.256,0.19609,92,134,19.23559,0.00017,18.00448,5.82445,240.8644,371.491,1.0267,ALERTA,57,4.906608e-9,NASA_POWER_POINT_DAILY_PRECTOTCORR,FEM2D_CST_PLANE_STRAIN_V1,TA01_ASSUMPTION_RANGE,FEM_2D_REAL_LINEAL_NO_CALIBRADO
TA01-S0013,2024-11-12,5,0.261667,1.308333,6.28,RECTANGULAR_24H_ESTIMATED,82.891,28.603,18.618,2606.771,0.28,2.487999876793815e-10,0.63075,28.256,0.19609,92,134,19.23556,0.00022,18.00446,5.82447,240.8659,371.4908,1.0267,ALERTA,57,4.907702e-9,NASA_POWER_POINT_DAILY_PRECTOTCORR,FEM2D_CST_PLANE_STRAIN_V1,TA01_ASSUMPTION_RANGE,FEM_2D_REAL_LINEAL_NO_CALIBRADO
TA01-S0013,2024-11-12,6,0.261667,1.57,6.28,RECTANGULAR_24H_ESTIMATED,82.891,28.603,18.618,2606.771,0.28,2.487999876793815e-10,0.63075,28.256,0.19609,92,134,19.23554,0.00026,18.00443,5.82449,240.8675,371.4906,1.0267,ALERTA,57,4.904564e-9,NASA_POWER_POINT_DAILY_PRECTOTCORR,FEM2D_CST_PLANE_STRAIN_V1,TA01_ASSUMPTION_RANGE,FEM_2D_REAL_LINEAL_NO_CALIBRADO
TA01-S0013,2024-11-12,7,0.261667,1.831667,6.28,RECTANGULAR_24H_ESTIMATED,82.891,28.603,18.618,2606.771,0.28,2.487999876793815e-10,0.63075,28.256,0.19609,92,134,19.23551,0.00031,18.00441,5.8245,240.8691,371.4904,1.0267,ALERTA,57,4.906762e-9,NASA_POWER_POINT_DAILY_PRECTOTCORR,FEM2D_CST_PLANE_STRAIN_V1,TA01_ASSUMPTION_RANGE,FEM_2D_REAL_LINEAL_NO_CALIBRADO
TA01-S0013,2024-11-12,8,0.261667,2.093333,6.28,RECTANGULAR_24H_ESTIMATED,82.891,28.603,18.618,2606.771,0.28,2.487999876793815e-10,0.63075,28.256,0.19609,92,134,19.23548,0.00035,18.00439,5.82452,240.8707,371.4902,1.0267,ALERTA,57,4.905889e-9,NASA_POWER_POINT_DAILY_PRECTOTCORR,FEM2D_CST_PLANE_STRAIN_V1,TA01_ASSUMPTION_RANGE,FEM_2D_REAL_LINEAL_NO_CALIBRADO
TA01-S0013,2024-11-12,9,0.261667,2.355,6.28,RECTANGULAR_24H_ESTIMATED,82.891,28.603,18.618,2606.771,0.28,2.487999876793815e-10,0.63075,28.256,0.19609,92,134,19.23546,0.00039,18.00436,5.82453,240.8723,371.49,1.0267,ALERTA,57,4.909723e-9,NASA_POWER_POINT_DAILY_PRECTOTCORR,FEM2D_CST_PLANE_STRAIN_V1,TA01_ASSUMPTION_RANGE,FEM_2D_REAL_LINEAL_NO_CALIBRADO
TA01-S0013,2024-11-12,10,0.261667,2.616667,6.28,RECTANGULAR_24H_ESTIMATED,82.891,28.603,18.618,2606.771,0.28,2.487999876793815e-10,0.63075,28.256,0.19609,92,134,19.23543,0.00044,18.00434,5.82455,240.8739,371.4898,1.0267,ALERTA,57,4.905588e-9,NASA_POWER_POINT_DAILY_PRECTOTCORR,FEM2D_CST_PLANE_STRAIN_V1,TA01_ASSUMPTION_RANGE,FEM_2D_REAL_LINEAL_NO_CALIBRADO
TA01-S0013,2024-11-12,11,0.261667,2.878333,6.28,RECTANGULAR_24H_ESTIMATED,82.891,28.603,18.618,2606.771,0.28,2.487999876793815e-10,0.63075,28.256,0.19609,92,134,19.2354,0.00048,18.00432,5.82456,240.8754,371.4896,1.0267,ALERTA,57,4.905905e-9,NASA_POWER_POINT_DAILY_PRECTOTCORR,FEM2D_CST_PLANE_STRAIN_V1,TA01_ASSUMPTION_RANGE,FEM_2D_REAL_LINEAL_NO_CALIBRADO
TA01-S0013,2024-11-12,12,0.261667,3.14,6.28,RECTANGULAR_24H_ESTIMATED,82.891,28.603,18.618,2606.771,0.28,2.487999876793815e-10,0.63075,28.256,0.19609,92,134,19.23538,0.00052,18.00429,5.82458,240.877,371.4894,1.0267,ALERTA,57,4.905271e-9,NASA_POWER_POINT_DAILY_PRECTOTCORR,FEM2D_CST_PLANE_STRAIN_V1,TA01_ASSUMPTION_RANGE,FEM_2D_REAL_LINEAL_NO_CALIBRADO
TA01-S0013,2024-11-12,13,0.261667,3.401667,6.28,RECTANGULAR_24H_ESTIMATED,82.891,28.603,18.618,2606.771,0.28,2.487999876793815e-10,0.63075,28.256,0.19609,92,134,19.23535,0.00057,18.00427,5.8246,240.8786,371.4892,1.0267,ALERTA,57,4.912192e-9,NASA_POWER_POINT_DAILY_PRECTOTCORR,FEM2D_CST_PLANE_STRAIN_V1,TA01_ASSUMPTION_RANGE,FEM_2D_REAL_LINEAL_NO_CALIBRADO
TA01-S0013,2024-11-12,14,0.261667,3.663333,6.28,RECTANGULAR_24H_ESTIMATED,82.891,28.603,18.618,2606.771,0.28,2.487999876793815e-10,0.63075,28.256,0.19609,92,134,19.23532,0.00061,18.00425,5.82461,240.8802,371.489,1.0267,ALERTA,57,4.90541e-9,NASA_POWER_POINT_DAILY_PRECTOTCORR,FEM2D_CST_PLANE_STRAIN_V1,TA01_ASSUMPTION_RANGE,FEM_2D_REAL_LINEAL_NO_CALIBRADO
TA01-S0013,2024-11-12,15,0.261667,3.925,6.28,RECTANGULAR_24H_ESTIMATED,82.891,28.603,18.618,2606.771,0.28,2.487999876793815e-10,0.63075,28.256,0.19609,92,134,19.23529,0.00065,18.00422,5.82463,240.8818,371.4888,1.0267,ALERTA,57,4.905123e-9,NASA_POWER_POINT_DAILY_PRECTOTCORR,FEM2D_CST_PLANE_STRAIN_V1,TA01_ASSUMPTION_RANGE,FEM_2D_REAL_LINEAL_NO_CALIBRADO
TA01-S0013,2024-11-12,16,0.261667,4.186667,6.28,RECTANGULAR_24H_ESTIMATED,82.891,28.603,18.618,2606.771,0.28,2.487999876793815e-10,0.63075,28.256,0.19609,92,134,19.23527,0.0007,18.0042,5.82464,240.8834,371.4886,1.0267,ALERTA,57,5.057292e-9,NASA_POWER_POINT_DAILY_PRECTOTCORR,FEM2D_CST_PLANE_STRAIN_V1,TA01_ASSUMPTION_RANGE,FEM_2D_REAL_LINEAL_NO_CALIBRADO
TA01-S0013,2024-11-12,17,0.261667,4.448333,6.28,RECTANGULAR_24H_ESTIMATED,82.891,28.603,18.618,2606.771,0.28,2.487999876793815e-10,0.63075,28.256,0.19609,92,134,19.23524,0.00074,18.00418,5.82466,240.8849,371.4883,1.0267,ALERTA,57,4.904215e-9,NASA_POWER_POINT_DAILY_PRECTOTCORR,FEM2D_CST_PLANE_STRAIN_V1,TA01_ASSUMPTION_RANGE,FEM_2D_REAL_LINEAL_NO_CALIBRADO
TA01-S0013,2024-11-12,18,0.261667,4.71,6.28,RECTANGULAR_24H_ESTIMATED,82.891,28.603,18.618,2606.771,0.28,2.487999876793815e-10,0.63075,28.256,0.19609,92,134,19.23521,0.00079,18.00415,5.82468,240.8865,371.4881,1.0267,ALERTA,57,4.904348e-9,NASA_POWER_POINT_DAILY_PRECTOTCORR,FEM2D_CST_PLANE_STRAIN_V1,TA01_ASSUMPTION_RANGE,FEM_2D_REAL_LINEAL_NO_CALIBRADO
TA01-S0013,2024-11-12,19,0.261667,4.971667,6.28,RECTANGULAR_24H_ESTIMATED,82.891,28.603,18.618,2606.771,0.28,2.487999876793815e-10,0.63075,28.256,0.19609,92,134,19.23519,0.00083,18.00413,5.82469,240.8881,371.4879,1.0267,ALERTA,57,4.906934e-9,NASA_POWER_POINT_DAILY_PRECTOTCORR,FEM2D_CST_PLANE_STRAIN_V1,TA01_ASSUMPTION_RANGE,FEM_2D_REAL_LINEAL_NO_CALIBRADO
TA01-S0013,2024-11-12,20,0.261667,5.233333,6.28,RECTANGULAR_24H_ESTIMATED,82.891,28.603,18.618,2606.771,0.28,2.487999876793815e-10,0.63075,28.256,0.19609,92,134,19.23516,0.00087,18.00411,5.82471,240.8897,371.4877,1.0267,ALERTA,57,4.904037e-9,NASA_POWER_POINT_DAILY_PRECTOTCORR,FEM2D_CST_PLANE_STRAIN_V1,TA01_ASSUMPTION_RANGE,FEM_2D_REAL_LINEAL_NO_CALIBRADO
TA01-S0013,2024-11-12,21,0.261667,5.495,6.28,RECTANGULAR_24H_ESTIMATED,82.891,28.603,18.618,2606.771,0.28,2.487999876793815e-10,0.63075,28.256,0.19609,92,134,19.23513,0.00092,18.00408,5.82472,240.8913,371.4875,1.0267,ALERTA,57,4.906447e-9,NASA_POWER_POINT_DAILY_PRECTOTCORR,FEM2D_CST_PLANE_STRAIN_V1,TA01_ASSUMPTION_RANGE,FEM_2D_REAL_LINEAL_NO_CALIBRADO
TA01-S0013,2024-11-12,22,0.261667,5.756667,6.28,RECTANGULAR_24H_ESTIMATED,82.891,28.603,18.618,2606.771,0.28,2.487999876793815e-10,0.63075,28.256,0.19609,92,134,19.23511,0.00096,18.00406,5.82474,240.8929,371.4873,1.0267,ALERTA,57,4.903794e-9,NASA_POWER_POINT_DAILY_PRECTOTCORR,FEM2D_CST_PLANE_STRAIN_V1,TA01_ASSUMPTION_RANGE,FEM_2D_REAL_LINEAL_NO_CALIBRADO
TA01-S0013,2024-11-12,23,0.261667,6.018333,6.28,RECTANGULAR_24H_ESTIMATED,82.891,28.603,18.618,2606.771,0.28,2.487999876793815e-10,0.63075,28.256,0.19609,92,134,19.23508,0.001,18.00404,5.82475,240.8945,371.4871,1.0267,ALERTA,57,4.905618e-9,NASA_POWER_POINT_DAILY_PRECTOTCORR,FEM2D_CST_PLANE_STRAIN_V1,TA01_ASSUMPTION_RANGE,FEM_2D_REAL_LINEAL_NO_CALIBRADO
TA01-S0013,2024-11-12,24,0.261667,6.28,6.28,RECTANGULAR_24H_ESTIMATED,82.891,28.603,18.618,2606.771,0.28,2.487999876793815e-10,0.63075,28.256,0.19609,92,134,19.23505,0.00105,18.00401,5.82477,240.896,371.4869,1.0267,ALERTA,57,4.903956e-9,NASA_POWER_POINT_DAILY_PRECTOTCORR,FEM2D_CST_PLANE_STRAIN_V1,TA01_ASSUMPTION_RANGE,FEM_2D_REAL_LINEAL_NO_CALIBRADO
TA01-S0014,2022-12-29,1,0,0,2.08,RECTANGULAR_12H_ESTIMATED,135.997,26.344,18.998,784.085,0.28,1.108096512498106e-9,0.5734,43.414,0.29497,92,134,63.07227,0,59.07906,28.73995,389.558,349.512,1.2424,VIGILANCIA,57,6.767044e-9,NASA_POWER_POINT_DAILY_PRECTOTCORR,FEM2D_CST_PLANE_STRAIN_V1,TA01_ASSUMPTION_RANGE,FEM_2D_REAL_LINEAL_NO_CALIBRADO
TA01-S0014,2022-12-29,2,0,0,2.08,RECTANGULAR_12H_ESTIMATED,135.997,26.344,18.998,784.085,0.28,1.108096512498106e-9,0.5734,43.414,0.29497,92,134,63.07227,0,59.07906,28.73995,389.558,349.512,1.2424,VIGILANCIA,57,6.767044e-9,NASA_POWER_POINT_DAILY_PRECTOTCORR,FEM2D_CST_PLANE_STRAIN_V1,TA01_ASSUMPTION_RANGE,FEM_2D_REAL_LINEAL_NO_CALIBRADO
TA01-S0014,2022-12-29,3,0,0,2.08,RECTANGULAR_12H_ESTIMATED,135.997,26.344,18.998,784.085,0.28,1.108096512498106e-9,0.5734,43.414,0.29497,92,134,63.07227,0,59.07906,28.73995,389.558,349.512,1.2424,VIGILANCIA,57,6.767044e-9,NASA_POWER_POINT_DAILY_PRECTOTCORR,FEM2D_CST_PLANE_STRAIN_V1,TA01_ASSUMPTION_RANGE,FEM_2D_REAL_LINEAL_NO_CALIBRADO
TA01-S0014,2022-12-29,4,0,0,2.08,RECTANGULAR_12H_ESTIMATED,135.997,26.344,18.998,784.085,0.28,1.108096512498106e-9,0.5734,43.414,0.29497,92,134,63.07227,0,59.07906,28.73995,389.558,349.512,1.2424,VIGILANCIA,57,6.767044e-9,NASA_POWER_POINT_DAILY_PRECTOTCORR,FEM2D_CST_PLANE_STRAIN_V1,TA01_ASSUMPTION_RANGE,FEM_2D_REAL_LINEAL_NO_CALIBRADO
TA01-S0014,2022-12-29,5,0,0,2.08,RECTANGULAR_12H_ESTIMATED,135.997,26.344,18.998,784.085,0.28,1.108096512498106e-9,0.5734,43.414,0.29497,92,134,63.07227,0,59.07906,28.73995,389.558,349.512,1.2424,VIGILANCIA,57,6.767044e-9,NASA_POWER_POINT_DAILY_PRECTOTCORR,FEM2D_CST_PLANE_STRAIN_V1,TA01_ASSUMPTION_RANGE,FEM_2D_REAL_LINEAL_NO_CALIBRADO
TA01-S0014,2022-12-29,6,0,0,2.08,RECTANGULAR_12H_ESTIMATED,135.997,26.344,18.998,784.085,0.28,1.108096512498106e-9,0.5734,43.414,0.29497,92,134,63.07227,0,59.07906,28.73995,389.558,349.512,1.2424,VIGILANCIA,57,6.767044e-9,NASA_POWER_POINT_DAILY_PRECTOTCORR,FEM2D_CST_PLANE_STRAIN_V1,TA01_ASSUMPTION_RANGE,FEM_2D_REAL_LINEAL_NO_CALIBRADO
TA01-S0014,2022-12-29,7,0.173333,0.173333,2.08,RECTANGULAR_12H_ESTIMATED,135.997,26.344,18.998,784.085,0.28,1.108096512498106e-9,0.5734,43.414,0.29497,92,134,63.07222,0.00009,59.07901,28.74,389.559,349.5119,1.2424,VIGILANCIA,57,6.850749e-9,NASA_POWER_POINT_DAILY_PRECTOTCORR,FEM2D_CST_PLANE_STRAIN_V1,TA01_ASSUMPTION_RANGE,FEM_2D_REAL_LINEAL_NO_CALIBRADO
TA01-S0014,2022-12-29,8,0.173333,0.346667,2.08,RECTANGULAR_12H_ESTIMATED,135.997,26.344,18.998,784.085,0.28,1.108096512498106e-9,0.5734,43.414,0.29497,92,134,63.07216,0.00017,59.07897,28.74005,389.5599,349.5118,1.2424,VIGILANCIA,57,6.784857e-9,NASA_POWER_POINT_DAILY_PRECTOTCORR,FEM2D_CST_PLANE_STRAIN_V1,TA01_ASSUMPTION_RANGE,FEM_2D_REAL_LINEAL_NO_CALIBRADO
TA01-S0014,2022-12-29,9,0.173333,0.52,2.08,RECTANGULAR_12H_ESTIMATED,135.997,26.344,18.998,784.085,0.28,1.108096512498106e-9,0.5734,43.414,0.29497,92,134,63.07211,0.00026,59.07892,28.7401,389.5608,349.5117,1.2424,VIGILANCIA,57,6.758344e-9,NASA_POWER_POINT_DAILY_PRECTOTCORR,FEM2D_CST_PLANE_STRAIN_V1,TA01_ASSUMPTION_RANGE,FEM_2D_REAL_LINEAL_NO_CALIBRADO
TA01-S0014,2022-12-29,10,0.173333,0.693333,2.08,RECTANGULAR_12H_ESTIMATED,135.997,26.344,18.998,784.085,0.28,1.108096512498106e-9,0.5734,43.414,0.29497,92,134,63.07206,0.00035,59.07887,28.74015,389.5618,349.5116,1.2424,VIGILANCIA,57,6.823078e-9,NASA_POWER_POINT_DAILY_PRECTOTCORR,FEM2D_CST_PLANE_STRAIN_V1,TA01_ASSUMPTION_RANGE,FEM_2D_REAL_LINEAL_NO_CALIBRADO
TA01-S0014,2022-12-29,11,0.173333,0.866667,2.08,RECTANGULAR_12H_ESTIMATED,135.997,26.344,18.998,784.085,0.28,1.108096512498106e-9,0.5734,43.414,0.29497,92,134,63.07201,0.00043,59.07883,28.7402,389.5627,349.5115,1.2424,VIGILANCIA,57,6.759299e-9,NASA_POWER_POINT_DAILY_PRECTOTCORR,FEM2D_CST_PLANE_STRAIN_V1,TA01_ASSUMPTION_RANGE,FEM_2D_REAL_LINEAL_NO_CALIBRADO
TA01-S0014,2022-12-29,12,0.173333,1.04,2.08,RECTANGULAR_12H_ESTIMATED,135.997,26.344,18.998,784.085,0.28,1.108096512498106e-9,0.5734,43.414,0.29497,92,134,63.07195,0.00052,59.07878,28.74025,389.5637,349.5114,1.2424,VIGILANCIA,57,6.838518e-9,NASA_POWER_POINT_DAILY_PRECTOTCORR,FEM2D_CST_PLANE_STRAIN_V1,TA01_ASSUMPTION_RANGE,FEM_2D_REAL_LINEAL_NO_CALIBRADO
TA01-S0014,2022-12-29,13,0.173333,1.213333,2.08,RECTANGULAR_12H_ESTIMATED,135.997,26.344,18.998,784.085,0.28,1.108096512498106e-9,0.5734,43.414,0.29497,92,134,63.0719,0.00061,59.07874,28.7403,389.5646,349.5113,1.2424,VIGILANCIA,57,6.760508e-9,NASA_POWER_POINT_DAILY_PRECTOTCORR,FEM2D_CST_PLANE_STRAIN_V1,TA01_ASSUMPTION_RANGE,FEM_2D_REAL_LINEAL_NO_CALIBRADO
TA01-S0014,2022-12-29,14,0.173333,1.386667,2.08,RECTANGULAR_12H_ESTIMATED,135.997,26.344,18.998,784.085,0.28,1.108096512498106e-9,0.5734,43.414,0.29497,92,134,63.07185,0.00069,59.07869,28.74035,389.5656,349.5111,1.2424,VIGILANCIA,57,6.783406e-9,NASA_POWER_POINT_DAILY_PRECTOTCORR,FEM2D_CST_PLANE_STRAIN_V1,TA01_ASSUMPTION_RANGE,FEM_2D_REAL_LINEAL_NO_CALIBRADO
TA01-S0014,2022-12-29,15,0.173333,1.56,2.08,RECTANGULAR_12H_ESTIMATED,135.997,26.344,18.998,784.085,0.28,1.108096512498106e-9,0.5734,43.414,0.29497,92,134,63.07179,0.00078,59.07864,28.7404,389.5665,349.511,1.2424,VIGILANCIA,57,6.767952e-9,NASA_POWER_POINT_DAILY_PRECTOTCORR,FEM2D_CST_PLANE_STRAIN_V1,TA01_ASSUMPTION_RANGE,FEM_2D_REAL_LINEAL_NO_CALIBRADO
TA01-S0014,2022-12-29,16,0.173333,1.733333,2.08,RECTANGULAR_12H_ESTIMATED,135.997,26.344,18.998,784.085,0.28,1.108096512498106e-9,0.5734,43.414,0.29497,92,134,63.07174,0.00086,59.0786,28.74045,389.5674,349.5109,1.2424,VIGILANCIA,57,6.807123e-9,NASA_POWER_POINT_DAILY_PRECTOTCORR,FEM2D_CST_PLANE_STRAIN_V1,TA01_ASSUMPTION_RANGE,FEM_2D_REAL_LINEAL_NO_CALIBRADO
TA01-S0014,2022-12-29,17,0.173333,1.906667,2.08,RECTANGULAR_12H_ESTIMATED,135.997,26.344,18.998,784.085,0.28,1.108096512498106e-9,0.5734,43.414,0.29497,92,134,63.07169,0.00095,59.07855,28.7405,389.5684,349.5108,1.2424,VIGILANCIA,57,6.775672e-9,NASA_POWER_POINT_DAILY_PRECTOTCORR,FEM2D_CST_PLANE_STRAIN_V1,TA01_ASSUMPTION_RANGE,FEM_2D_REAL_LINEAL_NO_CALIBRADO
TA01-S0014,2022-12-29,18,0.173333,2.08,2.08,RECTANGULAR_12H_ESTIMATED,135.997,26.344,18.998,784.085,0.28,1.108096512498106e-9,0.5734,43.414,0.29497,92,134,63.07164,0.00104,59.07851,28.74055,389.5693,349.5107,1.2424,VIGILANCIA,57,6.758939e-9,NASA_POWER_POINT_DAILY_PRECTOTCORR,FEM2D_CST_PLANE_STRAIN_V1,TA01_ASSUMPTION_RANGE,FEM_2D_REAL_LINEAL_NO_CALIBRADO
TA01-S0014,2022-12-29,19,0,2.08,2.08,RECTANGULAR_12H_ESTIMATED,135.997,26.344,18.998,784.085,0.28,1.108096512498106e-9,0.5734,43.414,0.29497,92,134,63.07164,0.00104,59.07851,28.74055,389.5693,349.5107,1.2424,VIGILANCIA,57,6.758939e-9,NASA_POWER_POINT_DAILY_PRECTOTCORR,FEM2D_CST_PLANE_STRAIN_V1,TA01_ASSUMPTION_RANGE,FEM_2D_REAL_LINEAL_NO_CALIBRADO
TA01-S0014,2022-12-29,20,0,2.08,2.08,RECTANGULAR_12H_ESTIMATED,135.997,26.344,18.998,784.085,0.28,1.108096512498106e-9,0.5734,43.414,0.29497,92,134,63.07164,0.00104,59.07851,28.74055,389.5693,349.5107,1.2424,VIGILANCIA,57,6.758939e-9,NASA_POWER_POINT_DAILY_PRECTOTCORR,FEM2D_CST_PLANE_STRAIN_V1,TA01_ASSUMPTION_RANGE,FEM_2D_REAL_LINEAL_NO_CALIBRADO
TA01-S0014,2022-12-29,21,0,2.08,2.08,RECTANGULAR_12H_ESTIMATED,135.997,26.344,18.998,784.085,0.28,1.108096512498106e-9,0.5734,43.414,0.29497,92,134,63.07164,0.00104,59.07851,28.74055,389.5693,349.5107,1.2424,VIGILANCIA,57,6.758939e-9,NASA_POWER_POINT_DAILY_PRECTOTCORR,FEM2D_CST_PLANE_STRAIN_V1,TA01_ASSUMPTION_RANGE,FEM_2D_REAL_LINEAL_NO_CALIBRADO
TA01-S0014,2022-12-29,22,0,2.08,2.08,RECTANGULAR_12H_ESTIMATED,135.997,26.344,18.998,784.085,0.28,1.108096512498106e-9,0.5734,43.414,0.29497,92,134,63.07164,0.00104,59.07851,28.74055,389.5693,349.5107,1.2424,VIGILANCIA,57,6.758939e-9,NASA_POWER_POINT_DAILY_PRECTOTCORR,FEM2D_CST_PLANE_STRAIN_V1,TA01_ASSUMPTION_RANGE,FEM_2D_REAL_LINEAL_NO_CALIBRADO
TA01-S0014,2022-12-29,23,0,2.08,2.08,RECTANGULAR_12H_ESTIMATED,135.997,26.344,18.998,784.085,0.28,1.108096512498106e-9,0.5734,43.414,0.29497,92,134,63.07164,0.00104,59.07851,28.74055,389.5693,349.5107,1.2424,VIGILANCIA,57,6.758939e-9,NASA_POWER_POINT_DAILY_PRECTOTCORR,FEM2D_CST_PLANE_STRAIN_V1,TA01_ASSUMPTION_RANGE,FEM_2D_REAL_LINEAL_NO_CALIBRADO
TA01-S0014,2022-12-29,24,0,2.08,2.08,RECTANGULAR_12H_ESTIMATED,135.997,26.344,18.998,784.085,0.28,1.108096512498106e-9,0.5734,43.414,0.29497,92,134,63.07164,0.00104,59.07851,28.74055,389.5693,349.5107,1.2424,VIGILANCIA,57,6.758939e-9,NASA_POWER_POINT_DAILY_PRECTOTCORR,FEM2D_CST_PLANE_STRAIN_V1,TA01_ASSUMPTION_RANGE,FEM_2D_REAL_LINEAL_NO_CALIBRADO
TA01-S0015,2020-05-13,1,0,0,0.01,RECTANGULAR_6H_ESTIMATED,174.489,32.399,24.615,1669.313,0.28,1.3423792454636516e-10,0.83354,54.761,0.14821,92,134,37.61873,0,35.41333,19.32191,500.8721,431.5284,1.3002,NORMAL,57,8.193441e-9,NASA_POWER_POINT_DAILY_PRECTOTCORR,FEM2D_CST_PLANE_STRAIN_V1,TA01_ASSUMPTION_RANGE,FEM_2D_REAL_LINEAL_NO_CALIBRADO
TA01-S0015,2020-05-13,2,0,0,0.01,RECTANGULAR_6H_ESTIMATED,174.489,32.399,24.615,1669.313,0.28,1.3423792454636516e-10,0.83354,54.761,0.14821,92,134,37.61873,0,35.41333,19.32191,500.8721,431.5284,1.3002,NORMAL,57,8.193441e-9,NASA_POWER_POINT_DAILY_PRECTOTCORR,FEM2D_CST_PLANE_STRAIN_V1,TA01_ASSUMPTION_RANGE,FEM_2D_REAL_LINEAL_NO_CALIBRADO
TA01-S0015,2020-05-13,3,0,0,0.01,RECTANGULAR_6H_ESTIMATED,174.489,32.399,24.615,1669.313,0.28,1.3423792454636516e-10,0.83354,54.761,0.14821,92,134,37.61873,0,35.41333,19.32191,500.8721,431.5284,1.3002,NORMAL,57,8.193441e-9,NASA_POWER_POINT_DAILY_PRECTOTCORR,FEM2D_CST_PLANE_STRAIN_V1,TA01_ASSUMPTION_RANGE,FEM_2D_REAL_LINEAL_NO_CALIBRADO
TA01-S0015,2020-05-13,4,0,0,0.01,RECTANGULAR_6H_ESTIMATED,174.489,32.399,24.615,1669.313,0.28,1.3423792454636516e-10,0.83354,54.761,0.14821,92,134,37.61873,0,35.41333,19.32191,500.8721,431.5284,1.3002,NORMAL,57,8.193441e-9,NASA_POWER_POINT_DAILY_PRECTOTCORR,FEM2D_CST_PLANE_STRAIN_V1,TA01_ASSUMPTION_RANGE,FEM_2D_REAL_LINEAL_NO_CALIBRADO
TA01-S0015,2020-05-13,5,0,0,0.01,RECTANGULAR_6H_ESTIMATED,174.489,32.399,24.615,1669.313,0.28,1.3423792454636516e-10,0.83354,54.761,0.14821,92,134,37.61873,0,35.41333,19.32191,500.8721,431.5284,1.3002,NORMAL,57,8.193441e-9,NASA_POWER_POINT_DAILY_PRECTOTCORR,FEM2D_CST_PLANE_STRAIN_V1,TA01_ASSUMPTION_RANGE,FEM_2D_REAL_LINEAL_NO_CALIBRADO
TA01-S0015,2020-05-13,6,0,0,0.01,RECTANGULAR_6H_ESTIMATED,174.489,32.399,24.615,1669.313,0.28,1.3423792454636516e-10,0.83354,54.761,0.14821,92,134,37.61873,0,35.41333,19.32191,500.8721,431.5284,1.3002,NORMAL,57,8.193441e-9,NASA_POWER_POINT_DAILY_PRECTOTCORR,FEM2D_CST_PLANE_STRAIN_V1,TA01_ASSUMPTION_RANGE,FEM_2D_REAL_LINEAL_NO_CALIBRADO
TA01-S0015,2020-05-13,7,0,0,0.01,RECTANGULAR_6H_ESTIMATED,174.489,32.399,24.615,1669.313,0.28,1.3423792454636516e-10,0.83354,54.761,0.14821,92,134,37.61873,0,35.41333,19.32191,500.8721,431.5284,1.3002,NORMAL,57,8.193441e-9,NASA_POWER_POINT_DAILY_PRECTOTCORR,FEM2D_CST_PLANE_STRAIN_V1,TA01_ASSUMPTION_RANGE,FEM_2D_REAL_LINEAL_NO_CALIBRADO
TA01-S0015,2020-05-13,8,0,0,0.01,RECTANGULAR_6H_ESTIMATED,174.489,32.399,24.615,1669.313,0.28,1.3423792454636516e-10,0.83354,54.761,0.14821,92,134,37.61873,0,35.41333,19.32191,500.8721,431.5284,1.3002,NORMAL,57,8.193441e-9,NASA_POWER_POINT_DAILY_PRECTOTCORR,FEM2D_CST_PLANE_STRAIN_V1,TA01_ASSUMPTION_RANGE,FEM_2D_REAL_LINEAL_NO_CALIBRADO
TA01-S0015,2020-05-13,9,0,0,0.01,RECTANGULAR_6H_ESTIMATED,174.489,32.399,24.615,1669.313,0.28,1.3423792454636516e-10,0.83354,54.761,0.14821,92,134,37.61873,0,35.41333,19.32191,500.8721,431.5284,1.3002,NORMAL,57,8.193441e-9,NASA_POWER_POINT_DAILY_PRECTOTCORR,FEM2D_CST_PLANE_STRAIN_V1,TA01_ASSUMPTION_RANGE,FEM_2D_REAL_LINEAL_NO_CALIBRADO
TA01-S0015,2020-05-13,10,0.001667,0.001667,0.01,RECTANGULAR_6H_ESTIMATED,174.489,32.399,24.615,1669.313,0.28,1.3423792454636516e-10,0.83354,54.761,0.14821,92,134,37.61873,0,35.41333,19.32191,500.8721,431.5284,1.3002,NORMAL,57,8.234438e-9,NASA_POWER_POINT_DAILY_PRECTOTCORR,FEM2D_CST_PLANE_STRAIN_V1,TA01_ASSUMPTION_RANGE,FEM_2D_REAL_LINEAL_NO_CALIBRADO
TA01-S0015,2020-05-13,11,0.001667,0.003333,0.01,RECTANGULAR_6H_ESTIMATED,174.489,32.399,24.615,1669.313,0.28,1.3423792454636516e-10,0.83354,54.761,0.14821,92,134,37.61873,0,35.41333,19.32191,500.8721,431.5284,1.3002,NORMAL,57,8.261366e-9,NASA_POWER_POINT_DAILY_PRECTOTCORR,FEM2D_CST_PLANE_STRAIN_V1,TA01_ASSUMPTION_RANGE,FEM_2D_REAL_LINEAL_NO_CALIBRADO
TA01-S0015,2020-05-13,12,0.001667,0.005,0.01,RECTANGULAR_6H_ESTIMATED,174.489,32.399,24.615,1669.313,0.28,1.3423792454636516e-10,0.83354,54.761,0.14821,92,134,37.61873,0,35.41333,19.32191,500.8721,431.5284,1.3002,NORMAL,57,8.27067e-9,NASA_POWER_POINT_DAILY_PRECTOTCORR,FEM2D_CST_PLANE_STRAIN_V1,TA01_ASSUMPTION_RANGE,FEM_2D_REAL_LINEAL_NO_CALIBRADO
TA01-S0015,2020-05-13,13,0.001667,0.006667,0.01,RECTANGULAR_6H_ESTIMATED,174.489,32.399,24.615,1669.313,0.28,1.3423792454636516e-10,0.83354,54.761,0.14821,92,134,37.61873,0,35.41333,19.32191,500.8721,431.5284,1.3002,NORMAL,57,8.190397e-9,NASA_POWER_POINT_DAILY_PRECTOTCORR,FEM2D_CST_PLANE_STRAIN_V1,TA01_ASSUMPTION_RANGE,FEM_2D_REAL_LINEAL_NO_CALIBRADO
TA01-S0015,2020-05-13,14,0.001667,0.008333,0.01,RECTANGULAR_6H_ESTIMATED,174.489,32.399,24.615,1669.313,0.28,1.3423792454636516e-10,0.83354,54.761,0.14821,92,134,37.61873,0,35.41333,19.32191,500.8721,431.5284,1.3002,NORMAL,57,8.215636e-9,NASA_POWER_POINT_DAILY_PRECTOTCORR,FEM2D_CST_PLANE_STRAIN_V1,TA01_ASSUMPTION_RANGE,FEM_2D_REAL_LINEAL_NO_CALIBRADO
TA01-S0015,2020-05-13,15,0.001667,0.01,0.01,RECTANGULAR_6H_ESTIMATED,174.489,32.399,24.615,1669.313,0.28,1.3423792454636516e-10,0.83354,54.761,0.14821,92,134,37.61872,0,35.41332,19.32191,500.8721,431.5284,1.3002,NORMAL,57,8.201946e-9,NASA_POWER_POINT_DAILY_PRECTOTCORR,FEM2D_CST_PLANE_STRAIN_V1,TA01_ASSUMPTION_RANGE,FEM_2D_REAL_LINEAL_NO_CALIBRADO
TA01-S0015,2020-05-13,16,0,0.01,0.01,RECTANGULAR_6H_ESTIMATED,174.489,32.399,24.615,1669.313,0.28,1.3423792454636516e-10,0.83354,54.761,0.14821,92,134,37.61872,0,35.41332,19.32191,500.8721,431.5284,1.3002,NORMAL,57,8.201946e-9,NASA_POWER_POINT_DAILY_PRECTOTCORR,FEM2D_CST_PLANE_STRAIN_V1,TA01_ASSUMPTION_RANGE,FEM_2D_REAL_LINEAL_NO_CALIBRADO
TA01-S0015,2020-05-13,17,0,0.01,0.01,RECTANGULAR_6H_ESTIMATED,174.489,32.399,24.615,1669.313,0.28,1.3423792454636516e-10,0.83354,54.761,0.14821,92,134,37.61872,0,35.41332,19.32191,500.8721,431.5284,1.3002,NORMAL,57,8.201946e-9,NASA_POWER_POINT_DAILY_PRECTOTCORR,FEM2D_CST_PLANE_STRAIN_V1,TA01_ASSUMPTION_RANGE,FEM_2D_REAL_LINEAL_NO_CALIBRADO
TA01-S0015,2020-05-13,18,0,0.01,0.01,RECTANGULAR_6H_ESTIMATED,174.489,32.399,24.615,1669.313,0.28,1.3423792454636516e-10,0.83354,54.761,0.14821,92,134,37.61872,0,35.41332,19.32191,500.8721,431.5284,1.3002,NORMAL,57,8.201946e-9,NASA_POWER_POINT_DAILY_PRECTOTCORR,FEM2D_CST_PLANE_STRAIN_V1,TA01_ASSUMPTION_RANGE,FEM_2D_REAL_LINEAL_NO_CALIBRADO
TA01-S0015,2020-05-13,19,0,0.01,0.01,RECTANGULAR_6H_ESTIMATED,174.489,32.399,24.615,1669.313,0.28,1.3423792454636516e-10,0.83354,54.761,0.14821,92,134,37.61872,0,35.41332,19.32191,500.8721,431.5284,1.3002,NORMAL,57,8.201946e-9,NASA_POWER_POINT_DAILY_PRECTOTCORR,FEM2D_CST_PLANE_STRAIN_V1,TA01_ASSUMPTION_RANGE,FEM_2D_REAL_LINEAL_NO_CALIBRADO
TA01-S0015,2020-05-13,20,0,0.01,0.01,RECTANGULAR_6H_ESTIMATED,174.489,32.399,24.615,1669.313,0.28,1.3423792454636516e-10,0.83354,54.761,0.14821,92,134,37.61872,0,35.41332,19.32191,500.8721,431.5284,1.3002,NORMAL,57,8.201946e-9,NASA_POWER_POINT_DAILY_PRECTOTCORR,FEM2D_CST_PLANE_STRAIN_V1,TA01_ASSUMPTION_RANGE,FEM_2D_REAL_LINEAL_NO_CALIBRADO
TA01-S0015,2020-05-13,21,0,0.01,0.01,RECTANGULAR_6H_ESTIMATED,174.489,32.399,24.615,1669.313,0.28,1.3423792454636516e-10,0.83354,54.761,0.14821,92,134,37.61872,0,35.41332,19.32191,500.8721,431.5284,1.3002,NORMAL,57,8.201946e-9,NASA_POWER_POINT_DAILY_PRECTOTCORR,FEM2D_CST_PLANE_STRAIN_V1,TA01_ASSUMPTION_RANGE,FEM_2D_REAL_LINEAL_NO_CALIBRADO
TA01-S0015,2020-05-13,22,0,0.01,0.01,RECTANGULAR_6H_ESTIMATED,174.489,32.399,24.615,1669.313,0.28,1.3423792454636516e-10,0.83354,54.761,0.14821,92,134,37.61872,0,35.41332,19.32191,500.8721,431.5284,1.3002,NORMAL,57,8.201946e-9,NASA_POWER_POINT_DAILY_PRECTOTCORR,FEM2D_CST_PLANE_STRAIN_V1,TA01_ASSUMPTION_RANGE,FEM_2D_REAL_LINEAL_NO_CALIBRADO
TA01-S0015,2020-05-13,23,0,0.01,0.01,RECTANGULAR_6H_ESTIMATED,174.489,32.399,24.615,1669.313,0.28,1.3423792454636516e-10,0.83354,54.761,0.14821,92,134,37.61872,0,35.41332,19.32191,500.8721,431.5284,1.3002,NORMAL,57,8.201946e-9,NASA_POWER_POINT_DAILY_PRECTOTCORR,FEM2D_CST_PLANE_STRAIN_V1,TA01_ASSUMPTION_RANGE,FEM_2D_REAL_LINEAL_NO_CALIBRADO
TA01-S0015,2020-05-13,24,0,0.01,0.01,RECTANGULAR_6H_ESTIMATED,174.489,32.399,24.615,1669.313,0.28,1.3423792454636516e-10,0.83354,54.761,0.14821,92,134,37.61872,0,35.41332,19.32191,500.8721,431.5284,1.3002,NORMAL,57,8.201946e-9,NASA_POWER_POINT_DAILY_PRECTOTCORR,FEM2D_CST_PLANE_STRAIN_V1,TA01_ASSUMPTION_RANGE,FEM_2D_REAL_LINEAL_NO_CALIBRADO
TA01-S0016,2022-12-02,1,0.009583,0.009583,0.23,RECTANGULAR_24H_ESTIMATED,95.184,36.12,18.294,2151.02,0.28,2.278674638936432e-9,0.37225,25.281,0.17457,92,134,23.00676,0,21.53501,6.63814,211.6734,369.1643,1.2625,VIGILANCIA,57,4.671268e-9,NASA_POWER_POINT_DAILY_PRECTOTCORR,FEM2D_CST_PLANE_STRAIN_V1,TA01_ASSUMPTION_RANGE,FEM_2D_REAL_LINEAL_NO_CALIBRADO
TA01-S0016,2022-12-02,2,0.009583,0.019167,0.23,RECTANGULAR_24H_ESTIMATED,95.184,36.12,18.294,2151.02,0.28,2.278674638936432e-9,0.37225,25.281,0.17457,92,134,23.00676,0.00001,21.53501,6.63814,211.6736,369.1642,1.2625,VIGILANCIA,57,4.669793e-9,NASA_POWER_POINT_DAILY_PRECTOTCORR,FEM2D_CST_PLANE_STRAIN_V1,TA01_ASSUMPTION_RANGE,FEM_2D_REAL_LINEAL_NO_CALIBRADO
TA01-S0016,2022-12-02,3,0.009583,0.02875,0.23,RECTANGULAR_24H_ESTIMATED,95.184,36.12,18.294,2151.02,0.28,2.278674638936432e-9,0.37225,25.281,0.17457,92,134,23.00676,0.00001,21.535,6.63814,211.6737,369.1642,1.2625,VIGILANCIA,57,4.669889e-9,NASA_POWER_POINT_DAILY_PRECTOTCORR,FEM2D_CST_PLANE_STRAIN_V1,TA01_ASSUMPTION_RANGE,FEM_2D_REAL_LINEAL_NO_CALIBRADO
TA01-S0016,2022-12-02,4,0.009583,0.038333,0.23,RECTANGULAR_24H_ESTIMATED,95.184,36.12,18.294,2151.02,0.28,2.278674638936432e-9,0.37225,25.281,0.17457,92,134,23.00675,0.00002,21.535,6.63814,211.6738,369.1642,1.2625,VIGILANCIA,57,4.669218e-9,NASA_POWER_POINT_DAILY_PRECTOTCORR,FEM2D_CST_PLANE_STRAIN_V1,TA01_ASSUMPTION_RANGE,FEM_2D_REAL_LINEAL_NO_CALIBRADO
TA01-S0016,2022-12-02,5,0.009583,0.047917,0.23,RECTANGULAR_24H_ESTIMATED,95.184,36.12,18.294,2151.02,0.28,2.278674638936432e-9,0.37225,25.281,0.17457,92,134,23.00675,0.00002,21.535,6.63815,211.674,369.1642,1.2625,VIGILANCIA,57,4.669284e-9,NASA_POWER_POINT_DAILY_PRECTOTCORR,FEM2D_CST_PLANE_STRAIN_V1,TA01_ASSUMPTION_RANGE,FEM_2D_REAL_LINEAL_NO_CALIBRADO
TA01-S0016,2022-12-02,6,0.009583,0.0575,0.23,RECTANGULAR_24H_ESTIMATED,95.184,36.12,18.294,2151.02,0.28,2.278674638936432e-9,0.37225,25.281,0.17457,92,134,23.00675,0.00003,21.535,6.63815,211.6741,369.1642,1.2625,VIGILANCIA,57,4.762521e-9,NASA_POWER_POINT_DAILY_PRECTOTCORR,FEM2D_CST_PLANE_STRAIN_V1,TA01_ASSUMPTION_RANGE,FEM_2D_REAL_LINEAL_NO_CALIBRADO
TA01-S0016,2022-12-02,7,0.009583,0.067083,0.23,RECTANGULAR_24H_ESTIMATED,95.184,36.12,18.294,2151.02,0.28,2.278674638936432e-9,0.37225,25.281,0.17457,92,134,23.00675,0.00003,21.53499,6.63815,211.6742,369.1641,1.2625,VIGILANCIA,57,4.669055e-9,NASA_POWER_POINT_DAILY_PRECTOTCORR,FEM2D_CST_PLANE_STRAIN_V1,TA01_ASSUMPTION_RANGE,FEM_2D_REAL_LINEAL_NO_CALIBRADO
TA01-S0016,2022-12-02,8,0.009583,0.076667,0.23,RECTANGULAR_24H_ESTIMATED,95.184,36.12,18.294,2151.02,0.28,2.278674638936432e-9,0.37225,25.281,0.17457,92,134,23.00674,0.00004,21.53499,6.63815,211.6744,369.1641,1.2625,VIGILANCIA,57,4.669245e-9,NASA_POWER_POINT_DAILY_PRECTOTCORR,FEM2D_CST_PLANE_STRAIN_V1,TA01_ASSUMPTION_RANGE,FEM_2D_REAL_LINEAL_NO_CALIBRADO
TA01-S0016,2022-12-02,9,0.009583,0.08625,0.23,RECTANGULAR_24H_ESTIMATED,95.184,36.12,18.294,2151.02,0.28,2.278674638936432e-9,0.37225,25.281,0.17457,92,134,23.00674,0.00004,21.53499,6.63815,211.6745,369.1641,1.2625,VIGILANCIA,57,4.669726e-9,NASA_POWER_POINT_DAILY_PRECTOTCORR,FEM2D_CST_PLANE_STRAIN_V1,TA01_ASSUMPTION_RANGE,FEM_2D_REAL_LINEAL_NO_CALIBRADO
TA01-S0016,2022-12-02,10,0.009583,0.095833,0.23,RECTANGULAR_24H_ESTIMATED,95.184,36.12,18.294,2151.02,0.28,2.278674638936432e-9,0.37225,25.281,0.17457,92,134,23.00674,0.00005,21.53499,6.63815,211.6747,369.1641,1.2625,VIGILANCIA,57,4.669849e-9,NASA_POWER_POINT_DAILY_PRECTOTCORR,FEM2D_CST_PLANE_STRAIN_V1,TA01_ASSUMPTION_RANGE,FEM_2D_REAL_LINEAL_NO_CALIBRADO
TA01-S0016,2022-12-02,11,0.009583,0.105417,0.23,RECTANGULAR_24H_ESTIMATED,95.184,36.12,18.294,2151.02,0.28,2.278674638936432e-9,0.37225,25.281,0.17457,92,134,23.00673,0.00005,21.53498,6.63815,211.6748,369.1641,1.2625,VIGILANCIA,57,4.669141e-9,NASA_POWER_POINT_DAILY_PRECTOTCORR,FEM2D_CST_PLANE_STRAIN_V1,TA01_ASSUMPTION_RANGE,FEM_2D_REAL_LINEAL_NO_CALIBRADO
TA01-S0016,2022-12-02,12,0.009583,0.115,0.23,RECTANGULAR_24H_ESTIMATED,95.184,36.12,18.294,2151.02,0.28,2.278674638936432e-9,0.37225,25.281,0.17457,92,134,23.00673,0.00006,21.53498,6.63815,211.6749,369.164,1.2625,VIGILANCIA,57,4.670329e-9,NASA_POWER_POINT_DAILY_PRECTOTCORR,FEM2D_CST_PLANE_STRAIN_V1,TA01_ASSUMPTION_RANGE,FEM_2D_REAL_LINEAL_NO_CALIBRADO
TA01-S0016,2022-12-02,13,0.009583,0.124583,0.23,RECTANGULAR_24H_ESTIMATED,95.184,36.12,18.294,2151.02,0.28,2.278674638936432e-9,0.37225,25.281,0.17457,92,134,23.00673,0.00006,21.53498,6.63816,211.6751,369.164,1.2625,VIGILANCIA,57,4.669321e-9,NASA_POWER_POINT_DAILY_PRECTOTCORR,FEM2D_CST_PLANE_STRAIN_V1,TA01_ASSUMPTION_RANGE,FEM_2D_REAL_LINEAL_NO_CALIBRADO
TA01-S0016,2022-12-02,14,0.009583,0.134167,0.23,RECTANGULAR_24H_ESTIMATED,95.184,36.12,18.294,2151.02,0.28,2.278674638936432e-9,0.37225,25.281,0.17457,92,134,23.00673,0.00006,21.53498,6.63816,211.6752,369.164,1.2625,VIGILANCIA,56,6.240253e-9,NASA_POWER_POINT_DAILY_PRECTOTCORR,FEM2D_CST_PLANE_STRAIN_V1,TA01_ASSUMPTION_RANGE,FEM_2D_REAL_LINEAL_NO_CALIBRADO
TA01-S0016,2022-12-02,15,0.009583,0.14375,0.23,RECTANGULAR_24H_ESTIMATED,95.184,36.12,18.294,2151.02,0.28,2.278674638936432e-9,0.37225,25.281,0.17457,92,134,23.00672,0.00007,21.53497,6.63816,211.6754,369.164,1.2625,VIGILANCIA,57,4.668981e-9,NASA_POWER_POINT_DAILY_PRECTOTCORR,FEM2D_CST_PLANE_STRAIN_V1,TA01_ASSUMPTION_RANGE,FEM_2D_REAL_LINEAL_NO_CALIBRADO
TA01-S0016,2022-12-02,16,0.009583,0.153333,0.23,RECTANGULAR_24H_ESTIMATED,95.184,36.12,18.294,2151.02,0.28,2.278674638936432e-9,0.37225,25.281,0.17457,92,134,23.00672,0.00007,21.53497,6.63816,211.6755,369.164,1.2625,VIGILANCIA,57,4.670256e-9,NASA_POWER_POINT_DAILY_PRECTOTCORR,FEM2D_CST_PLANE_STRAIN_V1,TA01_ASSUMPTION_RANGE,FEM_2D_REAL_LINEAL_NO_CALIBRADO
TA01-S0016,2022-12-02,17,0.009583,0.162917,0.23,RECTANGULAR_24H_ESTIMATED,95.184,36.12,18.294,2151.02,0.28,2.278674638936432e-9,0.37225,25.281,0.17457,92,134,23.00672,0.00008,21.53497,6.63816,211.6756,369.164,1.2625,VIGILANCIA,57,4.671227e-9,NASA_POWER_POINT_DAILY_PRECTOTCORR,FEM2D_CST_PLANE_STRAIN_V1,TA01_ASSUMPTION_RANGE,FEM_2D_REAL_LINEAL_NO_CALIBRADO
TA01-S0016,2022-12-02,18,0.009583,0.1725,0.23,RECTANGULAR_24H_ESTIMATED,95.184,36.12,18.294,2151.02,0.28,2.278674638936432e-9,0.37225,25.281,0.17457,92,134,23.00671,0.00008,21.53497,6.63816,211.6758,369.1639,1.2625,VIGILANCIA,57,4.669651e-9,NASA_POWER_POINT_DAILY_PRECTOTCORR,FEM2D_CST_PLANE_STRAIN_V1,TA01_ASSUMPTION_RANGE,FEM_2D_REAL_LINEAL_NO_CALIBRADO
TA01-S0016,2022-12-02,19,0.009583,0.182083,0.23,RECTANGULAR_24H_ESTIMATED,95.184,36.12,18.294,2151.02,0.28,2.278674638936432e-9,0.37225,25.281,0.17457,92,134,23.00671,0.00009,21.53496,6.63816,211.6759,369.1639,1.2625,VIGILANCIA,57,4.669323e-9,NASA_POWER_POINT_DAILY_PRECTOTCORR,FEM2D_CST_PLANE_STRAIN_V1,TA01_ASSUMPTION_RANGE,FEM_2D_REAL_LINEAL_NO_CALIBRADO
TA01-S0016,2022-12-02,20,0.009583,0.191667,0.23,RECTANGULAR_24H_ESTIMATED,95.184,36.12,18.294,2151.02,0.28,2.278674638936432e-9,0.37225,25.281,0.17457,92,134,23.00671,0.00009,21.53496,6.63817,211.6761,369.1639,1.2625,VIGILANCIA,57,4.669424e-9,NASA_POWER_POINT_DAILY_PRECTOTCORR,FEM2D_CST_PLANE_STRAIN_V1,TA01_ASSUMPTION_RANGE,FEM_2D_REAL_LINEAL_NO_CALIBRADO
TA01-S0016,2022-12-02,21,0.009583,0.20125,0.23,RECTANGULAR_24H_ESTIMATED,95.184,36.12,18.294,2151.02,0.28,2.278674638936432e-9,0.37225,25.281,0.17457,92,134,23.00671,0.0001,21.53496,6.63817,211.6762,369.1639,1.2625,VIGILANCIA,57,4.672665e-9,NASA_POWER_POINT_DAILY_PRECTOTCORR,FEM2D_CST_PLANE_STRAIN_V1,TA01_ASSUMPTION_RANGE,FEM_2D_REAL_LINEAL_NO_CALIBRADO
TA01-S0016,2022-12-02,22,0.009583,0.210833,0.23,RECTANGULAR_24H_ESTIMATED,95.184,36.12,18.294,2151.02,0.28,2.278674638936432e-9,0.37225,25.281,0.17457,92,134,23.0067,0.0001,21.53496,6.63817,211.6763,369.1639,1.2625,VIGILANCIA,57,4.670122e-9,NASA_POWER_POINT_DAILY_PRECTOTCORR,FEM2D_CST_PLANE_STRAIN_V1,TA01_ASSUMPTION_RANGE,FEM_2D_REAL_LINEAL_NO_CALIBRADO
TA01-S0016,2022-12-02,23,0.009583,0.220417,0.23,RECTANGULAR_24H_ESTIMATED,95.184,36.12,18.294,2151.02,0.28,2.278674638936432e-9,0.37225,25.281,0.17457,92,134,23.0067,0.00011,21.53495,6.63817,211.6765,369.1638,1.2625,VIGILANCIA,57,4.67256e-9,NASA_POWER_POINT_DAILY_PRECTOTCORR,FEM2D_CST_PLANE_STRAIN_V1,TA01_ASSUMPTION_RANGE,FEM_2D_REAL_LINEAL_NO_CALIBRADO
TA01-S0016,2022-12-02,24,0.009583,0.23,0.23,RECTANGULAR_24H_ESTIMATED,95.184,36.12,18.294,2151.02,0.28,2.278674638936432e-9,0.37225,25.281,0.17457,92,134,23.0067,0.00011,21.53495,6.63817,211.6766,369.1638,1.2625,VIGILANCIA,57,4.66954e-9,NASA_POWER_POINT_DAILY_PRECTOTCORR,FEM2D_CST_PLANE_STRAIN_V1,TA01_ASSUMPTION_RANGE,FEM_2D_REAL_LINEAL_NO_CALIBRADO
TA01-S0017,2024-01-22,1,0,0,0,RECTANGULAR_24H_ESTIMATED,224.646,43.417,20.973,1548.308,0.28,2.2192889032034528e-10,0.24891,11.293,0.32538,92,134,37.20255,0,34.84997,12.65136,74.451,446.3573,2.087,NORMAL,56,8.135089e-9,NASA_POWER_POINT_DAILY_PRECTOTCORR,FEM2D_CST_PLANE_STRAIN_V1,TA01_ASSUMPTION_RANGE,FEM_2D_REAL_LINEAL_NO_CALIBRADO
TA01-S0017,2024-01-22,2,0,0,0,RECTANGULAR_24H_ESTIMATED,224.646,43.417,20.973,1548.308,0.28,2.2192889032034528e-10,0.24891,11.293,0.32538,92,134,37.20255,0,34.84997,12.65136,74.451,446.3573,2.087,NORMAL,56,8.135089e-9,NASA_POWER_POINT_DAILY_PRECTOTCORR,FEM2D_CST_PLANE_STRAIN_V1,TA01_ASSUMPTION_RANGE,FEM_2D_REAL_LINEAL_NO_CALIBRADO
TA01-S0017,2024-01-22,3,0,0,0,RECTANGULAR_24H_ESTIMATED,224.646,43.417,20.973,1548.308,0.28,2.2192889032034528e-10,0.24891,11.293,0.32538,92,134,37.20255,0,34.84997,12.65136,74.451,446.3573,2.087,NORMAL,56,8.135089e-9,NASA_POWER_POINT_DAILY_PRECTOTCORR,FEM2D_CST_PLANE_STRAIN_V1,TA01_ASSUMPTION_RANGE,FEM_2D_REAL_LINEAL_NO_CALIBRADO
TA01-S0017,2024-01-22,4,0,0,0,RECTANGULAR_24H_ESTIMATED,224.646,43.417,20.973,1548.308,0.28,2.2192889032034528e-10,0.24891,11.293,0.32538,92,134,37.20255,0,34.84997,12.65136,74.451,446.3573,2.087,NORMAL,56,8.135089e-9,NASA_POWER_POINT_DAILY_PRECTOTCORR,FEM2D_CST_PLANE_STRAIN_V1,TA01_ASSUMPTION_RANGE,FEM_2D_REAL_LINEAL_NO_CALIBRADO
TA01-S0017,2024-01-22,5,0,0,0,RECTANGULAR_24H_ESTIMATED,224.646,43.417,20.973,1548.308,0.28,2.2192889032034528e-10,0.24891,11.293,0.32538,92,134,37.20255,0,34.84997,12.65136,74.451,446.3573,2.087,NORMAL,56,8.135089e-9,NASA_POWER_POINT_DAILY_PRECTOTCORR,FEM2D_CST_PLANE_STRAIN_V1,TA01_ASSUMPTION_RANGE,FEM_2D_REAL_LINEAL_NO_CALIBRADO
TA01-S0017,2024-01-22,6,0,0,0,RECTANGULAR_24H_ESTIMATED,224.646,43.417,20.973,1548.308,0.28,2.2192889032034528e-10,0.24891,11.293,0.32538,92,134,37.20255,0,34.84997,12.65136,74.451,446.3573,2.087,NORMAL,56,8.135089e-9,NASA_POWER_POINT_DAILY_PRECTOTCORR,FEM2D_CST_PLANE_STRAIN_V1,TA01_ASSUMPTION_RANGE,FEM_2D_REAL_LINEAL_NO_CALIBRADO
TA01-S0017,2024-01-22,7,0,0,0,RECTANGULAR_24H_ESTIMATED,224.646,43.417,20.973,1548.308,0.28,2.2192889032034528e-10,0.24891,11.293,0.32538,92,134,37.20255,0,34.84997,12.65136,74.451,446.3573,2.087,NORMAL,56,8.135089e-9,NASA_POWER_POINT_DAILY_PRECTOTCORR,FEM2D_CST_PLANE_STRAIN_V1,TA01_ASSUMPTION_RANGE,FEM_2D_REAL_LINEAL_NO_CALIBRADO
TA01-S0017,2024-01-22,8,0,0,0,RECTANGULAR_24H_ESTIMATED,224.646,43.417,20.973,1548.308,0.28,2.2192889032034528e-10,0.24891,11.293,0.32538,92,134,37.20255,0,34.84997,12.65136,74.451,446.3573,2.087,NORMAL,56,8.135089e-9,NASA_POWER_POINT_DAILY_PRECTOTCORR,FEM2D_CST_PLANE_STRAIN_V1,TA01_ASSUMPTION_RANGE,FEM_2D_REAL_LINEAL_NO_CALIBRADO
TA01-S0017,2024-01-22,9,0,0,0,RECTANGULAR_24H_ESTIMATED,224.646,43.417,20.973,1548.308,0.28,2.2192889032034528e-10,0.24891,11.293,0.32538,92,134,37.20255,0,34.84997,12.65136,74.451,446.3573,2.087,NORMAL,56,8.135089e-9,NASA_POWER_POINT_DAILY_PRECTOTCORR,FEM2D_CST_PLANE_STRAIN_V1,TA01_ASSUMPTION_RANGE,FEM_2D_REAL_LINEAL_NO_CALIBRADO
TA01-S0017,2024-01-22,10,0,0,0,RECTANGULAR_24H_ESTIMATED,224.646,43.417,20.973,1548.308,0.28,2.2192889032034528e-10,0.24891,11.293,0.32538,92,134,37.20255,0,34.84997,12.65136,74.451,446.3573,2.087,NORMAL,56,8.135089e-9,NASA_POWER_POINT_DAILY_PRECTOTCORR,FEM2D_CST_PLANE_STRAIN_V1,TA01_ASSUMPTION_RANGE,FEM_2D_REAL_LINEAL_NO_CALIBRADO
TA01-S0017,2024-01-22,11,0,0,0,RECTANGULAR_24H_ESTIMATED,224.646,43.417,20.973,1548.308,0.28,2.2192889032034528e-10,0.24891,11.293,0.32538,92,134,37.20255,0,34.84997,12.65136,74.451,446.3573,2.087,NORMAL,56,8.135089e-9,NASA_POWER_POINT_DAILY_PRECTOTCORR,FEM2D_CST_PLANE_STRAIN_V1,TA01_ASSUMPTION_RANGE,FEM_2D_REAL_LINEAL_NO_CALIBRADO
TA01-S0017,2024-01-22,12,0,0,0,RECTANGULAR_24H_ESTIMATED,224.646,43.417,20.973,1548.308,0.28,2.2192889032034528e-10,0.24891,11.293,0.32538,92,134,37.20255,0,34.84997,12.65136,74.451,446.3573,2.087,NORMAL,56,8.135089e-9,NASA_POWER_POINT_DAILY_PRECTOTCORR,FEM2D_CST_PLANE_STRAIN_V1,TA01_ASSUMPTION_RANGE,FEM_2D_REAL_LINEAL_NO_CALIBRADO
TA01-S0017,2024-01-22,13,0,0,0,RECTANGULAR_24H_ESTIMATED,224.646,43.417,20.973,1548.308,0.28,2.2192889032034528e-10,0.24891,11.293,0.32538,92,134,37.20255,0,34.84997,12.65136,74.451,446.3573,2.087,NORMAL,56,8.135089e-9,NASA_POWER_POINT_DAILY_PRECTOTCORR,FEM2D_CST_PLANE_STRAIN_V1,TA01_ASSUMPTION_RANGE,FEM_2D_REAL_LINEAL_NO_CALIBRADO
TA01-S0017,2024-01-22,14,0,0,0,RECTANGULAR_24H_ESTIMATED,224.646,43.417,20.973,1548.308,0.28,2.2192889032034528e-10,0.24891,11.293,0.32538,92,134,37.20255,0,34.84997,12.65136,74.451,446.3573,2.087,NORMAL,56,8.135089e-9,NASA_POWER_POINT_DAILY_PRECTOTCORR,FEM2D_CST_PLANE_STRAIN_V1,TA01_ASSUMPTION_RANGE,FEM_2D_REAL_LINEAL_NO_CALIBRADO
TA01-S0017,2024-01-22,15,0,0,0,RECTANGULAR_24H_ESTIMATED,224.646,43.417,20.973,1548.308,0.28,2.2192889032034528e-10,0.24891,11.293,0.32538,92,134,37.20255,0,34.84997,12.65136,74.451,446.3573,2.087,NORMAL,56,8.135089e-9,NASA_POWER_POINT_DAILY_PRECTOTCORR,FEM2D_CST_PLANE_STRAIN_V1,TA01_ASSUMPTION_RANGE,FEM_2D_REAL_LINEAL_NO_CALIBRADO
TA01-S0017,2024-01-22,16,0,0,0,RECTANGULAR_24H_ESTIMATED,224.646,43.417,20.973,1548.308,0.28,2.2192889032034528e-10,0.24891,11.293,0.32538,92,134,37.20255,0,34.84997,12.65136,74.451,446.3573,2.087,NORMAL,56,8.135089e-9,NASA_POWER_POINT_DAILY_PRECTOTCORR,FEM2D_CST_PLANE_STRAIN_V1,TA01_ASSUMPTION_RANGE,FEM_2D_REAL_LINEAL_NO_CALIBRADO
TA01-S0017,2024-01-22,17,0,0,0,RECTANGULAR_24H_ESTIMATED,224.646,43.417,20.973,1548.308,0.28,2.2192889032034528e-10,0.24891,11.293,0.32538,92,134,37.20255,0,34.84997,12.65136,74.451,446.3573,2.087,NORMAL,56,8.135089e-9,NASA_POWER_POINT_DAILY_PRECTOTCORR,FEM2D_CST_PLANE_STRAIN_V1,TA01_ASSUMPTION_RANGE,FEM_2D_REAL_LINEAL_NO_CALIBRADO
TA01-S0017,2024-01-22,18,0,0,0,RECTANGULAR_24H_ESTIMATED,224.646,43.417,20.973,1548.308,0.28,2.2192889032034528e-10,0.24891,11.293,0.32538,92,134,37.20255,0,34.84997,12.65136,74.451,446.3573,2.087,NORMAL,56,8.135089e-9,NASA_POWER_POINT_DAILY_PRECTOTCORR,FEM2D_CST_PLANE_STRAIN_V1,TA01_ASSUMPTION_RANGE,FEM_2D_REAL_LINEAL_NO_CALIBRADO
TA01-S0017,2024-01-22,19,0,0,0,RECTANGULAR_24H_ESTIMATED,224.646,43.417,20.973,1548.308,0.28,2.2192889032034528e-10,0.24891,11.293,0.32538,92,134,37.20255,0,34.84997,12.65136,74.451,446.3573,2.087,NORMAL,56,8.135089e-9,NASA_POWER_POINT_DAILY_PRECTOTCORR,FEM2D_CST_PLANE_STRAIN_V1,TA01_ASSUMPTION_RANGE,FEM_2D_REAL_LINEAL_NO_CALIBRADO
TA01-S0017,2024-01-22,20,0,0,0,RECTANGULAR_24H_ESTIMATED,224.646,43.417,20.973,1548.308,0.28,2.2192889032034528e-10,0.24891,11.293,0.32538,92,134,37.20255,0,34.84997,12.65136,74.451,446.3573,2.087,NORMAL,56,8.135089e-9,NASA_POWER_POINT_DAILY_PRECTOTCORR,FEM2D_CST_PLANE_STRAIN_V1,TA01_ASSUMPTION_RANGE,FEM_2D_REAL_LINEAL_NO_CALIBRADO
TA01-S0017,2024-01-22,21,0,0,0,RECTANGULAR_24H_ESTIMATED,224.646,43.417,20.973,1548.308,0.28,2.2192889032034528e-10,0.24891,11.293,0.32538,92,134,37.20255,0,34.84997,12.65136,74.451,446.3573,2.087,NORMAL,56,8.135089e-9,NASA_POWER_POINT_DAILY_PRECTOTCORR,FEM2D_CST_PLANE_STRAIN_V1,TA01_ASSUMPTION_RANGE,FEM_2D_REAL_LINEAL_NO_CALIBRADO
TA01-S0017,2024-01-22,22,0,0,0,RECTANGULAR_24H_ESTIMATED,224.646,43.417,20.973,1548.308,0.28,2.2192889032034528e-10,0.24891,11.293,0.32538,92,134,37.20255,0,34.84997,12.65136,74.451,446.3573,2.087,NORMAL,56,8.135089e-9,NASA_POWER_POINT_DAILY_PRECTOTCORR,FEM2D_CST_PLANE_STRAIN_V1,TA01_ASSUMPTION_RANGE,FEM_2D_REAL_LINEAL_NO_CALIBRADO
TA01-S0017,2024-01-22,23,0,0,0,RECTANGULAR_24H_ESTIMATED,224.646,43.417,20.973,1548.308,0.28,2.2192889032034528e-10,0.24891,11.293,0.32538,92,134,37.20255,0,34.84997,12.65136,74.451,446.3573,2.087,NORMAL,56,8.135089e-9,NASA_POWER_POINT_DAILY_PRECTOTCORR,FEM2D_CST_PLANE_STRAIN_V1,TA01_ASSUMPTION_RANGE,FEM_2D_REAL_LINEAL_NO_CALIBRADO
TA01-S0017,2024-01-22,24,0,0,0,RECTANGULAR_24H_ESTIMATED,224.646,43.417,20.973,1548.308,0.28,2.2192889032034528e-10,0.24891,11.293,0.32538,92,134,37.20255,0,34.84997,12.65136,74.451,446.3573,2.087,NORMAL,56,8.135089e-9,NASA_POWER_POINT_DAILY_PRECTOTCORR,FEM2D_CST_PLANE_STRAIN_V1,TA01_ASSUMPTION_RANGE,FEM_2D_REAL_LINEAL_NO_CALIBRADO
TA01-S0018,2024-08-20,1,0,0,0,RECTANGULAR_24H_ESTIMATED,207.837,27.477,19.809,2000.461,0.28,3.0969996120889483e-7,0.00679,36.112,0.223,92,134,26.31419,0,24.62897,9.54736,317.9254,382.6215,1.6054,NORMAL,57,6.221819e-9,NASA_POWER_POINT_DAILY_PRECTOTCORR,FEM2D_CST_PLANE_STRAIN_V1,TA01_ASSUMPTION_RANGE,FEM_2D_REAL_LINEAL_NO_CALIBRADO
TA01-S0018,2024-08-20,2,0,0,0,RECTANGULAR_24H_ESTIMATED,207.837,27.477,19.809,2000.461,0.28,3.0969996120889483e-7,0.00679,36.112,0.223,92,134,26.31419,0,24.62897,9.54736,317.9254,382.6215,1.6054,NORMAL,57,6.221819e-9,NASA_POWER_POINT_DAILY_PRECTOTCORR,FEM2D_CST_PLANE_STRAIN_V1,TA01_ASSUMPTION_RANGE,FEM_2D_REAL_LINEAL_NO_CALIBRADO
TA01-S0018,2024-08-20,3,0,0,0,RECTANGULAR_24H_ESTIMATED,207.837,27.477,19.809,2000.461,0.28,3.0969996120889483e-7,0.00679,36.112,0.223,92,134,26.31419,0,24.62897,9.54736,317.9254,382.6215,1.6054,NORMAL,57,6.221819e-9,NASA_POWER_POINT_DAILY_PRECTOTCORR,FEM2D_CST_PLANE_STRAIN_V1,TA01_ASSUMPTION_RANGE,FEM_2D_REAL_LINEAL_NO_CALIBRADO
TA01-S0018,2024-08-20,4,0,0,0,RECTANGULAR_24H_ESTIMATED,207.837,27.477,19.809,2000.461,0.28,3.0969996120889483e-7,0.00679,36.112,0.223,92,134,26.31419,0,24.62897,9.54736,317.9254,382.6215,1.6054,NORMAL,57,6.221819e-9,NASA_POWER_POINT_DAILY_PRECTOTCORR,FEM2D_CST_PLANE_STRAIN_V1,TA01_ASSUMPTION_RANGE,FEM_2D_REAL_LINEAL_NO_CALIBRADO
TA01-S0018,2024-08-20,5,0,0,0,RECTANGULAR_24H_ESTIMATED,207.837,27.477,19.809,2000.461,0.28,3.0969996120889483e-7,0.00679,36.112,0.223,92,134,26.31419,0,24.62897,9.54736,317.9254,382.6215,1.6054,NORMAL,57,6.221819e-9,NASA_POWER_POINT_DAILY_PRECTOTCORR,FEM2D_CST_PLANE_STRAIN_V1,TA01_ASSUMPTION_RANGE,FEM_2D_REAL_LINEAL_NO_CALIBRADO
TA01-S0018,2024-08-20,6,0,0,0,RECTANGULAR_24H_ESTIMATED,207.837,27.477,19.809,2000.461,0.28,3.0969996120889483e-7,0.00679,36.112,0.223,92,134,26.31419,0,24.62897,9.54736,317.9254,382.6215,1.6054,NORMAL,57,6.221819e-9,NASA_POWER_POINT_DAILY_PRECTOTCORR,FEM2D_CST_PLANE_STRAIN_V1,TA01_ASSUMPTION_RANGE,FEM_2D_REAL_LINEAL_NO_CALIBRADO
TA01-S0018,2024-08-20,7,0,0,0,RECTANGULAR_24H_ESTIMATED,207.837,27.477,19.809,2000.461,0.28,3.0969996120889483e-7,0.00679,36.112,0.223,92,134,26.31419,0,24.62897,9.54736,317.9254,382.6215,1.6054,NORMAL,57,6.221819e-9,NASA_POWER_POINT_DAILY_PRECTOTCORR,FEM2D_CST_PLANE_STRAIN_V1,TA01_ASSUMPTION_RANGE,FEM_2D_REAL_LINEAL_NO_CALIBRADO
TA01-S0018,2024-08-20,8,0,0,0,RECTANGULAR_24H_ESTIMATED,207.837,27.477,19.809,2000.461,0.28,3.0969996120889483e-7,0.00679,36.112,0.223,92,134,26.31419,0,24.62897,9.54736,317.9254,382.6215,1.6054,NORMAL,57,6.221819e-9,NASA_POWER_POINT_DAILY_PRECTOTCORR,FEM2D_CST_PLANE_STRAIN_V1,TA01_ASSUMPTION_RANGE,FEM_2D_REAL_LINEAL_NO_CALIBRADO
TA01-S0018,2024-08-20,9,0,0,0,RECTANGULAR_24H_ESTIMATED,207.837,27.477,19.809,2000.461,0.28,3.0969996120889483e-7,0.00679,36.112,0.223,92,134,26.31419,0,24.62897,9.54736,317.9254,382.6215,1.6054,NORMAL,57,6.221819e-9,NASA_POWER_POINT_DAILY_PRECTOTCORR,FEM2D_CST_PLANE_STRAIN_V1,TA01_ASSUMPTION_RANGE,FEM_2D_REAL_LINEAL_NO_CALIBRADO
TA01-S0018,2024-08-20,10,0,0,0,RECTANGULAR_24H_ESTIMATED,207.837,27.477,19.809,2000.461,0.28,3.0969996120889483e-7,0.00679,36.112,0.223,92,134,26.31419,0,24.62897,9.54736,317.9254,382.6215,1.6054,NORMAL,57,6.221819e-9,NASA_POWER_POINT_DAILY_PRECTOTCORR,FEM2D_CST_PLANE_STRAIN_V1,TA01_ASSUMPTION_RANGE,FEM_2D_REAL_LINEAL_NO_CALIBRADO
TA01-S0018,2024-08-20,11,0,0,0,RECTANGULAR_24H_ESTIMATED,207.837,27.477,19.809,2000.461,0.28,3.0969996120889483e-7,0.00679,36.112,0.223,92,134,26.31419,0,24.62897,9.54736,317.9254,382.6215,1.6054,NORMAL,57,6.221819e-9,NASA_POWER_POINT_DAILY_PRECTOTCORR,FEM2D_CST_PLANE_STRAIN_V1,TA01_ASSUMPTION_RANGE,FEM_2D_REAL_LINEAL_NO_CALIBRADO
TA01-S0018,2024-08-20,12,0,0,0,RECTANGULAR_24H_ESTIMATED,207.837,27.477,19.809,2000.461,0.28,3.0969996120889483e-7,0.00679,36.112,0.223,92,134,26.31419,0,24.62897,9.54736,317.9254,382.6215,1.6054,NORMAL,57,6.221819e-9,NASA_POWER_POINT_DAILY_PRECTOTCORR,FEM2D_CST_PLANE_STRAIN_V1,TA01_ASSUMPTION_RANGE,FEM_2D_REAL_LINEAL_NO_CALIBRADO
TA01-S0018,2024-08-20,13,0,0,0,RECTANGULAR_24H_ESTIMATED,207.837,27.477,19.809,2000.461,0.28,3.0969996120889483e-7,0.00679,36.112,0.223,92,134,26.31419,0,24.62897,9.54736,317.9254,382.6215,1.6054,NORMAL,57,6.221819e-9,NASA_POWER_POINT_DAILY_PRECTOTCORR,FEM2D_CST_PLANE_STRAIN_V1,TA01_ASSUMPTION_RANGE,FEM_2D_REAL_LINEAL_NO_CALIBRADO
TA01-S0018,2024-08-20,14,0,0,0,RECTANGULAR_24H_ESTIMATED,207.837,27.477,19.809,2000.461,0.28,3.0969996120889483e-7,0.00679,36.112,0.223,92,134,26.31419,0,24.62897,9.54736,317.9254,382.6215,1.6054,NORMAL,57,6.221819e-9,NASA_POWER_POINT_DAILY_PRECTOTCORR,FEM2D_CST_PLANE_STRAIN_V1,TA01_ASSUMPTION_RANGE,FEM_2D_REAL_LINEAL_NO_CALIBRADO
TA01-S0018,2024-08-20,15,0,0,0,RECTANGULAR_24H_ESTIMATED,207.837,27.477,19.809,2000.461,0.28,3.0969996120889483e-7,0.00679,36.112,0.223,92,134,26.31419,0,24.62897,9.54736,317.9254,382.6215,1.6054,NORMAL,57,6.221819e-9,NASA_POWER_POINT_DAILY_PRECTOTCORR,FEM2D_CST_PLANE_STRAIN_V1,TA01_ASSUMPTION_RANGE,FEM_2D_REAL_LINEAL_NO_CALIBRADO
TA01-S0018,2024-08-20,16,0,0,0,RECTANGULAR_24H_ESTIMATED,207.837,27.477,19.809,2000.461,0.28,3.0969996120889483e-7,0.00679,36.112,0.223,92,134,26.31419,0,24.62897,9.54736,317.9254,382.6215,1.6054,NORMAL,57,6.221819e-9,NASA_POWER_POINT_DAILY_PRECTOTCORR,FEM2D_CST_PLANE_STRAIN_V1,TA01_ASSUMPTION_RANGE,FEM_2D_REAL_LINEAL_NO_CALIBRADO
TA01-S0018,2024-08-20,17,0,0,0,RECTANGULAR_24H_ESTIMATED,207.837,27.477,19.809,2000.461,0.28,3.0969996120889483e-7,0.00679,36.112,0.223,92,134,26.31419,0,24.62897,9.54736,317.9254,382.6215,1.6054,NORMAL,57,6.221819e-9,NASA_POWER_POINT_DAILY_PRECTOTCORR,FEM2D_CST_PLANE_STRAIN_V1,TA01_ASSUMPTION_RANGE,FEM_2D_REAL_LINEAL_NO_CALIBRADO
TA01-S0018,2024-08-20,18,0,0,0,RECTANGULAR_24H_ESTIMATED,207.837,27.477,19.809,2000.461,0.28,3.0969996120889483e-7,0.00679,36.112,0.223,92,134,26.31419,0,24.62897,9.54736,317.9254,382.6215,1.6054,NORMAL,57,6.221819e-9,NASA_POWER_POINT_DAILY_PRECTOTCORR,FEM2D_CST_PLANE_STRAIN_V1,TA01_ASSUMPTION_RANGE,FEM_2D_REAL_LINEAL_NO_CALIBRADO
TA01-S0018,2024-08-20,19,0,0,0,RECTANGULAR_24H_ESTIMATED,207.837,27.477,19.809,2000.461,0.28,3.0969996120889483e-7,0.00679,36.112,0.223,92,134,26.31419,0,24.62897,9.54736,317.9254,382.6215,1.6054,NORMAL,57,6.221819e-9,NASA_POWER_POINT_DAILY_PRECTOTCORR,FEM2D_CST_PLANE_STRAIN_V1,TA01_ASSUMPTION_RANGE,FEM_2D_REAL_LINEAL_NO_CALIBRADO
TA01-S0018,2024-08-20,20,0,0,0,RECTANGULAR_24H_ESTIMATED,207.837,27.477,19.809,2000.461,0.28,3.0969996120889483e-7,0.00679,36.112,0.223,92,134,26.31419,0,24.62897,9.54736,317.9254,382.6215,1.6054,NORMAL,57,6.221819e-9,NASA_POWER_POINT_DAILY_PRECTOTCORR,FEM2D_CST_PLANE_STRAIN_V1,TA01_ASSUMPTION_RANGE,FEM_2D_REAL_LINEAL_NO_CALIBRADO
TA01-S0018,2024-08-20,21,0,0,0,RECTANGULAR_24H_ESTIMATED,207.837,27.477,19.809,2000.461,0.28,3.0969996120889483e-7,0.00679,36.112,0.223,92,134,26.31419,0,24.62897,9.54736,317.9254,382.6215,1.6054,NORMAL,57,6.221819e-9,NASA_POWER_POINT_DAILY_PRECTOTCORR,FEM2D_CST_PLANE_STRAIN_V1,TA01_ASSUMPTION_RANGE,FEM_2D_REAL_LINEAL_NO_CALIBRADO
TA01-S0018,2024-08-20,22,0,0,0,RECTANGULAR_24H_ESTIMATED,207.837,27.477,19.809,2000.461,0.28,3.0969996120889483e-7,0.00679,36.112,0.223,92,134,26.31419,0,24.62897,9.54736,317.9254,382.6215,1.6054,NORMAL,57,6.221819e-9,NASA_POWER_POINT_DAILY_PRECTOTCORR,FEM2D_CST_PLANE_STRAIN_V1,TA01_ASSUMPTION_RANGE,FEM_2D_REAL_LINEAL_NO_CALIBRADO
TA01-S0018,2024-08-20,23,0,0,0,RECTANGULAR_24H_ESTIMATED,207.837,27.477,19.809,2000.461,0.28,3.0969996120889483e-7,0.00679,36.112,0.223,92,134,26.31419,0,24.62897,9.54736,317.9254,382.6215,1.6054,NORMAL,57,6.221819e-9,NASA_POWER_POINT_DAILY_PRECTOTCORR,FEM2D_CST_PLANE_STRAIN_V1,TA01_ASSUMPTION_RANGE,FEM_2D_REAL_LINEAL_NO_CALIBRADO
TA01-S0018,2024-08-20,24,0,0,0,RECTANGULAR_24H_ESTIMATED,207.837,27.477,19.809,2000.461,0.28,3.0969996120889483e-7,0.00679,36.112,0.223,92,134,26.31419,0,24.62897,9.54736,317.9254,382.6215,1.6054,NORMAL,57,6.221819e-9,NASA_POWER_POINT_DAILY_PRECTOTCORR,FEM2D_CST_PLANE_STRAIN_V1,TA01_ASSUMPTION_RANGE,FEM_2D_REAL_LINEAL_NO_CALIBRADO
TA01-S0019,2022-04-24,1,0,0,0,RECTANGULAR_24H_ESTIMATED,68.698,40.895,23.465,1167.87,0.28,3.947774627596379e-9,0.68528,48.435,0.12127,92,134,52.23897,0,48.96972,23.86243,438.814,427.7533,0.9472,CRITICO,57,7.259561e-9,NASA_POWER_POINT_DAILY_PRECTOTCORR,FEM2D_CST_PLANE_STRAIN_V1,TA01_ASSUMPTION_RANGE,FEM_2D_REAL_LINEAL_NO_CALIBRADO
TA01-S0019,2022-04-24,2,0,0,0,RECTANGULAR_24H_ESTIMATED,68.698,40.895,23.465,1167.87,0.28,3.947774627596379e-9,0.68528,48.435,0.12127,92,134,52.23897,0,48.96972,23.86243,438.814,427.7533,0.9472,CRITICO,57,7.259561e-9,NASA_POWER_POINT_DAILY_PRECTOTCORR,FEM2D_CST_PLANE_STRAIN_V1,TA01_ASSUMPTION_RANGE,FEM_2D_REAL_LINEAL_NO_CALIBRADO
TA01-S0019,2022-04-24,3,0,0,0,RECTANGULAR_24H_ESTIMATED,68.698,40.895,23.465,1167.87,0.28,3.947774627596379e-9,0.68528,48.435,0.12127,92,134,52.23897,0,48.96972,23.86243,438.814,427.7533,0.9472,CRITICO,57,7.259561e-9,NASA_POWER_POINT_DAILY_PRECTOTCORR,FEM2D_CST_PLANE_STRAIN_V1,TA01_ASSUMPTION_RANGE,FEM_2D_REAL_LINEAL_NO_CALIBRADO
TA01-S0019,2022-04-24,4,0,0,0,RECTANGULAR_24H_ESTIMATED,68.698,40.895,23.465,1167.87,0.28,3.947774627596379e-9,0.68528,48.435,0.12127,92,134,52.23897,0,48.96972,23.86243,438.814,427.7533,0.9472,CRITICO,57,7.259561e-9,NASA_POWER_POINT_DAILY_PRECTOTCORR,FEM2D_CST_PLANE_STRAIN_V1,TA01_ASSUMPTION_RANGE,FEM_2D_REAL_LINEAL_NO_CALIBRADO
TA01-S0019,2022-04-24,5,0,0,0,RECTANGULAR_24H_ESTIMATED,68.698,40.895,23.465,1167.87,0.28,3.947774627596379e-9,0.68528,48.435,0.12127,92,134,52.23897,0,48.96972,23.86243,438.814,427.7533,0.9472,CRITICO,57,7.259561e-9,NASA_POWER_POINT_DAILY_PRECTOTCORR,FEM2D_CST_PLANE_STRAIN_V1,TA01_ASSUMPTION_RANGE,FEM_2D_REAL_LINEAL_NO_CALIBRADO
TA01-S0019,2022-04-24,6,0,0,0,RECTANGULAR_24H_ESTIMATED,68.698,40.895,23.465,1167.87,0.28,3.947774627596379e-9,0.68528,48.435,0.12127,92,134,52.23897,0,48.96972,23.86243,438.814,427.7533,0.9472,CRITICO,57,7.259561e-9,NASA_POWER_POINT_DAILY_PRECTOTCORR,FEM2D_CST_PLANE_STRAIN_V1,TA01_ASSUMPTION_RANGE,FEM_2D_REAL_LINEAL_NO_CALIBRADO
TA01-S0019,2022-04-24,7,0,0,0,RECTANGULAR_24H_ESTIMATED,68.698,40.895,23.465,1167.87,0.28,3.947774627596379e-9,0.68528,48.435,0.12127,92,134,52.23897,0,48.96972,23.86243,438.814,427.7533,0.9472,CRITICO,57,7.259561e-9,NASA_POWER_POINT_DAILY_PRECTOTCORR,FEM2D_CST_PLANE_STRAIN_V1,TA01_ASSUMPTION_RANGE,FEM_2D_REAL_LINEAL_NO_CALIBRADO
TA01-S0019,2022-04-24,8,0,0,0,RECTANGULAR_24H_ESTIMATED,68.698,40.895,23.465,1167.87,0.28,3.947774627596379e-9,0.68528,48.435,0.12127,92,134,52.23897,0,48.96972,23.86243,438.814,427.7533,0.9472,CRITICO,57,7.259561e-9,NASA_POWER_POINT_DAILY_PRECTOTCORR,FEM2D_CST_PLANE_STRAIN_V1,TA01_ASSUMPTION_RANGE,FEM_2D_REAL_LINEAL_NO_CALIBRADO
TA01-S0019,2022-04-24,9,0,0,0,RECTANGULAR_24H_ESTIMATED,68.698,40.895,23.465,1167.87,0.28,3.947774627596379e-9,0.68528,48.435,0.12127,92,134,52.23897,0,48.96972,23.86243,438.814,427.7533,0.9472,CRITICO,57,7.259561e-9,NASA_POWER_POINT_DAILY_PRECTOTCORR,FEM2D_CST_PLANE_STRAIN_V1,TA01_ASSUMPTION_RANGE,FEM_2D_REAL_LINEAL_NO_CALIBRADO
TA01-S0019,2022-04-24,10,0,0,0,RECTANGULAR_24H_ESTIMATED,68.698,40.895,23.465,1167.87,0.28,3.947774627596379e-9,0.68528,48.435,0.12127,92,134,52.23897,0,48.96972,23.86243,438.814,427.7533,0.9472,CRITICO,57,7.259561e-9,NASA_POWER_POINT_DAILY_PRECTOTCORR,FEM2D_CST_PLANE_STRAIN_V1,TA01_ASSUMPTION_RANGE,FEM_2D_REAL_LINEAL_NO_CALIBRADO
TA01-S0019,2022-04-24,11,0,0,0,RECTANGULAR_24H_ESTIMATED,68.698,40.895,23.465,1167.87,0.28,3.947774627596379e-9,0.68528,48.435,0.12127,92,134,52.23897,0,48.96972,23.86243,438.814,427.7533,0.9472,CRITICO,57,7.259561e-9,NASA_POWER_POINT_DAILY_PRECTOTCORR,FEM2D_CST_PLANE_STRAIN_V1,TA01_ASSUMPTION_RANGE,FEM_2D_REAL_LINEAL_NO_CALIBRADO
TA01-S0019,2022-04-24,12,0,0,0,RECTANGULAR_24H_ESTIMATED,68.698,40.895,23.465,1167.87,0.28,3.947774627596379e-9,0.68528,48.435,0.12127,92,134,52.23897,0,48.96972,23.86243,438.814,427.7533,0.9472,CRITICO,57,7.259561e-9,NASA_POWER_POINT_DAILY_PRECTOTCORR,FEM2D_CST_PLANE_STRAIN_V1,TA01_ASSUMPTION_RANGE,FEM_2D_REAL_LINEAL_NO_CALIBRADO
TA01-S0019,2022-04-24,13,0,0,0,RECTANGULAR_24H_ESTIMATED,68.698,40.895,23.465,1167.87,0.28,3.947774627596379e-9,0.68528,48.435,0.12127,92,134,52.23897,0,48.96972,23.86243,438.814,427.7533,0.9472,CRITICO,57,7.259561e-9,NASA_POWER_POINT_DAILY_PRECTOTCORR,FEM2D_CST_PLANE_STRAIN_V1,TA01_ASSUMPTION_RANGE,FEM_2D_REAL_LINEAL_NO_CALIBRADO
TA01-S0019,2022-04-24,14,0,0,0,RECTANGULAR_24H_ESTIMATED,68.698,40.895,23.465,1167.87,0.28,3.947774627596379e-9,0.68528,48.435,0.12127,92,134,52.23897,0,48.96972,23.86243,438.814,427.7533,0.9472,CRITICO,57,7.259561e-9,NASA_POWER_POINT_DAILY_PRECTOTCORR,FEM2D_CST_PLANE_STRAIN_V1,TA01_ASSUMPTION_RANGE,FEM_2D_REAL_LINEAL_NO_CALIBRADO
TA01-S0019,2022-04-24,15,0,0,0,RECTANGULAR_24H_ESTIMATED,68.698,40.895,23.465,1167.87,0.28,3.947774627596379e-9,0.68528,48.435,0.12127,92,134,52.23897,0,48.96972,23.86243,438.814,427.7533,0.9472,CRITICO,57,7.259561e-9,NASA_POWER_POINT_DAILY_PRECTOTCORR,FEM2D_CST_PLANE_STRAIN_V1,TA01_ASSUMPTION_RANGE,FEM_2D_REAL_LINEAL_NO_CALIBRADO
TA01-S0019,2022-04-24,16,0,0,0,RECTANGULAR_24H_ESTIMATED,68.698,40.895,23.465,1167.87,0.28,3.947774627596379e-9,0.68528,48.435,0.12127,92,134,52.23897,0,48.96972,23.86243,438.814,427.7533,0.9472,CRITICO,57,7.259561e-9,NASA_POWER_POINT_DAILY_PRECTOTCORR,FEM2D_CST_PLANE_STRAIN_V1,TA01_ASSUMPTION_RANGE,FEM_2D_REAL_LINEAL_NO_CALIBRADO
TA01-S0019,2022-04-24,17,0,0,0,RECTANGULAR_24H_ESTIMATED,68.698,40.895,23.465,1167.87,0.28,3.947774627596379e-9,0.68528,48.435,0.12127,92,134,52.23897,0,48.96972,23.86243,438.814,427.7533,0.9472,CRITICO,57,7.259561e-9,NASA_POWER_POINT_DAILY_PRECTOTCORR,FEM2D_CST_PLANE_STRAIN_V1,TA01_ASSUMPTION_RANGE,FEM_2D_REAL_LINEAL_NO_CALIBRADO
TA01-S0019,2022-04-24,18,0,0,0,RECTANGULAR_24H_ESTIMATED,68.698,40.895,23.465,1167.87,0.28,3.947774627596379e-9,0.68528,48.435,0.12127,92,134,52.23897,0,48.96972,23.86243,438.814,427.7533,0.9472,CRITICO,57,7.259561e-9,NASA_POWER_POINT_DAILY_PRECTOTCORR,FEM2D_CST_PLANE_STRAIN_V1,TA01_ASSUMPTION_RANGE,FEM_2D_REAL_LINEAL_NO_CALIBRADO
TA01-S0019,2022-04-24,19,0,0,0,RECTANGULAR_24H_ESTIMATED,68.698,40.895,23.465,1167.87,0.28,3.947774627596379e-9,0.68528,48.435,0.12127,92,134,52.23897,0,48.96972,23.86243,438.814,427.7533,0.9472,CRITICO,57,7.259561e-9,NASA_POWER_POINT_DAILY_PRECTOTCORR,FEM2D_CST_PLANE_STRAIN_V1,TA01_ASSUMPTION_RANGE,FEM_2D_REAL_LINEAL_NO_CALIBRADO
TA01-S0019,2022-04-24,20,0,0,0,RECTANGULAR_24H_ESTIMATED,68.698,40.895,23.465,1167.87,0.28,3.947774627596379e-9,0.68528,48.435,0.12127,92,134,52.23897,0,48.96972,23.86243,438.814,427.7533,0.9472,CRITICO,57,7.259561e-9,NASA_POWER_POINT_DAILY_PRECTOTCORR,FEM2D_CST_PLANE_STRAIN_V1,TA01_ASSUMPTION_RANGE,FEM_2D_REAL_LINEAL_NO_CALIBRADO
TA01-S0019,2022-04-24,21,0,0,0,RECTANGULAR_24H_ESTIMATED,68.698,40.895,23.465,1167.87,0.28,3.947774627596379e-9,0.68528,48.435,0.12127,92,134,52.23897,0,48.96972,23.86243,438.814,427.7533,0.9472,CRITICO,57,7.259561e-9,NASA_POWER_POINT_DAILY_PRECTOTCORR,FEM2D_CST_PLANE_STRAIN_V1,TA01_ASSUMPTION_RANGE,FEM_2D_REAL_LINEAL_NO_CALIBRADO
TA01-S0019,2022-04-24,22,0,0,0,RECTANGULAR_24H_ESTIMATED,68.698,40.895,23.465,1167.87,0.28,3.947774627596379e-9,0.68528,48.435,0.12127,92,134,52.23897,0,48.96972,23.86243,438.814,427.7533,0.9472,CRITICO,57,7.259561e-9,NASA_POWER_POINT_DAILY_PRECTOTCORR,FEM2D_CST_PLANE_STRAIN_V1,TA01_ASSUMPTION_RANGE,FEM_2D_REAL_LINEAL_NO_CALIBRADO
TA01-S0019,2022-04-24,23,0,0,0,RECTANGULAR_24H_ESTIMATED,68.698,40.895,23.465,1167.87,0.28,3.947774627596379e-9,0.68528,48.435,0.12127,92,134,52.23897,0,48.96972,23.86243,438.814,427.7533,0.9472,CRITICO,57,7.259561e-9,NASA_POWER_POINT_DAILY_PRECTOTCORR,FEM2D_CST_PLANE_STRAIN_V1,TA01_ASSUMPTION_RANGE,FEM_2D_REAL_LINEAL_NO_CALIBRADO
TA01-S0019,2022-04-24,24,0,0,0,RECTANGULAR_24H_ESTIMATED,68.698,40.895,23.465,1167.87,0.28,3.947774627596379e-9,0.68528,48.435,0.12127,92,134,52.23897,0,48.96972,23.86243,438.814,427.7533,0.9472,CRITICO,57,7.259561e-9,NASA_POWER_POINT_DAILY_PRECTOTCORR,FEM2D_CST_PLANE_STRAIN_V1,TA01_ASSUMPTION_RANGE,FEM_2D_REAL_LINEAL_NO_CALIBRADO
TA01-S0020,2021-01-30,1,0,0,1.1,RECTANGULAR_12H_ESTIMATED,210.23,30.174,21.316,2709.567,0.28,8.373958406739985e-7,0.74642,30.076,0.22862,92,134,21.18969,0,19.83585,6.61852,258.7122,425.7288,1.6099,NORMAL,57,4.818127e-9,NASA_POWER_POINT_DAILY_PRECTOTCORR,FEM2D_CST_PLANE_STRAIN_V1,TA01_ASSUMPTION_RANGE,FEM_2D_REAL_LINEAL_NO_CALIBRADO
TA01-S0020,2021-01-30,2,0,0,1.1,RECTANGULAR_12H_ESTIMATED,210.23,30.174,21.316,2709.567,0.28,8.373958406739985e-7,0.74642,30.076,0.22862,92,134,21.18969,0,19.83585,6.61852,258.7122,425.7288,1.6099,NORMAL,57,4.818127e-9,NASA_POWER_POINT_DAILY_PRECTOTCORR,FEM2D_CST_PLANE_STRAIN_V1,TA01_ASSUMPTION_RANGE,FEM_2D_REAL_LINEAL_NO_CALIBRADO
TA01-S0020,2021-01-30,3,0,0,1.1,RECTANGULAR_12H_ESTIMATED,210.23,30.174,21.316,2709.567,0.28,8.373958406739985e-7,0.74642,30.076,0.22862,92,134,21.18969,0,19.83585,6.61852,258.7122,425.7288,1.6099,NORMAL,57,4.818127e-9,NASA_POWER_POINT_DAILY_PRECTOTCORR,FEM2D_CST_PLANE_STRAIN_V1,TA01_ASSUMPTION_RANGE,FEM_2D_REAL_LINEAL_NO_CALIBRADO
TA01-S0020,2021-01-30,4,0,0,1.1,RECTANGULAR_12H_ESTIMATED,210.23,30.174,21.316,2709.567,0.28,8.373958406739985e-7,0.74642,30.076,0.22862,92,134,21.18969,0,19.83585,6.61852,258.7122,425.7288,1.6099,NORMAL,57,4.818127e-9,NASA_POWER_POINT_DAILY_PRECTOTCORR,FEM2D_CST_PLANE_STRAIN_V1,TA01_ASSUMPTION_RANGE,FEM_2D_REAL_LINEAL_NO_CALIBRADO
TA01-S0020,2021-01-30,5,0,0,1.1,RECTANGULAR_12H_ESTIMATED,210.23,30.174,21.316,2709.567,0.28,8.373958406739985e-7,0.74642,30.076,0.22862,92,134,21.18969,0,19.83585,6.61852,258.7122,425.7288,1.6099,NORMAL,57,4.818127e-9,NASA_POWER_POINT_DAILY_PRECTOTCORR,FEM2D_CST_PLANE_STRAIN_V1,TA01_ASSUMPTION_RANGE,FEM_2D_REAL_LINEAL_NO_CALIBRADO
TA01-S0020,2021-01-30,6,0,0,1.1,RECTANGULAR_12H_ESTIMATED,210.23,30.174,21.316,2709.567,0.28,8.373958406739985e-7,0.74642,30.076,0.22862,92,134,21.18969,0,19.83585,6.61852,258.7122,425.7288,1.6099,NORMAL,57,4.818127e-9,NASA_POWER_POINT_DAILY_PRECTOTCORR,FEM2D_CST_PLANE_STRAIN_V1,TA01_ASSUMPTION_RANGE,FEM_2D_REAL_LINEAL_NO_CALIBRADO
TA01-S0020,2021-01-30,7,0.091667,0.091667,1.1,RECTANGULAR_12H_ESTIMATED,210.23,30.174,21.316,2709.567,0.28,8.373958406739985e-7,0.74642,30.076,0.22862,92,134,21.18968,0.00002,19.83584,6.61853,258.7129,425.7288,1.6099,NORMAL,57,4.818607e-9,NASA_POWER_POINT_DAILY_PRECTOTCORR,FEM2D_CST_PLANE_STRAIN_V1,TA01_ASSUMPTION_RANGE,FEM_2D_REAL_LINEAL_NO_CALIBRADO
TA01-S0020,2021-01-30,8,0.091667,0.183333,1.1,RECTANGULAR_12H_ESTIMATED,210.23,30.174,21.316,2709.567,0.28,8.373958406739985e-7,0.74642,30.076,0.22862,92,134,21.18967,0.00003,19.83583,6.61853,258.7135,425.7287,1.6099,NORMAL,57,4.82748e-9,NASA_POWER_POINT_DAILY_PRECTOTCORR,FEM2D_CST_PLANE_STRAIN_V1,TA01_ASSUMPTION_RANGE,FEM_2D_REAL_LINEAL_NO_CALIBRADO
TA01-S0020,2021-01-30,9,0.091667,0.275,1.1,RECTANGULAR_12H_ESTIMATED,210.23,30.174,21.316,2709.567,0.28,8.373958406739985e-7,0.74642,30.076,0.22862,92,134,21.18966,0.00005,19.83583,6.61854,258.7141,425.7286,1.6099,NORMAL,57,4.818323e-9,NASA_POWER_POINT_DAILY_PRECTOTCORR,FEM2D_CST_PLANE_STRAIN_V1,TA01_ASSUMPTION_RANGE,FEM_2D_REAL_LINEAL_NO_CALIBRADO
TA01-S0020,2021-01-30,10,0.091667,0.366667,1.1,RECTANGULAR_12H_ESTIMATED,210.23,30.174,21.316,2709.567,0.28,8.373958406739985e-7,0.74642,30.076,0.22862,92,134,21.18965,0.00007,19.83582,6.61855,258.7148,425.7285,1.6099,NORMAL,57,4.818861e-9,NASA_POWER_POINT_DAILY_PRECTOTCORR,FEM2D_CST_PLANE_STRAIN_V1,TA01_ASSUMPTION_RANGE,FEM_2D_REAL_LINEAL_NO_CALIBRADO
TA01-S0020,2021-01-30,11,0.091667,0.458333,1.1,RECTANGULAR_12H_ESTIMATED,210.23,30.174,21.316,2709.567,0.28,8.373958406739985e-7,0.74642,30.076,0.22862,92,134,21.18964,0.00008,19.83581,6.61855,258.7154,425.7284,1.6099,NORMAL,57,4.81795e-9,NASA_POWER_POINT_DAILY_PRECTOTCORR,FEM2D_CST_PLANE_STRAIN_V1,TA01_ASSUMPTION_RANGE,FEM_2D_REAL_LINEAL_NO_CALIBRADO
TA01-S0020,2021-01-30,12,0.091667,0.55,1.1,RECTANGULAR_12H_ESTIMATED,210.23,30.174,21.316,2709.567,0.28,8.373958406739985e-7,0.74642,30.076,0.22862,92,134,21.18963,0.0001,19.8358,6.61856,258.716,425.7283,1.6099,NORMAL,57,4.818043e-9,NASA_POWER_POINT_DAILY_PRECTOTCORR,FEM2D_CST_PLANE_STRAIN_V1,TA01_ASSUMPTION_RANGE,FEM_2D_REAL_LINEAL_NO_CALIBRADO
TA01-S0020,2021-01-30,13,0.091667,0.641667,1.1,RECTANGULAR_12H_ESTIMATED,210.23,30.174,21.316,2709.567,0.28,8.373958406739985e-7,0.74642,30.076,0.22862,92,134,21.18962,0.00012,19.83579,6.61856,258.7166,425.7283,1.6099,NORMAL,57,4.819791e-9,NASA_POWER_POINT_DAILY_PRECTOTCORR,FEM2D_CST_PLANE_STRAIN_V1,TA01_ASSUMPTION_RANGE,FEM_2D_REAL_LINEAL_NO_CALIBRADO
TA01-S0020,2021-01-30,14,0.091667,0.733333,1.1,RECTANGULAR_12H_ESTIMATED,210.23,30.174,21.316,2709.567,0.28,8.373958406739985e-7,0.74642,30.076,0.22862,92,134,21.18961,0.00013,19.83578,6.61857,258.7173,425.7282,1.6099,NORMAL,57,4.818101e-9,NASA_POWER_POINT_DAILY_PRECTOTCORR,FEM2D_CST_PLANE_STRAIN_V1,TA01_ASSUMPTION_RANGE,FEM_2D_REAL_LINEAL_NO_CALIBRADO
TA01-S0020,2021-01-30,15,0.091667,0.825,1.1,RECTANGULAR_12H_ESTIMATED,210.23,30.174,21.316,2709.567,0.28,8.373958406739985e-7,0.74642,30.076,0.22862,92,134,21.1896,0.00015,19.83577,6.61857,258.7179,425.7281,1.6099,NORMAL,57,4.820375e-9,NASA_POWER_POINT_DAILY_PRECTOTCORR,FEM2D_CST_PLANE_STRAIN_V1,TA01_ASSUMPTION_RANGE,FEM_2D_REAL_LINEAL_NO_CALIBRADO
TA01-S0020,2021-01-30,16,0.091667,0.916667,1.1,RECTANGULAR_12H_ESTIMATED,210.23,30.174,21.316,2709.567,0.28,8.373958406739985e-7,0.74642,30.076,0.22862,92,134,21.18959,0.00017,19.83576,6.61858,258.7185,425.728,1.6099,NORMAL,57,4.817647e-9,NASA_POWER_POINT_DAILY_PRECTOTCORR,FEM2D_CST_PLANE_STRAIN_V1,TA01_ASSUMPTION_RANGE,FEM_2D_REAL_LINEAL_NO_CALIBRADO
TA01-S0020,2021-01-30,17,0.091667,1.008333,1.1,RECTANGULAR_12H_ESTIMATED,210.23,30.174,21.316,2709.567,0.28,8.373958406739985e-7,0.74642,30.076,0.22862,92,134,21.18958,0.00018,19.83575,6.61859,258.7192,425.7279,1.6099,NORMAL,57,4.820971e-9,NASA_POWER_POINT_DAILY_PRECTOTCORR,FEM2D_CST_PLANE_STRAIN_V1,TA01_ASSUMPTION_RANGE,FEM_2D_REAL_LINEAL_NO_CALIBRADO
TA01-S0020,2021-01-30,18,0.091667,1.1,1.1,RECTANGULAR_12H_ESTIMATED,210.23,30.174,21.316,2709.567,0.28,8.373958406739985e-7,0.74642,30.076,0.22862,92,134,21.18957,0.0002,19.83574,6.61859,258.7198,425.7279,1.6099,NORMAL,56,9.526893e-9,NASA_POWER_POINT_DAILY_PRECTOTCORR,FEM2D_CST_PLANE_STRAIN_V1,TA01_ASSUMPTION_RANGE,FEM_2D_REAL_LINEAL_NO_CALIBRADO
TA01-S0020,2021-01-30,19,0,1.1,1.1,RECTANGULAR_12H_ESTIMATED,210.23,30.174,21.316,2709.567,0.28,8.373958406739985e-7,0.74642,30.076,0.22862,92,134,21.18957,0.0002,19.83574,6.61859,258.7198,425.7279,1.6099,NORMAL,56,9.526893e-9,NASA_POWER_POINT_DAILY_PRECTOTCORR,FEM2D_CST_PLANE_STRAIN_V1,TA01_ASSUMPTION_RANGE,FEM_2D_REAL_LINEAL_NO_CALIBRADO
TA01-S0020,2021-01-30,20,0,1.1,1.1,RECTANGULAR_12H_ESTIMATED,210.23,30.174,21.316,2709.567,0.28,8.373958406739985e-7,0.74642,30.076,0.22862,92,134,21.18957,0.0002,19.83574,6.61859,258.7198,425.7279,1.6099,NORMAL,56,9.526893e-9,NASA_POWER_POINT_DAILY_PRECTOTCORR,FEM2D_CST_PLANE_STRAIN_V1,TA01_ASSUMPTION_RANGE,FEM_2D_REAL_LINEAL_NO_CALIBRADO
TA01-S0020,2021-01-30,21,0,1.1,1.1,RECTANGULAR_12H_ESTIMATED,210.23,30.174,21.316,2709.567,0.28,8.373958406739985e-7,0.74642,30.076,0.22862,92,134,21.18957,0.0002,19.83574,6.61859,258.7198,425.7279,1.6099,NORMAL,56,9.526893e-9,NASA_POWER_POINT_DAILY_PRECTOTCORR,FEM2D_CST_PLANE_STRAIN_V1,TA01_ASSUMPTION_RANGE,FEM_2D_REAL_LINEAL_NO_CALIBRADO
TA01-S0020,2021-01-30,22,0,1.1,1.1,RECTANGULAR_12H_ESTIMATED,210.23,30.174,21.316,2709.567,0.28,8.373958406739985e-7,0.74642,30.076,0.22862,92,134,21.18957,0.0002,19.83574,6.61859,258.7198,425.7279,1.6099,NORMAL,56,9.526893e-9,NASA_POWER_POINT_DAILY_PRECTOTCORR,FEM2D_CST_PLANE_STRAIN_V1,TA01_ASSUMPTION_RANGE,FEM_2D_REAL_LINEAL_NO_CALIBRADO
TA01-S0020,2021-01-30,23,0,1.1,1.1,RECTANGULAR_12H_ESTIMATED,210.23,30.174,21.316,2709.567,0.28,8.373958406739985e-7,0.74642,30.076,0.22862,92,134,21.18957,0.0002,19.83574,6.61859,258.7198,425.7279,1.6099,NORMAL,56,9.526893e-9,NASA_POWER_POINT_DAILY_PRECTOTCORR,FEM2D_CST_PLANE_STRAIN_V1,TA01_ASSUMPTION_RANGE,FEM_2D_REAL_LINEAL_NO_CALIBRADO
TA01-S0020,2021-01-30,24,0,1.1,1.1,RECTANGULAR_12H_ESTIMATED,210.23,30.174,21.316,2709.567,0.28,8.373958406739985e-7,0.74642,30.076,0.22862,92,134,21.18957,0.0002,19.83574,6.61859,258.7198,425.7279,1.6099,NORMAL,56,9.526893e-9,NASA_POWER_POINT_DAILY_PRECTOTCORR,FEM2D_CST_PLANE_STRAIN_V1,TA01_ASSUMPTION_RANGE,FEM_2D_REAL_LINEAL_NO_CALIBRADO
TA01-S0021,2021-07-27,1,0,0,0,RECTANGULAR_24H_ESTIMATED,109.651,27.914,23.064,2345.694,0.28,2.041432150717988e-7,0.45272,13.138,0.24924,92,134,26.9866,0,25.27874,9.10918,92.5504,489.3905,1.0446,ALERTA,56,8.441256e-9,NASA_POWER_POINT_DAILY_PRECTOTCORR,FEM2D_CST_PLANE_STRAIN_V1,TA01_ASSUMPTION_RANGE,FEM_2D_REAL_LINEAL_NO_CALIBRADO
TA01-S0021,2021-07-27,2,0,0,0,RECTANGULAR_24H_ESTIMATED,109.651,27.914,23.064,2345.694,0.28,2.041432150717988e-7,0.45272,13.138,0.24924,92,134,26.9866,0,25.27874,9.10918,92.5504,489.3905,1.0446,ALERTA,56,8.441256e-9,NASA_POWER_POINT_DAILY_PRECTOTCORR,FEM2D_CST_PLANE_STRAIN_V1,TA01_ASSUMPTION_RANGE,FEM_2D_REAL_LINEAL_NO_CALIBRADO
TA01-S0021,2021-07-27,3,0,0,0,RECTANGULAR_24H_ESTIMATED,109.651,27.914,23.064,2345.694,0.28,2.041432150717988e-7,0.45272,13.138,0.24924,92,134,26.9866,0,25.27874,9.10918,92.5504,489.3905,1.0446,ALERTA,56,8.441256e-9,NASA_POWER_POINT_DAILY_PRECTOTCORR,FEM2D_CST_PLANE_STRAIN_V1,TA01_ASSUMPTION_RANGE,FEM_2D_REAL_LINEAL_NO_CALIBRADO
TA01-S0021,2021-07-27,4,0,0,0,RECTANGULAR_24H_ESTIMATED,109.651,27.914,23.064,2345.694,0.28,2.041432150717988e-7,0.45272,13.138,0.24924,92,134,26.9866,0,25.27874,9.10918,92.5504,489.3905,1.0446,ALERTA,56,8.441256e-9,NASA_POWER_POINT_DAILY_PRECTOTCORR,FEM2D_CST_PLANE_STRAIN_V1,TA01_ASSUMPTION_RANGE,FEM_2D_REAL_LINEAL_NO_CALIBRADO
TA01-S0021,2021-07-27,5,0,0,0,RECTANGULAR_24H_ESTIMATED,109.651,27.914,23.064,2345.694,0.28,2.041432150717988e-7,0.45272,13.138,0.24924,92,134,26.9866,0,25.27874,9.10918,92.5504,489.3905,1.0446,ALERTA,56,8.441256e-9,NASA_POWER_POINT_DAILY_PRECTOTCORR,FEM2D_CST_PLANE_STRAIN_V1,TA01_ASSUMPTION_RANGE,FEM_2D_REAL_LINEAL_NO_CALIBRADO
TA01-S0021,2021-07-27,6,0,0,0,RECTANGULAR_24H_ESTIMATED,109.651,27.914,23.064,2345.694,0.28,2.041432150717988e-7,0.45272,13.138,0.24924,92,134,26.9866,0,25.27874,9.10918,92.5504,489.3905,1.0446,ALERTA,56,8.441256e-9,NASA_POWER_POINT_DAILY_PRECTOTCORR,FEM2D_CST_PLANE_STRAIN_V1,TA01_ASSUMPTION_RANGE,FEM_2D_REAL_LINEAL_NO_CALIBRADO
TA01-S0021,2021-07-27,7,0,0,0,RECTANGULAR_24H_ESTIMATED,109.651,27.914,23.064,2345.694,0.28,2.041432150717988e-7,0.45272,13.138,0.24924,92,134,26.9866,0,25.27874,9.10918,92.5504,489.3905,1.0446,ALERTA,56,8.441256e-9,NASA_POWER_POINT_DAILY_PRECTOTCORR,FEM2D_CST_PLANE_STRAIN_V1,TA01_ASSUMPTION_RANGE,FEM_2D_REAL_LINEAL_NO_CALIBRADO
TA01-S0021,2021-07-27,8,0,0,0,RECTANGULAR_24H_ESTIMATED,109.651,27.914,23.064,2345.694,0.28,2.041432150717988e-7,0.45272,13.138,0.24924,92,134,26.9866,0,25.27874,9.10918,92.5504,489.3905,1.0446,ALERTA,56,8.441256e-9,NASA_POWER_POINT_DAILY_PRECTOTCORR,FEM2D_CST_PLANE_STRAIN_V1,TA01_ASSUMPTION_RANGE,FEM_2D_REAL_LINEAL_NO_CALIBRADO
TA01-S0021,2021-07-27,9,0,0,0,RECTANGULAR_24H_ESTIMATED,109.651,27.914,23.064,2345.694,0.28,2.041432150717988e-7,0.45272,13.138,0.24924,92,134,26.9866,0,25.27874,9.10918,92.5504,489.3905,1.0446,ALERTA,56,8.441256e-9,NASA_POWER_POINT_DAILY_PRECTOTCORR,FEM2D_CST_PLANE_STRAIN_V1,TA01_ASSUMPTION_RANGE,FEM_2D_REAL_LINEAL_NO_CALIBRADO
TA01-S0021,2021-07-27,10,0,0,0,RECTANGULAR_24H_ESTIMATED,109.651,27.914,23.064,2345.694,0.28,2.041432150717988e-7,0.45272,13.138,0.24924,92,134,26.9866,0,25.27874,9.10918,92.5504,489.3905,1.0446,ALERTA,56,8.441256e-9,NASA_POWER_POINT_DAILY_PRECTOTCORR,FEM2D_CST_PLANE_STRAIN_V1,TA01_ASSUMPTION_RANGE,FEM_2D_REAL_LINEAL_NO_CALIBRADO
TA01-S0021,2021-07-27,11,0,0,0,RECTANGULAR_24H_ESTIMATED,109.651,27.914,23.064,2345.694,0.28,2.041432150717988e-7,0.45272,13.138,0.24924,92,134,26.9866,0,25.27874,9.10918,92.5504,489.3905,1.0446,ALERTA,56,8.441256e-9,NASA_POWER_POINT_DAILY_PRECTOTCORR,FEM2D_CST_PLANE_STRAIN_V1,TA01_ASSUMPTION_RANGE,FEM_2D_REAL_LINEAL_NO_CALIBRADO
TA01-S0021,2021-07-27,12,0,0,0,RECTANGULAR_24H_ESTIMATED,109.651,27.914,23.064,2345.694,0.28,2.041432150717988e-7,0.45272,13.138,0.24924,92,134,26.9866,0,25.27874,9.10918,92.5504,489.3905,1.0446,ALERTA,56,8.441256e-9,NASA_POWER_POINT_DAILY_PRECTOTCORR,FEM2D_CST_PLANE_STRAIN_V1,TA01_ASSUMPTION_RANGE,FEM_2D_REAL_LINEAL_NO_CALIBRADO
TA01-S0021,2021-07-27,13,0,0,0,RECTANGULAR_24H_ESTIMATED,109.651,27.914,23.064,2345.694,0.28,2.041432150717988e-7,0.45272,13.138,0.24924,92,134,26.9866,0,25.27874,9.10918,92.5504,489.3905,1.0446,ALERTA,56,8.441256e-9,NASA_POWER_POINT_DAILY_PRECTOTCORR,FEM2D_CST_PLANE_STRAIN_V1,TA01_ASSUMPTION_RANGE,FEM_2D_REAL_LINEAL_NO_CALIBRADO
TA01-S0021,2021-07-27,14,0,0,0,RECTANGULAR_24H_ESTIMATED,109.651,27.914,23.064,2345.694,0.28,2.041432150717988e-7,0.45272,13.138,0.24924,92,134,26.9866,0,25.27874,9.10918,92.5504,489.3905,1.0446,ALERTA,56,8.441256e-9,NASA_POWER_POINT_DAILY_PRECTOTCORR,FEM2D_CST_PLANE_STRAIN_V1,TA01_ASSUMPTION_RANGE,FEM_2D_REAL_LINEAL_NO_CALIBRADO
TA01-S0021,2021-07-27,15,0,0,0,RECTANGULAR_24H_ESTIMATED,109.651,27.914,23.064,2345.694,0.28,2.041432150717988e-7,0.45272,13.138,0.24924,92,134,26.9866,0,25.27874,9.10918,92.5504,489.3905,1.0446,ALERTA,56,8.441256e-9,NASA_POWER_POINT_DAILY_PRECTOTCORR,FEM2D_CST_PLANE_STRAIN_V1,TA01_ASSUMPTION_RANGE,FEM_2D_REAL_LINEAL_NO_CALIBRADO
TA01-S0021,2021-07-27,16,0,0,0,RECTANGULAR_24H_ESTIMATED,109.651,27.914,23.064,2345.694,0.28,2.041432150717988e-7,0.45272,13.138,0.24924,92,134,26.9866,0,25.27874,9.10918,92.5504,489.3905,1.0446,ALERTA,56,8.441256e-9,NASA_POWER_POINT_DAILY_PRECTOTCORR,FEM2D_CST_PLANE_STRAIN_V1,TA01_ASSUMPTION_RANGE,FEM_2D_REAL_LINEAL_NO_CALIBRADO
TA01-S0021,2021-07-27,17,0,0,0,RECTANGULAR_24H_ESTIMATED,109.651,27.914,23.064,2345.694,0.28,2.041432150717988e-7,0.45272,13.138,0.24924,92,134,26.9866,0,25.27874,9.10918,92.5504,489.3905,1.0446,ALERTA,56,8.441256e-9,NASA_POWER_POINT_DAILY_PRECTOTCORR,FEM2D_CST_PLANE_STRAIN_V1,TA01_ASSUMPTION_RANGE,FEM_2D_REAL_LINEAL_NO_CALIBRADO
TA01-S0021,2021-07-27,18,0,0,0,RECTANGULAR_24H_ESTIMATED,109.651,27.914,23.064,2345.694,0.28,2.041432150717988e-7,0.45272,13.138,0.24924,92,134,26.9866,0,25.27874,9.10918,92.5504,489.3905,1.0446,ALERTA,56,8.441256e-9,NASA_POWER_POINT_DAILY_PRECTOTCORR,FEM2D_CST_PLANE_STRAIN_V1,TA01_ASSUMPTION_RANGE,FEM_2D_REAL_LINEAL_NO_CALIBRADO
TA01-S0021,2021-07-27,19,0,0,0,RECTANGULAR_24H_ESTIMATED,109.651,27.914,23.064,2345.694,0.28,2.041432150717988e-7,0.45272,13.138,0.24924,92,134,26.9866,0,25.27874,9.10918,92.5504,489.3905,1.0446,ALERTA,56,8.441256e-9,NASA_POWER_POINT_DAILY_PRECTOTCORR,FEM2D_CST_PLANE_STRAIN_V1,TA01_ASSUMPTION_RANGE,FEM_2D_REAL_LINEAL_NO_CALIBRADO
TA01-S0021,2021-07-27,20,0,0,0,RECTANGULAR_24H_ESTIMATED,109.651,27.914,23.064,2345.694,0.28,2.041432150717988e-7,0.45272,13.138,0.24924,92,134,26.9866,0,25.27874,9.10918,92.5504,489.3905,1.0446,ALERTA,56,8.441256e-9,NASA_POWER_POINT_DAILY_PRECTOTCORR,FEM2D_CST_PLANE_STRAIN_V1,TA01_ASSUMPTION_RANGE,FEM_2D_REAL_LINEAL_NO_CALIBRADO
TA01-S0021,2021-07-27,21,0,0,0,RECTANGULAR_24H_ESTIMATED,109.651,27.914,23.064,2345.694,0.28,2.041432150717988e-7,0.45272,13.138,0.24924,92,134,26.9866,0,25.27874,9.10918,92.5504,489.3905,1.0446,ALERTA,56,8.441256e-9,NASA_POWER_POINT_DAILY_PRECTOTCORR,FEM2D_CST_PLANE_STRAIN_V1,TA01_ASSUMPTION_RANGE,FEM_2D_REAL_LINEAL_NO_CALIBRADO
TA01-S0021,2021-07-27,22,0,0,0,RECTANGULAR_24H_ESTIMATED,109.651,27.914,23.064,2345.694,0.28,2.041432150717988e-7,0.45272,13.138,0.24924,92,134,26.9866,0,25.27874,9.10918,92.5504,489.3905,1.0446,ALERTA,56,8.441256e-9,NASA_POWER_POINT_DAILY_PRECTOTCORR,FEM2D_CST_PLANE_STRAIN_V1,TA01_ASSUMPTION_RANGE,FEM_2D_REAL_LINEAL_NO_CALIBRADO
TA01-S0021,2021-07-27,23,0,0,0,RECTANGULAR_24H_ESTIMATED,109.651,27.914,23.064,2345.694,0.28,2.041432150717988e-7,0.45272,13.138,0.24924,92,134,26.9866,0,25.27874,9.10918,92.5504,489.3905,1.0446,ALERTA,56,8.441256e-9,NASA_POWER_POINT_DAILY_PRECTOTCORR,FEM2D_CST_PLANE_STRAIN_V1,TA01_ASSUMPTION_RANGE,FEM_2D_REAL_LINEAL_NO_CALIBRADO
TA01-S0021,2021-07-27,24,0,0,0,RECTANGULAR_24H_ESTIMATED,109.651,27.914,23.064,2345.694,0.28,2.041432150717988e-7,0.45272,13.138,0.24924,92,134,26.9866,0,25.27874,9.10918,92.5504,489.3905,1.0446,ALERTA,56,8.441256e-9,NASA_POWER_POINT_DAILY_PRECTOTCORR,FEM2D_CST_PLANE_STRAIN_V1,TA01_ASSUMPTION_RANGE,FEM_2D_REAL_LINEAL_NO_CALIBRADO
TA01-S0022,2022-10-27,1,0,0,0,RECTANGULAR_24H_ESTIMATED,65.771,34.899,24.96,966.631,0.28,4.645615494651779e-8,0.49374,58.537,0.30672,92,134,65.01341,0,61.38039,35.96856,537.9146,428.2915,0.7188,CRITICO,57,9.130953e-9,NASA_POWER_POINT_DAILY_PRECTOTCORR,FEM2D_CST_PLANE_STRAIN_V1,TA01_ASSUMPTION_RANGE,FEM_2D_REAL_LINEAL_NO_CALIBRADO
TA01-S0022,2022-10-27,2,0,0,0,RECTANGULAR_24H_ESTIMATED,65.771,34.899,24.96,966.631,0.28,4.645615494651779e-8,0.49374,58.537,0.30672,92,134,65.01341,0,61.38039,35.96856,537.9146,428.2915,0.7188,CRITICO,57,9.130953e-9,NASA_POWER_POINT_DAILY_PRECTOTCORR,FEM2D_CST_PLANE_STRAIN_V1,TA01_ASSUMPTION_RANGE,FEM_2D_REAL_LINEAL_NO_CALIBRADO
TA01-S0022,2022-10-27,3,0,0,0,RECTANGULAR_24H_ESTIMATED,65.771,34.899,24.96,966.631,0.28,4.645615494651779e-8,0.49374,58.537,0.30672,92,134,65.01341,0,61.38039,35.96856,537.9146,428.2915,0.7188,CRITICO,57,9.130953e-9,NASA_POWER_POINT_DAILY_PRECTOTCORR,FEM2D_CST_PLANE_STRAIN_V1,TA01_ASSUMPTION_RANGE,FEM_2D_REAL_LINEAL_NO_CALIBRADO
TA01-S0022,2022-10-27,4,0,0,0,RECTANGULAR_24H_ESTIMATED,65.771,34.899,24.96,966.631,0.28,4.645615494651779e-8,0.49374,58.537,0.30672,92,134,65.01341,0,61.38039,35.96856,537.9146,428.2915,0.7188,CRITICO,57,9.130953e-9,NASA_POWER_POINT_DAILY_PRECTOTCORR,FEM2D_CST_PLANE_STRAIN_V1,TA01_ASSUMPTION_RANGE,FEM_2D_REAL_LINEAL_NO_CALIBRADO
TA01-S0022,2022-10-27,5,0,0,0,RECTANGULAR_24H_ESTIMATED,65.771,34.899,24.96,966.631,0.28,4.645615494651779e-8,0.49374,58.537,0.30672,92,134,65.01341,0,61.38039,35.96856,537.9146,428.2915,0.7188,CRITICO,57,9.130953e-9,NASA_POWER_POINT_DAILY_PRECTOTCORR,FEM2D_CST_PLANE_STRAIN_V1,TA01_ASSUMPTION_RANGE,FEM_2D_REAL_LINEAL_NO_CALIBRADO
TA01-S0022,2022-10-27,6,0,0,0,RECTANGULAR_24H_ESTIMATED,65.771,34.899,24.96,966.631,0.28,4.645615494651779e-8,0.49374,58.537,0.30672,92,134,65.01341,0,61.38039,35.96856,537.9146,428.2915,0.7188,CRITICO,57,9.130953e-9,NASA_POWER_POINT_DAILY_PRECTOTCORR,FEM2D_CST_PLANE_STRAIN_V1,TA01_ASSUMPTION_RANGE,FEM_2D_REAL_LINEAL_NO_CALIBRADO
TA01-S0022,2022-10-27,7,0,0,0,RECTANGULAR_24H_ESTIMATED,65.771,34.899,24.96,966.631,0.28,4.645615494651779e-8,0.49374,58.537,0.30672,92,134,65.01341,0,61.38039,35.96856,537.9146,428.2915,0.7188,CRITICO,57,9.130953e-9,NASA_POWER_POINT_DAILY_PRECTOTCORR,FEM2D_CST_PLANE_STRAIN_V1,TA01_ASSUMPTION_RANGE,FEM_2D_REAL_LINEAL_NO_CALIBRADO
TA01-S0022,2022-10-27,8,0,0,0,RECTANGULAR_24H_ESTIMATED,65.771,34.899,24.96,966.631,0.28,4.645615494651779e-8,0.49374,58.537,0.30672,92,134,65.01341,0,61.38039,35.96856,537.9146,428.2915,0.7188,CRITICO,57,9.130953e-9,NASA_POWER_POINT_DAILY_PRECTOTCORR,FEM2D_CST_PLANE_STRAIN_V1,TA01_ASSUMPTION_RANGE,FEM_2D_REAL_LINEAL_NO_CALIBRADO
TA01-S0022,2022-10-27,9,0,0,0,RECTANGULAR_24H_ESTIMATED,65.771,34.899,24.96,966.631,0.28,4.645615494651779e-8,0.49374,58.537,0.30672,92,134,65.01341,0,61.38039,35.96856,537.9146,428.2915,0.7188,CRITICO,57,9.130953e-9,NASA_POWER_POINT_DAILY_PRECTOTCORR,FEM2D_CST_PLANE_STRAIN_V1,TA01_ASSUMPTION_RANGE,FEM_2D_REAL_LINEAL_NO_CALIBRADO
TA01-S0022,2022-10-27,10,0,0,0,RECTANGULAR_24H_ESTIMATED,65.771,34.899,24.96,966.631,0.28,4.645615494651779e-8,0.49374,58.537,0.30672,92,134,65.01341,0,61.38039,35.96856,537.9146,428.2915,0.7188,CRITICO,57,9.130953e-9,NASA_POWER_POINT_DAILY_PRECTOTCORR,FEM2D_CST_PLANE_STRAIN_V1,TA01_ASSUMPTION_RANGE,FEM_2D_REAL_LINEAL_NO_CALIBRADO
TA01-S0022,2022-10-27,11,0,0,0,RECTANGULAR_24H_ESTIMATED,65.771,34.899,24.96,966.631,0.28,4.645615494651779e-8,0.49374,58.537,0.30672,92,134,65.01341,0,61.38039,35.96856,537.9146,428.2915,0.7188,CRITICO,57,9.130953e-9,NASA_POWER_POINT_DAILY_PRECTOTCORR,FEM2D_CST_PLANE_STRAIN_V1,TA01_ASSUMPTION_RANGE,FEM_2D_REAL_LINEAL_NO_CALIBRADO
TA01-S0022,2022-10-27,12,0,0,0,RECTANGULAR_24H_ESTIMATED,65.771,34.899,24.96,966.631,0.28,4.645615494651779e-8,0.49374,58.537,0.30672,92,134,65.01341,0,61.38039,35.96856,537.9146,428.2915,0.7188,CRITICO,57,9.130953e-9,NASA_POWER_POINT_DAILY_PRECTOTCORR,FEM2D_CST_PLANE_STRAIN_V1,TA01_ASSUMPTION_RANGE,FEM_2D_REAL_LINEAL_NO_CALIBRADO
TA01-S0022,2022-10-27,13,0,0,0,RECTANGULAR_24H_ESTIMATED,65.771,34.899,24.96,966.631,0.28,4.645615494651779e-8,0.49374,58.537,0.30672,92,134,65.01341,0,61.38039,35.96856,537.9146,428.2915,0.7188,CRITICO,57,9.130953e-9,NASA_POWER_POINT_DAILY_PRECTOTCORR,FEM2D_CST_PLANE_STRAIN_V1,TA01_ASSUMPTION_RANGE,FEM_2D_REAL_LINEAL_NO_CALIBRADO
TA01-S0022,2022-10-27,14,0,0,0,RECTANGULAR_24H_ESTIMATED,65.771,34.899,24.96,966.631,0.28,4.645615494651779e-8,0.49374,58.537,0.30672,92,134,65.01341,0,61.38039,35.96856,537.9146,428.2915,0.7188,CRITICO,57,9.130953e-9,NASA_POWER_POINT_DAILY_PRECTOTCORR,FEM2D_CST_PLANE_STRAIN_V1,TA01_ASSUMPTION_RANGE,FEM_2D_REAL_LINEAL_NO_CALIBRADO
TA01-S0022,2022-10-27,15,0,0,0,RECTANGULAR_24H_ESTIMATED,65.771,34.899,24.96,966.631,0.28,4.645615494651779e-8,0.49374,58.537,0.30672,92,134,65.01341,0,61.38039,35.96856,537.9146,428.2915,0.7188,CRITICO,57,9.130953e-9,NASA_POWER_POINT_DAILY_PRECTOTCORR,FEM2D_CST_PLANE_STRAIN_V1,TA01_ASSUMPTION_RANGE,FEM_2D_REAL_LINEAL_NO_CALIBRADO
TA01-S0022,2022-10-27,16,0,0,0,RECTANGULAR_24H_ESTIMATED,65.771,34.899,24.96,966.631,0.28,4.645615494651779e-8,0.49374,58.537,0.30672,92,134,65.01341,0,61.38039,35.96856,537.9146,428.2915,0.7188,CRITICO,57,9.130953e-9,NASA_POWER_POINT_DAILY_PRECTOTCORR,FEM2D_CST_PLANE_STRAIN_V1,TA01_ASSUMPTION_RANGE,FEM_2D_REAL_LINEAL_NO_CALIBRADO
TA01-S0022,2022-10-27,17,0,0,0,RECTANGULAR_24H_ESTIMATED,65.771,34.899,24.96,966.631,0.28,4.645615494651779e-8,0.49374,58.537,0.30672,92,134,65.01341,0,61.38039,35.96856,537.9146,428.2915,0.7188,CRITICO,57,9.130953e-9,NASA_POWER_POINT_DAILY_PRECTOTCORR,FEM2D_CST_PLANE_STRAIN_V1,TA01_ASSUMPTION_RANGE,FEM_2D_REAL_LINEAL_NO_CALIBRADO
TA01-S0022,2022-10-27,18,0,0,0,RECTANGULAR_24H_ESTIMATED,65.771,34.899,24.96,966.631,0.28,4.645615494651779e-8,0.49374,58.537,0.30672,92,134,65.01341,0,61.38039,35.96856,537.9146,428.2915,0.7188,CRITICO,57,9.130953e-9,NASA_POWER_POINT_DAILY_PRECTOTCORR,FEM2D_CST_PLANE_STRAIN_V1,TA01_ASSUMPTION_RANGE,FEM_2D_REAL_LINEAL_NO_CALIBRADO
TA01-S0022,2022-10-27,19,0,0,0,RECTANGULAR_24H_ESTIMATED,65.771,34.899,24.96,966.631,0.28,4.645615494651779e-8,0.49374,58.537,0.30672,92,134,65.01341,0,61.38039,35.96856,537.9146,428.2915,0.7188,CRITICO,57,9.130953e-9,NASA_POWER_POINT_DAILY_PRECTOTCORR,FEM2D_CST_PLANE_STRAIN_V1,TA01_ASSUMPTION_RANGE,FEM_2D_REAL_LINEAL_NO_CALIBRADO
TA01-S0022,2022-10-27,20,0,0,0,RECTANGULAR_24H_ESTIMATED,65.771,34.899,24.96,966.631,0.28,4.645615494651779e-8,0.49374,58.537,0.30672,92,134,65.01341,0,61.38039,35.96856,537.9146,428.2915,0.7188,CRITICO,57,9.130953e-9,NASA_POWER_POINT_DAILY_PRECTOTCORR,FEM2D_CST_PLANE_STRAIN_V1,TA01_ASSUMPTION_RANGE,FEM_2D_REAL_LINEAL_NO_CALIBRADO
TA01-S0022,2022-10-27,21,0,0,0,RECTANGULAR_24H_ESTIMATED,65.771,34.899,24.96,966.631,0.28,4.645615494651779e-8,0.49374,58.537,0.30672,92,134,65.01341,0,61.38039,35.96856,537.9146,428.2915,0.7188,CRITICO,57,9.130953e-9,NASA_POWER_POINT_DAILY_PRECTOTCORR,FEM2D_CST_PLANE_STRAIN_V1,TA01_ASSUMPTION_RANGE,FEM_2D_REAL_LINEAL_NO_CALIBRADO
TA01-S0022,2022-10-27,22,0,0,0,RECTANGULAR_24H_ESTIMATED,65.771,34.899,24.96,966.631,0.28,4.645615494651779e-8,0.49374,58.537,0.30672,92,134,65.01341,0,61.38039,35.96856,537.9146,428.2915,0.7188,CRITICO,57,9.130953e-9,NASA_POWER_POINT_DAILY_PRECTOTCORR,FEM2D_CST_PLANE_STRAIN_V1,TA01_ASSUMPTION_RANGE,FEM_2D_REAL_LINEAL_NO_CALIBRADO
TA01-S0022,2022-10-27,23,0,0,0,RECTANGULAR_24H_ESTIMATED,65.771,34.899,24.96,966.631,0.28,4.645615494651779e-8,0.49374,58.537,0.30672,92,134,65.01341,0,61.38039,35.96856,537.9146,428.2915,0.7188,CRITICO,57,9.130953e-9,NASA_POWER_POINT_DAILY_PRECTOTCORR,FEM2D_CST_PLANE_STRAIN_V1,TA01_ASSUMPTION_RANGE,FEM_2D_REAL_LINEAL_NO_CALIBRADO
TA01-S0022,2022-10-27,24,0,0,0,RECTANGULAR_24H_ESTIMATED,65.771,34.899,24.96,966.631,0.28,4.645615494651779e-8,0.49374,58.537,0.30672,92,134,65.01341,0,61.38039,35.96856,537.9146,428.2915,0.7188,CRITICO,57,9.130953e-9,NASA_POWER_POINT_DAILY_PRECTOTCORR,FEM2D_CST_PLANE_STRAIN_V1,TA01_ASSUMPTION_RANGE,FEM_2D_REAL_LINEAL_NO_CALIBRADO
TA01-S0023,2025-11-05,1,0,0,0.06,RECTANGULAR_12H_ESTIMATED,128.328,33.873,24.051,407.862,0.28,4.297559405681959e-10,0.16698,46.541,0.2088,92,134,154.25803,0,144.55139,66.56009,420.2339,449.0474,1.1652,VIGILANCIA,56,8.45259e-9,NASA_POWER_POINT_DAILY_PRECTOTCORR,FEM2D_CST_PLANE_STRAIN_V1,TA01_ASSUMPTION_RANGE,FEM_2D_REAL_LINEAL_NO_CALIBRADO
TA01-S0023,2025-11-05,2,0,0,0.06,RECTANGULAR_12H_ESTIMATED,128.328,33.873,24.051,407.862,0.28,4.297559405681959e-10,0.16698,46.541,0.2088,92,134,154.25803,0,144.55139,66.56009,420.2339,449.0474,1.1652,VIGILANCIA,56,8.45259e-9,NASA_POWER_POINT_DAILY_PRECTOTCORR,FEM2D_CST_PLANE_STRAIN_V1,TA01_ASSUMPTION_RANGE,FEM_2D_REAL_LINEAL_NO_CALIBRADO
TA01-S0023,2025-11-05,3,0,0,0.06,RECTANGULAR_12H_ESTIMATED,128.328,33.873,24.051,407.862,0.28,4.297559405681959e-10,0.16698,46.541,0.2088,92,134,154.25803,0,144.55139,66.56009,420.2339,449.0474,1.1652,VIGILANCIA,56,8.45259e-9,NASA_POWER_POINT_DAILY_PRECTOTCORR,FEM2D_CST_PLANE_STRAIN_V1,TA01_ASSUMPTION_RANGE,FEM_2D_REAL_LINEAL_NO_CALIBRADO
TA01-S0023,2025-11-05,4,0,0,0.06,RECTANGULAR_12H_ESTIMATED,128.328,33.873,24.051,407.862,0.28,4.297559405681959e-10,0.16698,46.541,0.2088,92,134,154.25803,0,144.55139,66.56009,420.2339,449.0474,1.1652,VIGILANCIA,56,8.45259e-9,NASA_POWER_POINT_DAILY_PRECTOTCORR,FEM2D_CST_PLANE_STRAIN_V1,TA01_ASSUMPTION_RANGE,FEM_2D_REAL_LINEAL_NO_CALIBRADO
TA01-S0023,2025-11-05,5,0,0,0.06,RECTANGULAR_12H_ESTIMATED,128.328,33.873,24.051,407.862,0.28,4.297559405681959e-10,0.16698,46.541,0.2088,92,134,154.25803,0,144.55139,66.56009,420.2339,449.0474,1.1652,VIGILANCIA,56,8.45259e-9,NASA_POWER_POINT_DAILY_PRECTOTCORR,FEM2D_CST_PLANE_STRAIN_V1,TA01_ASSUMPTION_RANGE,FEM_2D_REAL_LINEAL_NO_CALIBRADO
TA01-S0023,2025-11-05,6,0,0,0.06,RECTANGULAR_12H_ESTIMATED,128.328,33.873,24.051,407.862,0.28,4.297559405681959e-10,0.16698,46.541,0.2088,92,134,154.25803,0,144.55139,66.56009,420.2339,449.0474,1.1652,VIGILANCIA,56,8.45259e-9,NASA_POWER_POINT_DAILY_PRECTOTCORR,FEM2D_CST_PLANE_STRAIN_V1,TA01_ASSUMPTION_RANGE,FEM_2D_REAL_LINEAL_NO_CALIBRADO
TA01-S0023,2025-11-05,7,0.005,0.005,0.06,RECTANGULAR_12H_ESTIMATED,128.328,33.873,24.051,407.862,0.28,4.297559405681959e-10,0.16698,46.541,0.2088,92,134,154.25802,0.00001,144.55138,66.56009,420.2339,449.0474,1.1652,VIGILANCIA,56,8.452681e-9,NASA_POWER_POINT_DAILY_PRECTOTCORR,FEM2D_CST_PLANE_STRAIN_V1,TA01_ASSUMPTION_RANGE,FEM_2D_REAL_LINEAL_NO_CALIBRADO
TA01-S0023,2025-11-05,8,0.005,0.01,0.06,RECTANGULAR_12H_ESTIMATED,128.328,33.873,24.051,407.862,0.28,4.297559405681959e-10,0.16698,46.541,0.2088,92,134,154.25802,0.00002,144.55138,66.5601,420.234,449.0473,1.1652,VIGILANCIA,56,8.465108e-9,NASA_POWER_POINT_DAILY_PRECTOTCORR,FEM2D_CST_PLANE_STRAIN_V1,TA01_ASSUMPTION_RANGE,FEM_2D_REAL_LINEAL_NO_CALIBRADO
TA01-S0023,2025-11-05,9,0.005,0.015,0.06,RECTANGULAR_12H_ESTIMATED,128.328,33.873,24.051,407.862,0.28,4.297559405681959e-10,0.16698,46.541,0.2088,92,134,154.25801,0.00004,144.55137,66.56011,420.2341,449.0473,1.1652,VIGILANCIA,56,8.454391e-9,NASA_POWER_POINT_DAILY_PRECTOTCORR,FEM2D_CST_PLANE_STRAIN_V1,TA01_ASSUMPTION_RANGE,FEM_2D_REAL_LINEAL_NO_CALIBRADO
TA01-S0023,2025-11-05,10,0.005,0.02,0.06,RECTANGULAR_12H_ESTIMATED,128.328,33.873,24.051,407.862,0.28,4.297559405681959e-10,0.16698,46.541,0.2088,92,134,154.258,0.00005,144.55136,66.56011,420.2341,449.0473,1.1652,VIGILANCIA,56,8.661756e-9,NASA_POWER_POINT_DAILY_PRECTOTCORR,FEM2D_CST_PLANE_STRAIN_V1,TA01_ASSUMPTION_RANGE,FEM_2D_REAL_LINEAL_NO_CALIBRADO
TA01-S0023,2025-11-05,11,0.005,0.025,0.06,RECTANGULAR_12H_ESTIMATED,128.328,33.873,24.051,407.862,0.28,4.297559405681959e-10,0.16698,46.541,0.2088,92,134,154.25799,0.00006,144.55136,66.56012,420.2342,449.0473,1.1652,VIGILANCIA,56,8.480957e-9,NASA_POWER_POINT_DAILY_PRECTOTCORR,FEM2D_CST_PLANE_STRAIN_V1,TA01_ASSUMPTION_RANGE,FEM_2D_REAL_LINEAL_NO_CALIBRADO
TA01-S0023,2025-11-05,12,0.005,0.03,0.06,RECTANGULAR_12H_ESTIMATED,128.328,33.873,24.051,407.862,0.28,4.297559405681959e-10,0.16698,46.541,0.2088,92,134,154.25799,0.00007,144.55135,66.56013,420.2343,449.0473,1.1652,VIGILANCIA,56,8.462821e-9,NASA_POWER_POINT_DAILY_PRECTOTCORR,FEM2D_CST_PLANE_STRAIN_V1,TA01_ASSUMPTION_RANGE,FEM_2D_REAL_LINEAL_NO_CALIBRADO
TA01-S0023,2025-11-05,13,0.005,0.035,0.06,RECTANGULAR_12H_ESTIMATED,128.328,33.873,24.051,407.862,0.28,4.297559405681959e-10,0.16698,46.541,0.2088,92,134,154.25798,0.00008,144.55135,66.56013,420.2344,449.0473,1.1652,VIGILANCIA,56,8.449837e-9,NASA_POWER_POINT_DAILY_PRECTOTCORR,FEM2D_CST_PLANE_STRAIN_V1,TA01_ASSUMPTION_RANGE,FEM_2D_REAL_LINEAL_NO_CALIBRADO
TA01-S0023,2025-11-05,14,0.005,0.04,0.06,RECTANGULAR_12H_ESTIMATED,128.328,33.873,24.051,407.862,0.28,4.297559405681959e-10,0.16698,46.541,0.2088,92,134,154.25797,0.0001,144.55134,66.56014,420.2344,449.0473,1.1652,VIGILANCIA,56,8.448155e-9,NASA_POWER_POINT_DAILY_PRECTOTCORR,FEM2D_CST_PLANE_STRAIN_V1,TA01_ASSUMPTION_RANGE,FEM_2D_REAL_LINEAL_NO_CALIBRADO
TA01-S0023,2025-11-05,15,0.005,0.045,0.06,RECTANGULAR_12H_ESTIMATED,128.328,33.873,24.051,407.862,0.28,4.297559405681959e-10,0.16698,46.541,0.2088,92,134,154.25796,0.00011,144.55133,66.56014,420.2345,449.0473,1.1652,VIGILANCIA,56,8.44839e-9,NASA_POWER_POINT_DAILY_PRECTOTCORR,FEM2D_CST_PLANE_STRAIN_V1,TA01_ASSUMPTION_RANGE,FEM_2D_REAL_LINEAL_NO_CALIBRADO
TA01-S0023,2025-11-05,16,0.005,0.05,0.06,RECTANGULAR_12H_ESTIMATED,128.328,33.873,24.051,407.862,0.28,4.297559405681959e-10,0.16698,46.541,0.2088,92,134,154.25796,0.00012,144.55133,66.56015,420.2346,449.0473,1.1652,VIGILANCIA,56,8.454024e-9,NASA_POWER_POINT_DAILY_PRECTOTCORR,FEM2D_CST_PLANE_STRAIN_V1,TA01_ASSUMPTION_RANGE,FEM_2D_REAL_LINEAL_NO_CALIBRADO
TA01-S0023,2025-11-05,17,0.005,0.055,0.06,RECTANGULAR_12H_ESTIMATED,128.328,33.873,24.051,407.862,0.28,4.297559405681959e-10,0.16698,46.541,0.2088,92,134,154.25795,0.00013,144.55132,66.56016,420.2346,449.0473,1.1652,VIGILANCIA,56,8.453868e-9,NASA_POWER_POINT_DAILY_PRECTOTCORR,FEM2D_CST_PLANE_STRAIN_V1,TA01_ASSUMPTION_RANGE,FEM_2D_REAL_LINEAL_NO_CALIBRADO
TA01-S0023,2025-11-05,18,0.005,0.06,0.06,RECTANGULAR_12H_ESTIMATED,128.328,33.873,24.051,407.862,0.28,4.297559405681959e-10,0.16698,46.541,0.2088,92,134,154.25794,0.00014,144.55131,66.56016,420.2347,449.0473,1.1652,VIGILANCIA,56,8.524094e-9,NASA_POWER_POINT_DAILY_PRECTOTCORR,FEM2D_CST_PLANE_STRAIN_V1,TA01_ASSUMPTION_RANGE,FEM_2D_REAL_LINEAL_NO_CALIBRADO
TA01-S0023,2025-11-05,19,0,0.06,0.06,RECTANGULAR_12H_ESTIMATED,128.328,33.873,24.051,407.862,0.28,4.297559405681959e-10,0.16698,46.541,0.2088,92,134,154.25794,0.00014,144.55131,66.56016,420.2347,449.0473,1.1652,VIGILANCIA,56,8.524094e-9,NASA_POWER_POINT_DAILY_PRECTOTCORR,FEM2D_CST_PLANE_STRAIN_V1,TA01_ASSUMPTION_RANGE,FEM_2D_REAL_LINEAL_NO_CALIBRADO
TA01-S0023,2025-11-05,20,0,0.06,0.06,RECTANGULAR_12H_ESTIMATED,128.328,33.873,24.051,407.862,0.28,4.297559405681959e-10,0.16698,46.541,0.2088,92,134,154.25794,0.00014,144.55131,66.56016,420.2347,449.0473,1.1652,VIGILANCIA,56,8.524094e-9,NASA_POWER_POINT_DAILY_PRECTOTCORR,FEM2D_CST_PLANE_STRAIN_V1,TA01_ASSUMPTION_RANGE,FEM_2D_REAL_LINEAL_NO_CALIBRADO
TA01-S0023,2025-11-05,21,0,0.06,0.06,RECTANGULAR_12H_ESTIMATED,128.328,33.873,24.051,407.862,0.28,4.297559405681959e-10,0.16698,46.541,0.2088,92,134,154.25794,0.00014,144.55131,66.56016,420.2347,449.0473,1.1652,VIGILANCIA,56,8.524094e-9,NASA_POWER_POINT_DAILY_PRECTOTCORR,FEM2D_CST_PLANE_STRAIN_V1,TA01_ASSUMPTION_RANGE,FEM_2D_REAL_LINEAL_NO_CALIBRADO
TA01-S0023,2025-11-05,22,0,0.06,0.06,RECTANGULAR_12H_ESTIMATED,128.328,33.873,24.051,407.862,0.28,4.297559405681959e-10,0.16698,46.541,0.2088,92,134,154.25794,0.00014,144.55131,66.56016,420.2347,449.0473,1.1652,VIGILANCIA,56,8.524094e-9,NASA_POWER_POINT_DAILY_PRECTOTCORR,FEM2D_CST_PLANE_STRAIN_V1,TA01_ASSUMPTION_RANGE,FEM_2D_REAL_LINEAL_NO_CALIBRADO
TA01-S0023,2025-11-05,23,0,0.06,0.06,RECTANGULAR_12H_ESTIMATED,128.328,33.873,24.051,407.862,0.28,4.297559405681959e-10,0.16698,46.541,0.2088,92,134,154.25794,0.00014,144.55131,66.56016,420.2347,449.0473,1.1652,VIGILANCIA,56,8.524094e-9,NASA_POWER_POINT_DAILY_PRECTOTCORR,FEM2D_CST_PLANE_STRAIN_V1,TA01_ASSUMPTION_RANGE,FEM_2D_REAL_LINEAL_NO_CALIBRADO
TA01-S0023,2025-11-05,24,0,0.06,0.06,RECTANGULAR_12H_ESTIMATED,128.328,33.873,24.051,407.862,0.28,4.297559405681959e-10,0.16698,46.541,0.2088,92,134,154.25794,0.00014,144.55131,66.56016,420.2347,449.0473,1.1652,VIGILANCIA,56,8.524094e-9,NASA_POWER_POINT_DAILY_PRECTOTCORR,FEM2D_CST_PLANE_STRAIN_V1,TA01_ASSUMPTION_RANGE,FEM_2D_REAL_LINEAL_NO_CALIBRADO
TA01-S0024,2020-01-06,1,0,0,0,RECTANGULAR_24H_ESTIMATED,114.125,31.259,23.686,2855.491,0.28,3.2026489669864054e-8,0.71195,51.138,0.16347,92,134,21.38936,0,20.08298,10.3585,465.3304,424.195,1.0265,ALERTA,57,8.631521e-9,NASA_POWER_POINT_DAILY_PRECTOTCORR,FEM2D_CST_PLANE_STRAIN_V1,TA01_ASSUMPTION_RANGE,FEM_2D_REAL_LINEAL_NO_CALIBRADO
TA01-S0024,2020-01-06,2,0,0,0,RECTANGULAR_24H_ESTIMATED,114.125,31.259,23.686,2855.491,0.28,3.2026489669864054e-8,0.71195,51.138,0.16347,92,134,21.38936,0,20.08298,10.3585,465.3304,424.195,1.0265,ALERTA,57,8.631521e-9,NASA_POWER_POINT_DAILY_PRECTOTCORR,FEM2D_CST_PLANE_STRAIN_V1,TA01_ASSUMPTION_RANGE,FEM_2D_REAL_LINEAL_NO_CALIBRADO
TA01-S0024,2020-01-06,3,0,0,0,RECTANGULAR_24H_ESTIMATED,114.125,31.259,23.686,2855.491,0.28,3.2026489669864054e-8,0.71195,51.138,0.16347,92,134,21.38936,0,20.08298,10.3585,465.3304,424.195,1.0265,ALERTA,57,8.631521e-9,NASA_POWER_POINT_DAILY_PRECTOTCORR,FEM2D_CST_PLANE_STRAIN_V1,TA01_ASSUMPTION_RANGE,FEM_2D_REAL_LINEAL_NO_CALIBRADO
TA01-S0024,2020-01-06,4,0,0,0,RECTANGULAR_24H_ESTIMATED,114.125,31.259,23.686,2855.491,0.28,3.2026489669864054e-8,0.71195,51.138,0.16347,92,134,21.38936,0,20.08298,10.3585,465.3304,424.195,1.0265,ALERTA,57,8.631521e-9,NASA_POWER_POINT_DAILY_PRECTOTCORR,FEM2D_CST_PLANE_STRAIN_V1,TA01_ASSUMPTION_RANGE,FEM_2D_REAL_LINEAL_NO_CALIBRADO
TA01-S0024,2020-01-06,5,0,0,0,RECTANGULAR_24H_ESTIMATED,114.125,31.259,23.686,2855.491,0.28,3.2026489669864054e-8,0.71195,51.138,0.16347,92,134,21.38936,0,20.08298,10.3585,465.3304,424.195,1.0265,ALERTA,57,8.631521e-9,NASA_POWER_POINT_DAILY_PRECTOTCORR,FEM2D_CST_PLANE_STRAIN_V1,TA01_ASSUMPTION_RANGE,FEM_2D_REAL_LINEAL_NO_CALIBRADO
TA01-S0024,2020-01-06,6,0,0,0,RECTANGULAR_24H_ESTIMATED,114.125,31.259,23.686,2855.491,0.28,3.2026489669864054e-8,0.71195,51.138,0.16347,92,134,21.38936,0,20.08298,10.3585,465.3304,424.195,1.0265,ALERTA,57,8.631521e-9,NASA_POWER_POINT_DAILY_PRECTOTCORR,FEM2D_CST_PLANE_STRAIN_V1,TA01_ASSUMPTION_RANGE,FEM_2D_REAL_LINEAL_NO_CALIBRADO
TA01-S0024,2020-01-06,7,0,0,0,RECTANGULAR_24H_ESTIMATED,114.125,31.259,23.686,2855.491,0.28,3.2026489669864054e-8,0.71195,51.138,0.16347,92,134,21.38936,0,20.08298,10.3585,465.3304,424.195,1.0265,ALERTA,57,8.631521e-9,NASA_POWER_POINT_DAILY_PRECTOTCORR,FEM2D_CST_PLANE_STRAIN_V1,TA01_ASSUMPTION_RANGE,FEM_2D_REAL_LINEAL_NO_CALIBRADO
TA01-S0024,2020-01-06,8,0,0,0,RECTANGULAR_24H_ESTIMATED,114.125,31.259,23.686,2855.491,0.28,3.2026489669864054e-8,0.71195,51.138,0.16347,92,134,21.38936,0,20.08298,10.3585,465.3304,424.195,1.0265,ALERTA,57,8.631521e-9,NASA_POWER_POINT_DAILY_PRECTOTCORR,FEM2D_CST_PLANE_STRAIN_V1,TA01_ASSUMPTION_RANGE,FEM_2D_REAL_LINEAL_NO_CALIBRADO
TA01-S0024,2020-01-06,9,0,0,0,RECTANGULAR_24H_ESTIMATED,114.125,31.259,23.686,2855.491,0.28,3.2026489669864054e-8,0.71195,51.138,0.16347,92,134,21.38936,0,20.08298,10.3585,465.3304,424.195,1.0265,ALERTA,57,8.631521e-9,NASA_POWER_POINT_DAILY_PRECTOTCORR,FEM2D_CST_PLANE_STRAIN_V1,TA01_ASSUMPTION_RANGE,FEM_2D_REAL_LINEAL_NO_CALIBRADO
TA01-S0024,2020-01-06,10,0,0,0,RECTANGULAR_24H_ESTIMATED,114.125,31.259,23.686,2855.491,0.28,3.2026489669864054e-8,0.71195,51.138,0.16347,92,134,21.38936,0,20.08298,10.3585,465.3304,424.195,1.0265,ALERTA,57,8.631521e-9,NASA_POWER_POINT_DAILY_PRECTOTCORR,FEM2D_CST_PLANE_STRAIN_V1,TA01_ASSUMPTION_RANGE,FEM_2D_REAL_LINEAL_NO_CALIBRADO
TA01-S0024,2020-01-06,11,0,0,0,RECTANGULAR_24H_ESTIMATED,114.125,31.259,23.686,2855.491,0.28,3.2026489669864054e-8,0.71195,51.138,0.16347,92,134,21.38936,0,20.08298,10.3585,465.3304,424.195,1.0265,ALERTA,57,8.631521e-9,NASA_POWER_POINT_DAILY_PRECTOTCORR,FEM2D_CST_PLANE_STRAIN_V1,TA01_ASSUMPTION_RANGE,FEM_2D_REAL_LINEAL_NO_CALIBRADO
TA01-S0024,2020-01-06,12,0,0,0,RECTANGULAR_24H_ESTIMATED,114.125,31.259,23.686,2855.491,0.28,3.2026489669864054e-8,0.71195,51.138,0.16347,92,134,21.38936,0,20.08298,10.3585,465.3304,424.195,1.0265,ALERTA,57,8.631521e-9,NASA_POWER_POINT_DAILY_PRECTOTCORR,FEM2D_CST_PLANE_STRAIN_V1,TA01_ASSUMPTION_RANGE,FEM_2D_REAL_LINEAL_NO_CALIBRADO
TA01-S0024,2020-01-06,13,0,0,0,RECTANGULAR_24H_ESTIMATED,114.125,31.259,23.686,2855.491,0.28,3.2026489669864054e-8,0.71195,51.138,0.16347,92,134,21.38936,0,20.08298,10.3585,465.3304,424.195,1.0265,ALERTA,57,8.631521e-9,NASA_POWER_POINT_DAILY_PRECTOTCORR,FEM2D_CST_PLANE_STRAIN_V1,TA01_ASSUMPTION_RANGE,FEM_2D_REAL_LINEAL_NO_CALIBRADO
TA01-S0024,2020-01-06,14,0,0,0,RECTANGULAR_24H_ESTIMATED,114.125,31.259,23.686,2855.491,0.28,3.2026489669864054e-8,0.71195,51.138,0.16347,92,134,21.38936,0,20.08298,10.3585,465.3304,424.195,1.0265,ALERTA,57,8.631521e-9,NASA_POWER_POINT_DAILY_PRECTOTCORR,FEM2D_CST_PLANE_STRAIN_V1,TA01_ASSUMPTION_RANGE,FEM_2D_REAL_LINEAL_NO_CALIBRADO
TA01-S0024,2020-01-06,15,0,0,0,RECTANGULAR_24H_ESTIMATED,114.125,31.259,23.686,2855.491,0.28,3.2026489669864054e-8,0.71195,51.138,0.16347,92,134,21.38936,0,20.08298,10.3585,465.3304,424.195,1.0265,ALERTA,57,8.631521e-9,NASA_POWER_POINT_DAILY_PRECTOTCORR,FEM2D_CST_PLANE_STRAIN_V1,TA01_ASSUMPTION_RANGE,FEM_2D_REAL_LINEAL_NO_CALIBRADO
TA01-S0024,2020-01-06,16,0,0,0,RECTANGULAR_24H_ESTIMATED,114.125,31.259,23.686,2855.491,0.28,3.2026489669864054e-8,0.71195,51.138,0.16347,92,134,21.38936,0,20.08298,10.3585,465.3304,424.195,1.0265,ALERTA,57,8.631521e-9,NASA_POWER_POINT_DAILY_PRECTOTCORR,FEM2D_CST_PLANE_STRAIN_V1,TA01_ASSUMPTION_RANGE,FEM_2D_REAL_LINEAL_NO_CALIBRADO
TA01-S0024,2020-01-06,17,0,0,0,RECTANGULAR_24H_ESTIMATED,114.125,31.259,23.686,2855.491,0.28,3.2026489669864054e-8,0.71195,51.138,0.16347,92,134,21.38936,0,20.08298,10.3585,465.3304,424.195,1.0265,ALERTA,57,8.631521e-9,NASA_POWER_POINT_DAILY_PRECTOTCORR,FEM2D_CST_PLANE_STRAIN_V1,TA01_ASSUMPTION_RANGE,FEM_2D_REAL_LINEAL_NO_CALIBRADO
TA01-S0024,2020-01-06,18,0,0,0,RECTANGULAR_24H_ESTIMATED,114.125,31.259,23.686,2855.491,0.28,3.2026489669864054e-8,0.71195,51.138,0.16347,92,134,21.38936,0,20.08298,10.3585,465.3304,424.195,1.0265,ALERTA,57,8.631521e-9,NASA_POWER_POINT_DAILY_PRECTOTCORR,FEM2D_CST_PLANE_STRAIN_V1,TA01_ASSUMPTION_RANGE,FEM_2D_REAL_LINEAL_NO_CALIBRADO
TA01-S0024,2020-01-06,19,0,0,0,RECTANGULAR_24H_ESTIMATED,114.125,31.259,23.686,2855.491,0.28,3.2026489669864054e-8,0.71195,51.138,0.16347,92,134,21.38936,0,20.08298,10.3585,465.3304,424.195,1.0265,ALERTA,57,8.631521e-9,NASA_POWER_POINT_DAILY_PRECTOTCORR,FEM2D_CST_PLANE_STRAIN_V1,TA01_ASSUMPTION_RANGE,FEM_2D_REAL_LINEAL_NO_CALIBRADO
TA01-S0024,2020-01-06,20,0,0,0,RECTANGULAR_24H_ESTIMATED,114.125,31.259,23.686,2855.491,0.28,3.2026489669864054e-8,0.71195,51.138,0.16347,92,134,21.38936,0,20.08298,10.3585,465.3304,424.195,1.0265,ALERTA,57,8.631521e-9,NASA_POWER_POINT_DAILY_PRECTOTCORR,FEM2D_CST_PLANE_STRAIN_V1,TA01_ASSUMPTION_RANGE,FEM_2D_REAL_LINEAL_NO_CALIBRADO
TA01-S0024,2020-01-06,21,0,0,0,RECTANGULAR_24H_ESTIMATED,114.125,31.259,23.686,2855.491,0.28,3.2026489669864054e-8,0.71195,51.138,0.16347,92,134,21.38936,0,20.08298,10.3585,465.3304,424.195,1.0265,ALERTA,57,8.631521e-9,NASA_POWER_POINT_DAILY_PRECTOTCORR,FEM2D_CST_PLANE_STRAIN_V1,TA01_ASSUMPTION_RANGE,FEM_2D_REAL_LINEAL_NO_CALIBRADO
TA01-S0024,2020-01-06,22,0,0,0,RECTANGULAR_24H_ESTIMATED,114.125,31.259,23.686,2855.491,0.28,3.2026489669864054e-8,0.71195,51.138,0.16347,92,134,21.38936,0,20.08298,10.3585,465.3304,424.195,1.0265,ALERTA,57,8.631521e-9,NASA_POWER_POINT_DAILY_PRECTOTCORR,FEM2D_CST_PLANE_STRAIN_V1,TA01_ASSUMPTION_RANGE,FEM_2D_REAL_LINEAL_NO_CALIBRADO
TA01-S0024,2020-01-06,23,0,0,0,RECTANGULAR_24H_ESTIMATED,114.125,31.259,23.686,2855.491,0.28,3.2026489669864054e-8,0.71195,51.138,0.16347,92,134,21.38936,0,20.08298,10.3585,465.3304,424.195,1.0265,ALERTA,57,8.631521e-9,NASA_POWER_POINT_DAILY_PRECTOTCORR,FEM2D_CST_PLANE_STRAIN_V1,TA01_ASSUMPTION_RANGE,FEM_2D_REAL_LINEAL_NO_CALIBRADO
TA01-S0024,2020-01-06,24,0,0,0,RECTANGULAR_24H_ESTIMATED,114.125,31.259,23.686,2855.491,0.28,3.2026489669864054e-8,0.71195,51.138,0.16347,92,134,21.38936,0,20.08298,10.3585,465.3304,424.195,1.0265,ALERTA,57,8.631521e-9,NASA_POWER_POINT_DAILY_PRECTOTCORR,FEM2D_CST_PLANE_STRAIN_V1,TA01_ASSUMPTION_RANGE,FEM_2D_REAL_LINEAL_NO_CALIBRADO
